/home/lauter/venvs/cof-landscaper/lib/python3.12/site-packages/e3nn/o3/_wigner.py:10: UserWarning: Environment variable TORCH_FORCE_NO_WEIGHTS_ONLY_LOAD detected, since the`weights_only` argument was not explicitly passed to `torch.load`, forcing weights_only=False.
  _Jd, _W3j_flat, _W3j_indices = torch.load(os.path.join(os.path.dirname(__file__), 'constants.pt'))
/home/lauter/venvs/cof-landscaper/lib/python3.12/site-packages/scipy/_lib/_util.py:1181: RuntimeWarning: logm result may be inaccurate, approximate err = 3.361359948003292e-13
  return f(*arrays, *other_args, **kwargs)
/home/lauter/venvs/cof-landscaper/lib/python3.12/site-packages/scipy/_lib/_util.py:1181: RuntimeWarning: logm result may be inaccurate, approximate err = 3.338814365704833e-13
  return f(*arrays, *other_args, **kwargs)
/home/lauter/venvs/cof-landscaper/lib/python3.12/site-packages/scipy/_lib/_util.py:1181: RuntimeWarning: logm result may be inaccurate, approximate err = 3.365136379750109e-13
  return f(*arrays, *other_args, **kwargs)
/home/lauter/venvs/cof-landscaper/lib/python3.12/site-packages/scipy/_lib/_util.py:1181: RuntimeWarning: logm result may be inaccurate, approximate err = 3.3375036494392483e-13
  return f(*arrays, *other_args, **kwargs)
/home/lauter/venvs/cof-landscaper/lib/python3.12/site-packages/scipy/_lib/_util.py:1181: RuntimeWarning: logm result may be inaccurate, approximate err = 3.3363505385906357e-13
  return f(*arrays, *other_args, **kwargs)
/home/lauter/venvs/cof-landscaper/lib/python3.12/site-packages/scipy/_lib/_util.py:1181: RuntimeWarning: logm result may be inaccurate, approximate err = 3.3665603523562517e-13
  return f(*arrays, *other_args, **kwargs)
/home/lauter/venvs/cof-landscaper/lib/python3.12/site-packages/scipy/_lib/_util.py:1181: RuntimeWarning: logm result may be inaccurate, approximate err = 3.3082385746396596e-13
  return f(*arrays, *other_args, **kwargs)
/home/lauter/venvs/cof-landscaper/lib/python3.12/site-packages/scipy/_lib/_util.py:1181: RuntimeWarning: logm result may be inaccurate, approximate err = 3.3785774300187127e-13
  return f(*arrays, *other_args, **kwargs)
/home/lauter/venvs/cof-landscaper/lib/python3.12/site-packages/scipy/_lib/_util.py:1181: RuntimeWarning: logm result may be inaccurate, approximate err = 3.3197626879001e-13
  return f(*arrays, *other_args, **kwargs)
/home/lauter/venvs/cof-landscaper/lib/python3.12/site-packages/scipy/_lib/_util.py:1181: RuntimeWarning: logm result may be inaccurate, approximate err = 3.3568322534467373e-13
  return f(*arrays, *other_args, **kwargs)
/home/lauter/venvs/cof-landscaper/lib/python3.12/site-packages/scipy/_lib/_util.py:1181: RuntimeWarning: logm result may be inaccurate, approximate err = 3.394740956333588e-13
  return f(*arrays, *other_args, **kwargs)
/home/lauter/venvs/cof-landscaper/lib/python3.12/site-packages/scipy/_lib/_util.py:1181: RuntimeWarning: logm result may be inaccurate, approximate err = 3.34870683016499e-13
  return f(*arrays, *other_args, **kwargs)
/home/lauter/venvs/cof-landscaper/lib/python3.12/site-packages/scipy/_lib/_util.py:1181: RuntimeWarning: logm result may be inaccurate, approximate err = 3.356493413702268e-13
  return f(*arrays, *other_args, **kwargs)
/home/lauter/venvs/cof-landscaper/lib/python3.12/site-packages/scipy/_lib/_util.py:1181: RuntimeWarning: logm result may be inaccurate, approximate err = 3.352246305031251e-13
  return f(*arrays, *other_args, **kwargs)
/home/lauter/venvs/cof-landscaper/lib/python3.12/site-packages/scipy/_lib/_util.py:1181: RuntimeWarning: logm result may be inaccurate, approximate err = 3.3336495979716386e-13
  return f(*arrays, *other_args, **kwargs)
/home/lauter/venvs/cof-landscaper/lib/python3.12/site-packages/scipy/_lib/_util.py:1181: RuntimeWarning: logm result may be inaccurate, approximate err = 3.3622807384170094e-13
  return f(*arrays, *other_args, **kwargs)
/home/lauter/venvs/cof-landscaper/lib/python3.12/site-packages/scipy/_lib/_util.py:1181: RuntimeWarning: logm result may be inaccurate, approximate err = 3.34204522141514e-13
  return f(*arrays, *other_args, **kwargs)
/home/lauter/venvs/cof-landscaper/lib/python3.12/site-packages/scipy/_lib/_util.py:1181: RuntimeWarning: logm result may be inaccurate, approximate err = 3.3843141128843865e-13
  return f(*arrays, *other_args, **kwargs)
/home/lauter/venvs/cof-landscaper/lib/python3.12/site-packages/scipy/_lib/_util.py:1181: RuntimeWarning: logm result may be inaccurate, approximate err = 3.3695373382637577e-13
  return f(*arrays, *other_args, **kwargs)
/home/lauter/venvs/cof-landscaper/lib/python3.12/site-packages/scipy/_lib/_util.py:1181: RuntimeWarning: logm result may be inaccurate, approximate err = 3.386638398299643e-13
  return f(*arrays, *other_args, **kwargs)
/home/lauter/venvs/cof-landscaper/lib/python3.12/site-packages/scipy/_lib/_util.py:1181: RuntimeWarning: logm result may be inaccurate, approximate err = 3.403319810256755e-13
  return f(*arrays, *other_args, **kwargs)
/home/lauter/venvs/cof-landscaper/lib/python3.12/site-packages/scipy/_lib/_util.py:1181: RuntimeWarning: logm result may be inaccurate, approximate err = 3.420015264227838e-13
  return f(*arrays, *other_args, **kwargs)
/home/lauter/venvs/cof-landscaper/lib/python3.12/site-packages/scipy/_lib/_util.py:1181: RuntimeWarning: logm result may be inaccurate, approximate err = 3.322794259565608e-13
  return f(*arrays, *other_args, **kwargs)
/home/lauter/venvs/cof-landscaper/lib/python3.12/site-packages/scipy/_lib/_util.py:1181: RuntimeWarning: logm result may be inaccurate, approximate err = 3.3540871518573645e-13
  return f(*arrays, *other_args, **kwargs)
/home/lauter/venvs/cof-landscaper/lib/python3.12/site-packages/scipy/_lib/_util.py:1181: RuntimeWarning: logm result may be inaccurate, approximate err = 3.3611599123797884e-13
  return f(*arrays, *other_args, **kwargs)
/home/lauter/venvs/cof-landscaper/lib/python3.12/site-packages/scipy/_lib/_util.py:1181: RuntimeWarning: logm result may be inaccurate, approximate err = 3.3651659816803225e-13
  return f(*arrays, *other_args, **kwargs)
/home/lauter/venvs/cof-landscaper/lib/python3.12/site-packages/scipy/_lib/_util.py:1181: RuntimeWarning: logm result may be inaccurate, approximate err = 3.3537818842023494e-13
  return f(*arrays, *other_args, **kwargs)
/home/lauter/venvs/cof-landscaper/lib/python3.12/site-packages/scipy/_lib/_util.py:1181: RuntimeWarning: logm result may be inaccurate, approximate err = 3.430672492305191e-13
  return f(*arrays, *other_args, **kwargs)
/home/lauter/venvs/cof-landscaper/lib/python3.12/site-packages/scipy/_lib/_util.py:1181: RuntimeWarning: logm result may be inaccurate, approximate err = 3.350715020943665e-13
  return f(*arrays, *other_args, **kwargs)
/home/lauter/venvs/cof-landscaper/lib/python3.12/site-packages/scipy/_lib/_util.py:1181: RuntimeWarning: logm result may be inaccurate, approximate err = 3.3906979852068156e-13
  return f(*arrays, *other_args, **kwargs)
/home/lauter/venvs/cof-landscaper/lib/python3.12/site-packages/scipy/_lib/_util.py:1181: RuntimeWarning: logm result may be inaccurate, approximate err = 3.366212558568159e-13
  return f(*arrays, *other_args, **kwargs)
/home/lauter/venvs/cof-landscaper/lib/python3.12/site-packages/scipy/_lib/_util.py:1181: RuntimeWarning: logm result may be inaccurate, approximate err = 3.36019628749626e-13
  return f(*arrays, *other_args, **kwargs)
/home/lauter/venvs/cof-landscaper/lib/python3.12/site-packages/scipy/_lib/_util.py:1181: RuntimeWarning: logm result may be inaccurate, approximate err = 3.3581193335998155e-13
  return f(*arrays, *other_args, **kwargs)
/home/lauter/venvs/cof-landscaper/lib/python3.12/site-packages/scipy/_lib/_util.py:1181: RuntimeWarning: logm result may be inaccurate, approximate err = 3.380072119715172e-13
  return f(*arrays, *other_args, **kwargs)
/home/lauter/venvs/cof-landscaper/lib/python3.12/site-packages/scipy/_lib/_util.py:1181: RuntimeWarning: logm result may be inaccurate, approximate err = 3.4071258691150466e-13
  return f(*arrays, *other_args, **kwargs)
/home/lauter/venvs/cof-landscaper/lib/python3.12/site-packages/scipy/_lib/_util.py:1181: RuntimeWarning: logm result may be inaccurate, approximate err = 3.4069612901739383e-13
  return f(*arrays, *other_args, **kwargs)
/home/lauter/venvs/cof-landscaper/lib/python3.12/site-packages/scipy/_lib/_util.py:1181: RuntimeWarning: logm result may be inaccurate, approximate err = 3.3900978046196815e-13
  return f(*arrays, *other_args, **kwargs)
/home/lauter/venvs/cof-landscaper/lib/python3.12/site-packages/scipy/_lib/_util.py:1181: RuntimeWarning: logm result may be inaccurate, approximate err = 3.3830343641215793e-13
  return f(*arrays, *other_args, **kwargs)
/home/lauter/venvs/cof-landscaper/lib/python3.12/site-packages/scipy/_lib/_util.py:1181: RuntimeWarning: logm result may be inaccurate, approximate err = 3.385038690741683e-13
  return f(*arrays, *other_args, **kwargs)
/home/lauter/venvs/cof-landscaper/lib/python3.12/site-packages/scipy/_lib/_util.py:1181: RuntimeWarning: logm result may be inaccurate, approximate err = 3.375936717854023e-13
  return f(*arrays, *other_args, **kwargs)
/home/lauter/venvs/cof-landscaper/lib/python3.12/site-packages/scipy/_lib/_util.py:1181: RuntimeWarning: logm result may be inaccurate, approximate err = 3.429612824681623e-13
  return f(*arrays, *other_args, **kwargs)
/home/lauter/venvs/cof-landscaper/lib/python3.12/site-packages/scipy/_lib/_util.py:1181: RuntimeWarning: logm result may be inaccurate, approximate err = 3.424471161885248e-13
  return f(*arrays, *other_args, **kwargs)
/home/lauter/venvs/cof-landscaper/lib/python3.12/site-packages/scipy/_lib/_util.py:1181: RuntimeWarning: logm result may be inaccurate, approximate err = 3.4003914314173623e-13
  return f(*arrays, *other_args, **kwargs)
/home/lauter/venvs/cof-landscaper/lib/python3.12/site-packages/scipy/_lib/_util.py:1181: RuntimeWarning: logm result may be inaccurate, approximate err = 3.3689913628557185e-13
  return f(*arrays, *other_args, **kwargs)
/home/lauter/venvs/cof-landscaper/lib/python3.12/site-packages/scipy/_lib/_util.py:1181: RuntimeWarning: logm result may be inaccurate, approximate err = 3.4402981353327823e-13
  return f(*arrays, *other_args, **kwargs)
/home/lauter/venvs/cof-landscaper/lib/python3.12/site-packages/scipy/_lib/_util.py:1181: RuntimeWarning: logm result may be inaccurate, approximate err = 3.38873855154016e-13
  return f(*arrays, *other_args, **kwargs)
/home/lauter/venvs/cof-landscaper/lib/python3.12/site-packages/scipy/_lib/_util.py:1181: RuntimeWarning: logm result may be inaccurate, approximate err = 3.413911269277231e-13
  return f(*arrays, *other_args, **kwargs)
/home/lauter/venvs/cof-landscaper/lib/python3.12/site-packages/scipy/_lib/_util.py:1181: RuntimeWarning: logm result may be inaccurate, approximate err = 3.3482154330621933e-13
  return f(*arrays, *other_args, **kwargs)
/home/lauter/venvs/cof-landscaper/lib/python3.12/site-packages/scipy/_lib/_util.py:1181: RuntimeWarning: logm result may be inaccurate, approximate err = 3.4068781436344196e-13
  return f(*arrays, *other_args, **kwargs)
/home/lauter/venvs/cof-landscaper/lib/python3.12/site-packages/scipy/_lib/_util.py:1181: RuntimeWarning: logm result may be inaccurate, approximate err = 3.3772352925596947e-13
  return f(*arrays, *other_args, **kwargs)
/home/lauter/venvs/cof-landscaper/lib/python3.12/site-packages/scipy/_lib/_util.py:1181: RuntimeWarning: logm result may be inaccurate, approximate err = 3.415436167798451e-13
  return f(*arrays, *other_args, **kwargs)
/home/lauter/venvs/cof-landscaper/lib/python3.12/site-packages/scipy/_lib/_util.py:1181: RuntimeWarning: logm result may be inaccurate, approximate err = 3.401137256404773e-13
  return f(*arrays, *other_args, **kwargs)
/home/lauter/venvs/cof-landscaper/lib/python3.12/site-packages/scipy/_lib/_util.py:1181: RuntimeWarning: logm result may be inaccurate, approximate err = 3.411719400809824e-13
  return f(*arrays, *other_args, **kwargs)
/home/lauter/venvs/cof-landscaper/lib/python3.12/site-packages/scipy/_lib/_util.py:1181: RuntimeWarning: logm result may be inaccurate, approximate err = 3.440900119674293e-13
  return f(*arrays, *other_args, **kwargs)
/home/lauter/venvs/cof-landscaper/lib/python3.12/site-packages/scipy/_lib/_util.py:1181: RuntimeWarning: logm result may be inaccurate, approximate err = 3.394027689318363e-13
  return f(*arrays, *other_args, **kwargs)
/home/lauter/venvs/cof-landscaper/lib/python3.12/site-packages/scipy/_lib/_util.py:1181: RuntimeWarning: logm result may be inaccurate, approximate err = 3.385710669957025e-13
  return f(*arrays, *other_args, **kwargs)
/home/lauter/venvs/cof-landscaper/lib/python3.12/site-packages/scipy/_lib/_util.py:1181: RuntimeWarning: logm result may be inaccurate, approximate err = 3.369569710117378e-13
  return f(*arrays, *other_args, **kwargs)
/home/lauter/venvs/cof-landscaper/lib/python3.12/site-packages/scipy/_lib/_util.py:1181: RuntimeWarning: logm result may be inaccurate, approximate err = 3.3782720803463146e-13
  return f(*arrays, *other_args, **kwargs)
/home/lauter/venvs/cof-landscaper/lib/python3.12/site-packages/scipy/_lib/_util.py:1181: RuntimeWarning: logm result may be inaccurate, approximate err = 3.3635290097078933e-13
  return f(*arrays, *other_args, **kwargs)
/home/lauter/venvs/cof-landscaper/lib/python3.12/site-packages/scipy/_lib/_util.py:1181: RuntimeWarning: logm result may be inaccurate, approximate err = 3.3995660045046255e-13
  return f(*arrays, *other_args, **kwargs)
/home/lauter/venvs/cof-landscaper/lib/python3.12/site-packages/scipy/_lib/_util.py:1181: RuntimeWarning: logm result may be inaccurate, approximate err = 3.434773001110986e-13
  return f(*arrays, *other_args, **kwargs)
/home/lauter/venvs/cof-landscaper/lib/python3.12/site-packages/scipy/_lib/_util.py:1181: RuntimeWarning: logm result may be inaccurate, approximate err = 3.352684728147632e-13
  return f(*arrays, *other_args, **kwargs)
/home/lauter/venvs/cof-landscaper/lib/python3.12/site-packages/scipy/_lib/_util.py:1181: RuntimeWarning: logm result may be inaccurate, approximate err = 3.399205131773727e-13
  return f(*arrays, *other_args, **kwargs)
/home/lauter/venvs/cof-landscaper/lib/python3.12/site-packages/scipy/_lib/_util.py:1181: RuntimeWarning: logm result may be inaccurate, approximate err = 3.423417967305542e-13
  return f(*arrays, *other_args, **kwargs)
/home/lauter/venvs/cof-landscaper/lib/python3.12/site-packages/scipy/_lib/_util.py:1181: RuntimeWarning: logm result may be inaccurate, approximate err = 3.4468392927948983e-13
  return f(*arrays, *other_args, **kwargs)
/home/lauter/venvs/cof-landscaper/lib/python3.12/site-packages/scipy/_lib/_util.py:1181: RuntimeWarning: logm result may be inaccurate, approximate err = 3.448353678045911e-13
  return f(*arrays, *other_args, **kwargs)
/home/lauter/venvs/cof-landscaper/lib/python3.12/site-packages/scipy/_lib/_util.py:1181: RuntimeWarning: logm result may be inaccurate, approximate err = 3.410475830684135e-13
  return f(*arrays, *other_args, **kwargs)
/home/lauter/venvs/cof-landscaper/lib/python3.12/site-packages/scipy/_lib/_util.py:1181: RuntimeWarning: logm result may be inaccurate, approximate err = 3.386985794413855e-13
  return f(*arrays, *other_args, **kwargs)
/home/lauter/venvs/cof-landscaper/lib/python3.12/site-packages/scipy/_lib/_util.py:1181: RuntimeWarning: logm result may be inaccurate, approximate err = 3.4180082230810376e-13
  return f(*arrays, *other_args, **kwargs)
/home/lauter/venvs/cof-landscaper/lib/python3.12/site-packages/scipy/_lib/_util.py:1181: RuntimeWarning: logm result may be inaccurate, approximate err = 3.4470334116452497e-13
  return f(*arrays, *other_args, **kwargs)
/home/lauter/venvs/cof-landscaper/lib/python3.12/site-packages/scipy/_lib/_util.py:1181: RuntimeWarning: logm result may be inaccurate, approximate err = 3.4359172877105546e-13
  return f(*arrays, *other_args, **kwargs)
/home/lauter/venvs/cof-landscaper/lib/python3.12/site-packages/scipy/_lib/_util.py:1181: RuntimeWarning: logm result may be inaccurate, approximate err = 3.460909477346692e-13
  return f(*arrays, *other_args, **kwargs)
/home/lauter/venvs/cof-landscaper/lib/python3.12/site-packages/scipy/_lib/_util.py:1181: RuntimeWarning: logm result may be inaccurate, approximate err = 3.4455178668155093e-13
  return f(*arrays, *other_args, **kwargs)
/home/lauter/venvs/cof-landscaper/lib/python3.12/site-packages/scipy/_lib/_util.py:1181: RuntimeWarning: logm result may be inaccurate, approximate err = 3.4121837076748715e-13
  return f(*arrays, *other_args, **kwargs)
/home/lauter/venvs/cof-landscaper/lib/python3.12/site-packages/scipy/_lib/_util.py:1181: RuntimeWarning: logm result may be inaccurate, approximate err = 3.3951756756994523e-13
  return f(*arrays, *other_args, **kwargs)
/home/lauter/venvs/cof-landscaper/lib/python3.12/site-packages/scipy/_lib/_util.py:1181: RuntimeWarning: logm result may be inaccurate, approximate err = 3.410261014597293e-13
  return f(*arrays, *other_args, **kwargs)
/home/lauter/venvs/cof-landscaper/lib/python3.12/site-packages/scipy/_lib/_util.py:1181: RuntimeWarning: logm result may be inaccurate, approximate err = 3.418965683778514e-13
  return f(*arrays, *other_args, **kwargs)
/home/lauter/venvs/cof-landscaper/lib/python3.12/site-packages/scipy/_lib/_util.py:1181: RuntimeWarning: logm result may be inaccurate, approximate err = 3.4251574547759807e-13
  return f(*arrays, *other_args, **kwargs)
/home/lauter/venvs/cof-landscaper/lib/python3.12/site-packages/scipy/_lib/_util.py:1181: RuntimeWarning: logm result may be inaccurate, approximate err = 3.415805395215481e-13
  return f(*arrays, *other_args, **kwargs)
/home/lauter/venvs/cof-landscaper/lib/python3.12/site-packages/scipy/_lib/_util.py:1181: RuntimeWarning: logm result may be inaccurate, approximate err = 3.3720036503330866e-13
  return f(*arrays, *other_args, **kwargs)
/home/lauter/venvs/cof-landscaper/lib/python3.12/site-packages/scipy/_lib/_util.py:1181: RuntimeWarning: logm result may be inaccurate, approximate err = 3.4181660788552475e-13
  return f(*arrays, *other_args, **kwargs)
/home/lauter/venvs/cof-landscaper/lib/python3.12/site-packages/scipy/_lib/_util.py:1181: RuntimeWarning: logm result may be inaccurate, approximate err = 3.4516911853271255e-13
  return f(*arrays, *other_args, **kwargs)
/home/lauter/venvs/cof-landscaper/lib/python3.12/site-packages/scipy/_lib/_util.py:1181: RuntimeWarning: logm result may be inaccurate, approximate err = 3.4599804536850783e-13
  return f(*arrays, *other_args, **kwargs)
/home/lauter/venvs/cof-landscaper/lib/python3.12/site-packages/scipy/_lib/_util.py:1181: RuntimeWarning: logm result may be inaccurate, approximate err = 3.3986661514072135e-13
  return f(*arrays, *other_args, **kwargs)
/home/lauter/venvs/cof-landscaper/lib/python3.12/site-packages/scipy/_lib/_util.py:1181: RuntimeWarning: logm result may be inaccurate, approximate err = 3.454694052824267e-13
  return f(*arrays, *other_args, **kwargs)
/home/lauter/venvs/cof-landscaper/lib/python3.12/site-packages/scipy/_lib/_util.py:1181: RuntimeWarning: logm result may be inaccurate, approximate err = 3.437480043433891e-13
  return f(*arrays, *other_args, **kwargs)
/home/lauter/venvs/cof-landscaper/lib/python3.12/site-packages/scipy/_lib/_util.py:1181: RuntimeWarning: logm result may be inaccurate, approximate err = 3.453799129006518e-13
  return f(*arrays, *other_args, **kwargs)
/home/lauter/venvs/cof-landscaper/lib/python3.12/site-packages/scipy/_lib/_util.py:1181: RuntimeWarning: logm result may be inaccurate, approximate err = 3.4016462139365735e-13
  return f(*arrays, *other_args, **kwargs)
/home/lauter/venvs/cof-landscaper/lib/python3.12/site-packages/scipy/_lib/_util.py:1181: RuntimeWarning: logm result may be inaccurate, approximate err = 3.440996974662112e-13
  return f(*arrays, *other_args, **kwargs)
/home/lauter/venvs/cof-landscaper/lib/python3.12/site-packages/scipy/_lib/_util.py:1181: RuntimeWarning: logm result may be inaccurate, approximate err = 3.4159540290076686e-13
  return f(*arrays, *other_args, **kwargs)
/home/lauter/venvs/cof-landscaper/lib/python3.12/site-packages/scipy/_lib/_util.py:1181: RuntimeWarning: logm result may be inaccurate, approximate err = 3.43089084813743e-13
  return f(*arrays, *other_args, **kwargs)
/home/lauter/venvs/cof-landscaper/lib/python3.12/site-packages/scipy/_lib/_util.py:1181: RuntimeWarning: logm result may be inaccurate, approximate err = 3.4481020088550375e-13
  return f(*arrays, *other_args, **kwargs)
/home/lauter/venvs/cof-landscaper/lib/python3.12/site-packages/scipy/_lib/_util.py:1181: RuntimeWarning: logm result may be inaccurate, approximate err = 3.402635464296856e-13
  return f(*arrays, *other_args, **kwargs)
/home/lauter/venvs/cof-landscaper/lib/python3.12/site-packages/scipy/_lib/_util.py:1181: RuntimeWarning: logm result may be inaccurate, approximate err = 3.442760547203746e-13
  return f(*arrays, *other_args, **kwargs)
/home/lauter/venvs/cof-landscaper/lib/python3.12/site-packages/scipy/_lib/_util.py:1181: RuntimeWarning: logm result may be inaccurate, approximate err = 3.438610834352225e-13
  return f(*arrays, *other_args, **kwargs)
/home/lauter/venvs/cof-landscaper/lib/python3.12/site-packages/scipy/_lib/_util.py:1181: RuntimeWarning: logm result may be inaccurate, approximate err = 3.400338475650632e-13
  return f(*arrays, *other_args, **kwargs)
/home/lauter/venvs/cof-landscaper/lib/python3.12/site-packages/scipy/_lib/_util.py:1181: RuntimeWarning: logm result may be inaccurate, approximate err = 3.435127264147279e-13
  return f(*arrays, *other_args, **kwargs)
/home/lauter/venvs/cof-landscaper/lib/python3.12/site-packages/scipy/_lib/_util.py:1181: RuntimeWarning: logm result may be inaccurate, approximate err = 3.4433115191383347e-13
  return f(*arrays, *other_args, **kwargs)
/home/lauter/venvs/cof-landscaper/lib/python3.12/site-packages/scipy/_lib/_util.py:1181: RuntimeWarning: logm result may be inaccurate, approximate err = 3.4185522094566464e-13
  return f(*arrays, *other_args, **kwargs)
/home/lauter/venvs/cof-landscaper/lib/python3.12/site-packages/scipy/_lib/_util.py:1181: RuntimeWarning: logm result may be inaccurate, approximate err = 3.4109724020566427e-13
  return f(*arrays, *other_args, **kwargs)
/home/lauter/venvs/cof-landscaper/lib/python3.12/site-packages/scipy/_lib/_util.py:1181: RuntimeWarning: logm result may be inaccurate, approximate err = 3.416255474499047e-13
  return f(*arrays, *other_args, **kwargs)
/home/lauter/venvs/cof-landscaper/lib/python3.12/site-packages/scipy/_lib/_util.py:1181: RuntimeWarning: logm result may be inaccurate, approximate err = 3.4359496268092076e-13
  return f(*arrays, *other_args, **kwargs)
/home/lauter/venvs/cof-landscaper/lib/python3.12/site-packages/scipy/_lib/_util.py:1181: RuntimeWarning: logm result may be inaccurate, approximate err = 3.409388873224451e-13
  return f(*arrays, *other_args, **kwargs)
/home/lauter/venvs/cof-landscaper/lib/python3.12/site-packages/scipy/_lib/_util.py:1181: RuntimeWarning: logm result may be inaccurate, approximate err = 3.420384765438975e-13
  return f(*arrays, *other_args, **kwargs)
/home/lauter/venvs/cof-landscaper/lib/python3.12/site-packages/scipy/_lib/_util.py:1181: RuntimeWarning: logm result may be inaccurate, approximate err = 3.359202170526514e-13
  return f(*arrays, *other_args, **kwargs)
/home/lauter/venvs/cof-landscaper/lib/python3.12/site-packages/scipy/_lib/_util.py:1181: RuntimeWarning: logm result may be inaccurate, approximate err = 3.436792536667558e-13
  return f(*arrays, *other_args, **kwargs)
/home/lauter/venvs/cof-landscaper/lib/python3.12/site-packages/scipy/_lib/_util.py:1181: RuntimeWarning: logm result may be inaccurate, approximate err = 3.416947194255452e-13
  return f(*arrays, *other_args, **kwargs)
/home/lauter/venvs/cof-landscaper/lib/python3.12/site-packages/scipy/_lib/_util.py:1181: RuntimeWarning: logm result may be inaccurate, approximate err = 3.38348165558595e-13
  return f(*arrays, *other_args, **kwargs)
/home/lauter/venvs/cof-landscaper/lib/python3.12/site-packages/scipy/_lib/_util.py:1181: RuntimeWarning: logm result may be inaccurate, approximate err = 3.412675702843166e-13
  return f(*arrays, *other_args, **kwargs)
/home/lauter/venvs/cof-landscaper/lib/python3.12/site-packages/scipy/_lib/_util.py:1181: RuntimeWarning: logm result may be inaccurate, approximate err = 3.454417248809387e-13
  return f(*arrays, *other_args, **kwargs)
/home/lauter/venvs/cof-landscaper/lib/python3.12/site-packages/scipy/_lib/_util.py:1181: RuntimeWarning: logm result may be inaccurate, approximate err = 3.3652441152316936e-13
  return f(*arrays, *other_args, **kwargs)
/home/lauter/venvs/cof-landscaper/lib/python3.12/site-packages/scipy/_lib/_util.py:1181: RuntimeWarning: logm result may be inaccurate, approximate err = 3.3934840863893447e-13
  return f(*arrays, *other_args, **kwargs)
/home/lauter/venvs/cof-landscaper/lib/python3.12/site-packages/scipy/_lib/_util.py:1181: RuntimeWarning: logm result may be inaccurate, approximate err = 3.431075831444695e-13
  return f(*arrays, *other_args, **kwargs)
/home/lauter/venvs/cof-landscaper/lib/python3.12/site-packages/scipy/_lib/_util.py:1181: RuntimeWarning: logm result may be inaccurate, approximate err = 3.355375205904915e-13
  return f(*arrays, *other_args, **kwargs)
/home/lauter/venvs/cof-landscaper/lib/python3.12/site-packages/scipy/_lib/_util.py:1181: RuntimeWarning: logm result may be inaccurate, approximate err = 3.427822921102638e-13
  return f(*arrays, *other_args, **kwargs)
/home/lauter/venvs/cof-landscaper/lib/python3.12/site-packages/scipy/_lib/_util.py:1181: RuntimeWarning: logm result may be inaccurate, approximate err = 3.441656588883408e-13
  return f(*arrays, *other_args, **kwargs)
/home/lauter/venvs/cof-landscaper/lib/python3.12/site-packages/scipy/_lib/_util.py:1181: RuntimeWarning: logm result may be inaccurate, approximate err = 3.436723317332042e-13
  return f(*arrays, *other_args, **kwargs)
/home/lauter/venvs/cof-landscaper/lib/python3.12/site-packages/scipy/_lib/_util.py:1181: RuntimeWarning: logm result may be inaccurate, approximate err = 3.4497576691728794e-13
  return f(*arrays, *other_args, **kwargs)
/home/lauter/venvs/cof-landscaper/lib/python3.12/site-packages/scipy/_lib/_util.py:1181: RuntimeWarning: logm result may be inaccurate, approximate err = 3.4111930855250426e-13
  return f(*arrays, *other_args, **kwargs)
/home/lauter/venvs/cof-landscaper/lib/python3.12/site-packages/scipy/_lib/_util.py:1181: RuntimeWarning: logm result may be inaccurate, approximate err = 3.4410236664034615e-13
  return f(*arrays, *other_args, **kwargs)
/home/lauter/venvs/cof-landscaper/lib/python3.12/site-packages/scipy/_lib/_util.py:1181: RuntimeWarning: logm result may be inaccurate, approximate err = 3.451625123776986e-13
  return f(*arrays, *other_args, **kwargs)
/home/lauter/venvs/cof-landscaper/lib/python3.12/site-packages/scipy/_lib/_util.py:1181: RuntimeWarning: logm result may be inaccurate, approximate err = 3.439127372403287e-13
  return f(*arrays, *other_args, **kwargs)
/home/lauter/venvs/cof-landscaper/lib/python3.12/site-packages/scipy/_lib/_util.py:1181: RuntimeWarning: logm result may be inaccurate, approximate err = 3.45495146029699e-13
  return f(*arrays, *other_args, **kwargs)
/home/lauter/venvs/cof-landscaper/lib/python3.12/site-packages/scipy/_lib/_util.py:1181: RuntimeWarning: logm result may be inaccurate, approximate err = 3.4120232150798644e-13
  return f(*arrays, *other_args, **kwargs)
/home/lauter/venvs/cof-landscaper/lib/python3.12/site-packages/scipy/_lib/_util.py:1181: RuntimeWarning: logm result may be inaccurate, approximate err = 3.4143608640851536e-13
  return f(*arrays, *other_args, **kwargs)
/home/lauter/venvs/cof-landscaper/lib/python3.12/site-packages/scipy/_lib/_util.py:1181: RuntimeWarning: logm result may be inaccurate, approximate err = 3.4162073796609884e-13
  return f(*arrays, *other_args, **kwargs)
/home/lauter/venvs/cof-landscaper/lib/python3.12/site-packages/scipy/_lib/_util.py:1181: RuntimeWarning: logm result may be inaccurate, approximate err = 3.4402562976339513e-13
  return f(*arrays, *other_args, **kwargs)
/home/lauter/venvs/cof-landscaper/lib/python3.12/site-packages/scipy/_lib/_util.py:1181: RuntimeWarning: logm result may be inaccurate, approximate err = 3.474603120999543e-13
  return f(*arrays, *other_args, **kwargs)
/home/lauter/venvs/cof-landscaper/lib/python3.12/site-packages/scipy/_lib/_util.py:1181: RuntimeWarning: logm result may be inaccurate, approximate err = 3.4153594462018104e-13
  return f(*arrays, *other_args, **kwargs)
/home/lauter/venvs/cof-landscaper/lib/python3.12/site-packages/scipy/_lib/_util.py:1181: RuntimeWarning: logm result may be inaccurate, approximate err = 3.448905153612994e-13
  return f(*arrays, *other_args, **kwargs)
/home/lauter/venvs/cof-landscaper/lib/python3.12/site-packages/scipy/_lib/_util.py:1181: RuntimeWarning: logm result may be inaccurate, approximate err = 3.379592517694616e-13
  return f(*arrays, *other_args, **kwargs)
/home/lauter/venvs/cof-landscaper/lib/python3.12/site-packages/scipy/_lib/_util.py:1181: RuntimeWarning: logm result may be inaccurate, approximate err = 3.4400363933649114e-13
  return f(*arrays, *other_args, **kwargs)
/home/lauter/venvs/cof-landscaper/lib/python3.12/site-packages/scipy/_lib/_util.py:1181: RuntimeWarning: logm result may be inaccurate, approximate err = 3.4112611257016536e-13
  return f(*arrays, *other_args, **kwargs)
/home/lauter/venvs/cof-landscaper/lib/python3.12/site-packages/scipy/_lib/_util.py:1181: RuntimeWarning: logm result may be inaccurate, approximate err = 3.4072760894970586e-13
  return f(*arrays, *other_args, **kwargs)
/home/lauter/venvs/cof-landscaper/lib/python3.12/site-packages/scipy/_lib/_util.py:1181: RuntimeWarning: logm result may be inaccurate, approximate err = 3.448343000184498e-13
  return f(*arrays, *other_args, **kwargs)
/home/lauter/venvs/cof-landscaper/lib/python3.12/site-packages/scipy/_lib/_util.py:1181: RuntimeWarning: logm result may be inaccurate, approximate err = 3.4933856235522687e-13
  return f(*arrays, *other_args, **kwargs)
/home/lauter/venvs/cof-landscaper/lib/python3.12/site-packages/scipy/_lib/_util.py:1181: RuntimeWarning: logm result may be inaccurate, approximate err = 3.3934359095184135e-13
  return f(*arrays, *other_args, **kwargs)
/home/lauter/venvs/cof-landscaper/lib/python3.12/site-packages/scipy/_lib/_util.py:1181: RuntimeWarning: logm result may be inaccurate, approximate err = 3.4431398073889356e-13
  return f(*arrays, *other_args, **kwargs)
/home/lauter/venvs/cof-landscaper/lib/python3.12/site-packages/scipy/_lib/_util.py:1181: RuntimeWarning: logm result may be inaccurate, approximate err = 3.425684967217544e-13
  return f(*arrays, *other_args, **kwargs)
/home/lauter/venvs/cof-landscaper/lib/python3.12/site-packages/scipy/_lib/_util.py:1181: RuntimeWarning: logm result may be inaccurate, approximate err = 3.4005166973725713e-13
  return f(*arrays, *other_args, **kwargs)
/home/lauter/venvs/cof-landscaper/lib/python3.12/site-packages/scipy/_lib/_util.py:1181: RuntimeWarning: logm result may be inaccurate, approximate err = 3.4464344156548906e-13
  return f(*arrays, *other_args, **kwargs)
/home/lauter/venvs/cof-landscaper/lib/python3.12/site-packages/scipy/_lib/_util.py:1181: RuntimeWarning: logm result may be inaccurate, approximate err = 3.403049496354764e-13
  return f(*arrays, *other_args, **kwargs)
/home/lauter/venvs/cof-landscaper/lib/python3.12/site-packages/scipy/_lib/_util.py:1181: RuntimeWarning: logm result may be inaccurate, approximate err = 3.406008510524418e-13
  return f(*arrays, *other_args, **kwargs)
/home/lauter/venvs/cof-landscaper/lib/python3.12/site-packages/scipy/_lib/_util.py:1181: RuntimeWarning: logm result may be inaccurate, approximate err = 3.3874519465751043e-13
  return f(*arrays, *other_args, **kwargs)
/home/lauter/venvs/cof-landscaper/lib/python3.12/site-packages/scipy/_lib/_util.py:1181: RuntimeWarning: logm result may be inaccurate, approximate err = 3.464929580219721e-13
  return f(*arrays, *other_args, **kwargs)
/home/lauter/venvs/cof-landscaper/lib/python3.12/site-packages/scipy/_lib/_util.py:1181: RuntimeWarning: logm result may be inaccurate, approximate err = 3.394818459580387e-13
  return f(*arrays, *other_args, **kwargs)
/home/lauter/venvs/cof-landscaper/lib/python3.12/site-packages/scipy/_lib/_util.py:1181: RuntimeWarning: logm result may be inaccurate, approximate err = 3.379600761423679e-13
  return f(*arrays, *other_args, **kwargs)
/home/lauter/venvs/cof-landscaper/lib/python3.12/site-packages/scipy/_lib/_util.py:1181: RuntimeWarning: logm result may be inaccurate, approximate err = 3.4102859318672596e-13
  return f(*arrays, *other_args, **kwargs)
/home/lauter/venvs/cof-landscaper/lib/python3.12/site-packages/scipy/_lib/_util.py:1181: RuntimeWarning: logm result may be inaccurate, approximate err = 3.3574274834462243e-13
  return f(*arrays, *other_args, **kwargs)
/home/lauter/venvs/cof-landscaper/lib/python3.12/site-packages/scipy/_lib/_util.py:1181: RuntimeWarning: logm result may be inaccurate, approximate err = 3.462051506247752e-13
  return f(*arrays, *other_args, **kwargs)
/home/lauter/venvs/cof-landscaper/lib/python3.12/site-packages/scipy/_lib/_util.py:1181: RuntimeWarning: logm result may be inaccurate, approximate err = 3.4420750429878623e-13
  return f(*arrays, *other_args, **kwargs)
/home/lauter/venvs/cof-landscaper/lib/python3.12/site-packages/scipy/_lib/_util.py:1181: RuntimeWarning: logm result may be inaccurate, approximate err = 3.40441015735502e-13
  return f(*arrays, *other_args, **kwargs)
/home/lauter/venvs/cof-landscaper/lib/python3.12/site-packages/scipy/_lib/_util.py:1181: RuntimeWarning: logm result may be inaccurate, approximate err = 3.369667285997787e-13
  return f(*arrays, *other_args, **kwargs)
/home/lauter/venvs/cof-landscaper/lib/python3.12/site-packages/scipy/_lib/_util.py:1181: RuntimeWarning: logm result may be inaccurate, approximate err = 3.415744398206933e-13
  return f(*arrays, *other_args, **kwargs)
/home/lauter/venvs/cof-landscaper/lib/python3.12/site-packages/scipy/_lib/_util.py:1181: RuntimeWarning: logm result may be inaccurate, approximate err = 3.4439103544650894e-13
  return f(*arrays, *other_args, **kwargs)
/home/lauter/venvs/cof-landscaper/lib/python3.12/site-packages/scipy/_lib/_util.py:1181: RuntimeWarning: logm result may be inaccurate, approximate err = 3.3544890076172487e-13
  return f(*arrays, *other_args, **kwargs)
/home/lauter/venvs/cof-landscaper/lib/python3.12/site-packages/scipy/_lib/_util.py:1181: RuntimeWarning: logm result may be inaccurate, approximate err = 3.3994360595717435e-13
  return f(*arrays, *other_args, **kwargs)
/home/lauter/venvs/cof-landscaper/lib/python3.12/site-packages/scipy/_lib/_util.py:1181: RuntimeWarning: logm result may be inaccurate, approximate err = 3.4232569534983224e-13
  return f(*arrays, *other_args, **kwargs)
/home/lauter/venvs/cof-landscaper/lib/python3.12/site-packages/scipy/_lib/_util.py:1181: RuntimeWarning: logm result may be inaccurate, approximate err = 3.4035558333781664e-13
  return f(*arrays, *other_args, **kwargs)
/home/lauter/venvs/cof-landscaper/lib/python3.12/site-packages/scipy/_lib/_util.py:1181: RuntimeWarning: logm result may be inaccurate, approximate err = 3.3740055004957406e-13
  return f(*arrays, *other_args, **kwargs)
/home/lauter/venvs/cof-landscaper/lib/python3.12/site-packages/scipy/_lib/_util.py:1181: RuntimeWarning: logm result may be inaccurate, approximate err = 3.3848669748488724e-13
  return f(*arrays, *other_args, **kwargs)
/home/lauter/venvs/cof-landscaper/lib/python3.12/site-packages/scipy/_lib/_util.py:1181: RuntimeWarning: logm result may be inaccurate, approximate err = 3.45050124598488e-13
  return f(*arrays, *other_args, **kwargs)
/home/lauter/venvs/cof-landscaper/lib/python3.12/site-packages/scipy/_lib/_util.py:1181: RuntimeWarning: logm result may be inaccurate, approximate err = 3.4639275896170083e-13
  return f(*arrays, *other_args, **kwargs)
/home/lauter/venvs/cof-landscaper/lib/python3.12/site-packages/scipy/_lib/_util.py:1181: RuntimeWarning: logm result may be inaccurate, approximate err = 3.4566200720966866e-13
  return f(*arrays, *other_args, **kwargs)
/home/lauter/venvs/cof-landscaper/lib/python3.12/site-packages/scipy/_lib/_util.py:1181: RuntimeWarning: logm result may be inaccurate, approximate err = 3.4366822296101486e-13
  return f(*arrays, *other_args, **kwargs)
/home/lauter/venvs/cof-landscaper/lib/python3.12/site-packages/scipy/_lib/_util.py:1181: RuntimeWarning: logm result may be inaccurate, approximate err = 3.386504669320506e-13
  return f(*arrays, *other_args, **kwargs)
/home/lauter/venvs/cof-landscaper/lib/python3.12/site-packages/scipy/_lib/_util.py:1181: RuntimeWarning: logm result may be inaccurate, approximate err = 3.3841213070594193e-13
  return f(*arrays, *other_args, **kwargs)
/home/lauter/venvs/cof-landscaper/lib/python3.12/site-packages/scipy/_lib/_util.py:1181: RuntimeWarning: logm result may be inaccurate, approximate err = 3.4182830279508923e-13
  return f(*arrays, *other_args, **kwargs)
/home/lauter/venvs/cof-landscaper/lib/python3.12/site-packages/scipy/_lib/_util.py:1181: RuntimeWarning: logm result may be inaccurate, approximate err = 3.3953368202781496e-13
  return f(*arrays, *other_args, **kwargs)
/home/lauter/venvs/cof-landscaper/lib/python3.12/site-packages/scipy/_lib/_util.py:1181: RuntimeWarning: logm result may be inaccurate, approximate err = 3.441075503468391e-13
  return f(*arrays, *other_args, **kwargs)
/home/lauter/venvs/cof-landscaper/lib/python3.12/site-packages/scipy/_lib/_util.py:1181: RuntimeWarning: logm result may be inaccurate, approximate err = 3.47044783710083e-13
  return f(*arrays, *other_args, **kwargs)
/home/lauter/venvs/cof-landscaper/lib/python3.12/site-packages/scipy/_lib/_util.py:1181: RuntimeWarning: logm result may be inaccurate, approximate err = 3.4001729786886135e-13
  return f(*arrays, *other_args, **kwargs)
/home/lauter/venvs/cof-landscaper/lib/python3.12/site-packages/scipy/_lib/_util.py:1181: RuntimeWarning: logm result may be inaccurate, approximate err = 3.426858903474112e-13
  return f(*arrays, *other_args, **kwargs)
/home/lauter/venvs/cof-landscaper/lib/python3.12/site-packages/scipy/_lib/_util.py:1181: RuntimeWarning: logm result may be inaccurate, approximate err = 3.4524174746120004e-13
  return f(*arrays, *other_args, **kwargs)
/home/lauter/venvs/cof-landscaper/lib/python3.12/site-packages/scipy/_lib/_util.py:1181: RuntimeWarning: logm result may be inaccurate, approximate err = 3.4270303716689313e-13
  return f(*arrays, *other_args, **kwargs)
/home/lauter/venvs/cof-landscaper/lib/python3.12/site-packages/scipy/_lib/_util.py:1181: RuntimeWarning: logm result may be inaccurate, approximate err = 3.4880612336005975e-13
  return f(*arrays, *other_args, **kwargs)
/home/lauter/venvs/cof-landscaper/lib/python3.12/site-packages/scipy/_lib/_util.py:1181: RuntimeWarning: logm result may be inaccurate, approximate err = 3.4494944233065045e-13
  return f(*arrays, *other_args, **kwargs)
/home/lauter/venvs/cof-landscaper/lib/python3.12/site-packages/scipy/_lib/_util.py:1181: RuntimeWarning: logm result may be inaccurate, approximate err = 3.444210622114046e-13
  return f(*arrays, *other_args, **kwargs)
/home/lauter/venvs/cof-landscaper/lib/python3.12/site-packages/scipy/_lib/_util.py:1181: RuntimeWarning: logm result may be inaccurate, approximate err = 3.450947397742473e-13
  return f(*arrays, *other_args, **kwargs)
/home/lauter/venvs/cof-landscaper/lib/python3.12/site-packages/scipy/_lib/_util.py:1181: RuntimeWarning: logm result may be inaccurate, approximate err = 3.4845522293831834e-13
  return f(*arrays, *other_args, **kwargs)
/home/lauter/venvs/cof-landscaper/lib/python3.12/site-packages/scipy/_lib/_util.py:1181: RuntimeWarning: logm result may be inaccurate, approximate err = 3.4566044509565253e-13
  return f(*arrays, *other_args, **kwargs)
/home/lauter/venvs/cof-landscaper/lib/python3.12/site-packages/scipy/_lib/_util.py:1181: RuntimeWarning: logm result may be inaccurate, approximate err = 3.4124644896981506e-13
  return f(*arrays, *other_args, **kwargs)
/home/lauter/venvs/cof-landscaper/lib/python3.12/site-packages/scipy/_lib/_util.py:1181: RuntimeWarning: logm result may be inaccurate, approximate err = 3.463149052632469e-13
  return f(*arrays, *other_args, **kwargs)
/home/lauter/venvs/cof-landscaper/lib/python3.12/site-packages/scipy/_lib/_util.py:1181: RuntimeWarning: logm result may be inaccurate, approximate err = 3.4650066801075465e-13
  return f(*arrays, *other_args, **kwargs)
/home/lauter/venvs/cof-landscaper/lib/python3.12/site-packages/scipy/_lib/_util.py:1181: RuntimeWarning: logm result may be inaccurate, approximate err = 3.479767240734917e-13
  return f(*arrays, *other_args, **kwargs)
/home/lauter/venvs/cof-landscaper/lib/python3.12/site-packages/scipy/_lib/_util.py:1181: RuntimeWarning: logm result may be inaccurate, approximate err = 3.4604983091584324e-13
  return f(*arrays, *other_args, **kwargs)
/home/lauter/venvs/cof-landscaper/lib/python3.12/site-packages/scipy/_lib/_util.py:1181: RuntimeWarning: logm result may be inaccurate, approximate err = 3.4961796031622573e-13
  return f(*arrays, *other_args, **kwargs)
/home/lauter/venvs/cof-landscaper/lib/python3.12/site-packages/scipy/_lib/_util.py:1181: RuntimeWarning: logm result may be inaccurate, approximate err = 3.527973565843663e-13
  return f(*arrays, *other_args, **kwargs)
/home/lauter/venvs/cof-landscaper/lib/python3.12/site-packages/scipy/_lib/_util.py:1181: RuntimeWarning: logm result may be inaccurate, approximate err = 3.541097647055388e-13
  return f(*arrays, *other_args, **kwargs)
/home/lauter/venvs/cof-landscaper/lib/python3.12/site-packages/scipy/_lib/_util.py:1181: RuntimeWarning: logm result may be inaccurate, approximate err = 3.5500411949802225e-13
  return f(*arrays, *other_args, **kwargs)
/home/lauter/venvs/cof-landscaper/lib/python3.12/site-packages/scipy/_lib/_util.py:1181: RuntimeWarning: logm result may be inaccurate, approximate err = 3.4637361096173727e-13
  return f(*arrays, *other_args, **kwargs)
/home/lauter/venvs/cof-landscaper/lib/python3.12/site-packages/scipy/_lib/_util.py:1181: RuntimeWarning: logm result may be inaccurate, approximate err = 3.574466182119729e-13
  return f(*arrays, *other_args, **kwargs)
/home/lauter/venvs/cof-landscaper/lib/python3.12/site-packages/scipy/_lib/_util.py:1181: RuntimeWarning: logm result may be inaccurate, approximate err = 3.4791725920956805e-13
  return f(*arrays, *other_args, **kwargs)
/home/lauter/venvs/cof-landscaper/lib/python3.12/site-packages/scipy/_lib/_util.py:1181: RuntimeWarning: logm result may be inaccurate, approximate err = 3.4397902021152414e-13
  return f(*arrays, *other_args, **kwargs)
/home/lauter/venvs/cof-landscaper/lib/python3.12/site-packages/scipy/_lib/_util.py:1181: RuntimeWarning: logm result may be inaccurate, approximate err = 3.4747952432405433e-13
  return f(*arrays, *other_args, **kwargs)
/home/lauter/venvs/cof-landscaper/lib/python3.12/site-packages/scipy/_lib/_util.py:1181: RuntimeWarning: logm result may be inaccurate, approximate err = 3.573245255833091e-13
  return f(*arrays, *other_args, **kwargs)
/home/lauter/venvs/cof-landscaper/lib/python3.12/site-packages/scipy/_lib/_util.py:1181: RuntimeWarning: logm result may be inaccurate, approximate err = 3.554394118519965e-13
  return f(*arrays, *other_args, **kwargs)
/home/lauter/venvs/cof-landscaper/lib/python3.12/site-packages/scipy/_lib/_util.py:1181: RuntimeWarning: logm result may be inaccurate, approximate err = 3.5438592943957335e-13
  return f(*arrays, *other_args, **kwargs)
/home/lauter/venvs/cof-landscaper/lib/python3.12/site-packages/scipy/_lib/_util.py:1181: RuntimeWarning: logm result may be inaccurate, approximate err = 3.49940243038681e-13
  return f(*arrays, *other_args, **kwargs)
/home/lauter/venvs/cof-landscaper/lib/python3.12/site-packages/scipy/_lib/_util.py:1181: RuntimeWarning: logm result may be inaccurate, approximate err = 3.563111128431611e-13
  return f(*arrays, *other_args, **kwargs)
/home/lauter/venvs/cof-landscaper/lib/python3.12/site-packages/scipy/_lib/_util.py:1181: RuntimeWarning: logm result may be inaccurate, approximate err = 3.4745464212449544e-13
  return f(*arrays, *other_args, **kwargs)
/home/lauter/venvs/cof-landscaper/lib/python3.12/site-packages/scipy/_lib/_util.py:1181: RuntimeWarning: logm result may be inaccurate, approximate err = 3.556181387768112e-13
  return f(*arrays, *other_args, **kwargs)
/home/lauter/venvs/cof-landscaper/lib/python3.12/site-packages/scipy/_lib/_util.py:1181: RuntimeWarning: logm result may be inaccurate, approximate err = 3.510206287381954e-13
  return f(*arrays, *other_args, **kwargs)
/home/lauter/venvs/cof-landscaper/lib/python3.12/site-packages/scipy/_lib/_util.py:1181: RuntimeWarning: logm result may be inaccurate, approximate err = 3.528807468773354e-13
  return f(*arrays, *other_args, **kwargs)
/home/lauter/venvs/cof-landscaper/lib/python3.12/site-packages/scipy/_lib/_util.py:1181: RuntimeWarning: logm result may be inaccurate, approximate err = 3.543561318419885e-13
  return f(*arrays, *other_args, **kwargs)
/home/lauter/venvs/cof-landscaper/lib/python3.12/site-packages/scipy/_lib/_util.py:1181: RuntimeWarning: logm result may be inaccurate, approximate err = 3.5591691171406204e-13
  return f(*arrays, *other_args, **kwargs)
/home/lauter/venvs/cof-landscaper/lib/python3.12/site-packages/scipy/_lib/_util.py:1181: RuntimeWarning: logm result may be inaccurate, approximate err = 3.3873412227000845e-13
  return f(*arrays, *other_args, **kwargs)
/home/lauter/venvs/cof-landscaper/lib/python3.12/site-packages/scipy/_lib/_util.py:1181: RuntimeWarning: logm result may be inaccurate, approximate err = 3.527276005986704e-13
  return f(*arrays, *other_args, **kwargs)
/home/lauter/venvs/cof-landscaper/lib/python3.12/site-packages/scipy/_lib/_util.py:1181: RuntimeWarning: logm result may be inaccurate, approximate err = 3.508289052632371e-13
  return f(*arrays, *other_args, **kwargs)
/home/lauter/venvs/cof-landscaper/lib/python3.12/site-packages/scipy/_lib/_util.py:1181: RuntimeWarning: logm result may be inaccurate, approximate err = 3.5062919515615956e-13
  return f(*arrays, *other_args, **kwargs)
/home/lauter/venvs/cof-landscaper/lib/python3.12/site-packages/scipy/_lib/_util.py:1181: RuntimeWarning: logm result may be inaccurate, approximate err = 3.4805475901991055e-13
  return f(*arrays, *other_args, **kwargs)
/home/lauter/venvs/cof-landscaper/lib/python3.12/site-packages/scipy/_lib/_util.py:1181: RuntimeWarning: logm result may be inaccurate, approximate err = 3.542476558491656e-13
  return f(*arrays, *other_args, **kwargs)
/home/lauter/venvs/cof-landscaper/lib/python3.12/site-packages/scipy/_lib/_util.py:1181: RuntimeWarning: logm result may be inaccurate, approximate err = 3.5761842570851356e-13
  return f(*arrays, *other_args, **kwargs)
/home/lauter/venvs/cof-landscaper/lib/python3.12/site-packages/scipy/_lib/_util.py:1181: RuntimeWarning: logm result may be inaccurate, approximate err = 3.508354523974947e-13
  return f(*arrays, *other_args, **kwargs)
/home/lauter/venvs/cof-landscaper/lib/python3.12/site-packages/scipy/_lib/_util.py:1181: RuntimeWarning: logm result may be inaccurate, approximate err = 3.5818475111880364e-13
  return f(*arrays, *other_args, **kwargs)
/home/lauter/venvs/cof-landscaper/lib/python3.12/site-packages/scipy/_lib/_util.py:1181: RuntimeWarning: logm result may be inaccurate, approximate err = 3.4502915478343726e-13
  return f(*arrays, *other_args, **kwargs)
/home/lauter/venvs/cof-landscaper/lib/python3.12/site-packages/scipy/_lib/_util.py:1181: RuntimeWarning: logm result may be inaccurate, approximate err = 3.5098019414140763e-13
  return f(*arrays, *other_args, **kwargs)
/home/lauter/venvs/cof-landscaper/lib/python3.12/site-packages/scipy/_lib/_util.py:1181: RuntimeWarning: logm result may be inaccurate, approximate err = 3.49721898481506e-13
  return f(*arrays, *other_args, **kwargs)
/home/lauter/venvs/cof-landscaper/lib/python3.12/site-packages/scipy/_lib/_util.py:1181: RuntimeWarning: logm result may be inaccurate, approximate err = 3.5563115920485114e-13
  return f(*arrays, *other_args, **kwargs)
/home/lauter/venvs/cof-landscaper/lib/python3.12/site-packages/scipy/_lib/_util.py:1181: RuntimeWarning: logm result may be inaccurate, approximate err = 3.530326948910172e-13
  return f(*arrays, *other_args, **kwargs)
/home/lauter/venvs/cof-landscaper/lib/python3.12/site-packages/scipy/_lib/_util.py:1181: RuntimeWarning: logm result may be inaccurate, approximate err = 3.4757586668077297e-13
  return f(*arrays, *other_args, **kwargs)
/home/lauter/venvs/cof-landscaper/lib/python3.12/site-packages/scipy/_lib/_util.py:1181: RuntimeWarning: logm result may be inaccurate, approximate err = 3.468846275595715e-13
  return f(*arrays, *other_args, **kwargs)
/home/lauter/venvs/cof-landscaper/lib/python3.12/site-packages/scipy/_lib/_util.py:1181: RuntimeWarning: logm result may be inaccurate, approximate err = 3.5943957295016106e-13
  return f(*arrays, *other_args, **kwargs)
/home/lauter/venvs/cof-landscaper/lib/python3.12/site-packages/scipy/_lib/_util.py:1181: RuntimeWarning: logm result may be inaccurate, approximate err = 3.546711391908897e-13
  return f(*arrays, *other_args, **kwargs)
/home/lauter/venvs/cof-landscaper/lib/python3.12/site-packages/scipy/_lib/_util.py:1181: RuntimeWarning: logm result may be inaccurate, approximate err = 3.537891908645261e-13
  return f(*arrays, *other_args, **kwargs)
/home/lauter/venvs/cof-landscaper/lib/python3.12/site-packages/scipy/_lib/_util.py:1181: RuntimeWarning: logm result may be inaccurate, approximate err = 3.572548813248396e-13
  return f(*arrays, *other_args, **kwargs)
/home/lauter/venvs/cof-landscaper/lib/python3.12/site-packages/scipy/_lib/_util.py:1181: RuntimeWarning: logm result may be inaccurate, approximate err = 3.506277420229558e-13
  return f(*arrays, *other_args, **kwargs)
/home/lauter/venvs/cof-landscaper/lib/python3.12/site-packages/scipy/_lib/_util.py:1181: RuntimeWarning: logm result may be inaccurate, approximate err = 3.4797416130751036e-13
  return f(*arrays, *other_args, **kwargs)
/home/lauter/venvs/cof-landscaper/lib/python3.12/site-packages/scipy/_lib/_util.py:1181: RuntimeWarning: logm result may be inaccurate, approximate err = 3.569580031887349e-13
  return f(*arrays, *other_args, **kwargs)
/home/lauter/venvs/cof-landscaper/lib/python3.12/site-packages/scipy/_lib/_util.py:1181: RuntimeWarning: logm result may be inaccurate, approximate err = 3.5768517014593075e-13
  return f(*arrays, *other_args, **kwargs)
/home/lauter/venvs/cof-landscaper/lib/python3.12/site-packages/scipy/_lib/_util.py:1181: RuntimeWarning: logm result may be inaccurate, approximate err = 3.3549890694854353e-13
  return f(*arrays, *other_args, **kwargs)
/home/lauter/venvs/cof-landscaper/lib/python3.12/site-packages/scipy/_lib/_util.py:1181: RuntimeWarning: logm result may be inaccurate, approximate err = 3.4010326004076745e-13
  return f(*arrays, *other_args, **kwargs)
/home/lauter/venvs/cof-landscaper/lib/python3.12/site-packages/scipy/_lib/_util.py:1181: RuntimeWarning: logm result may be inaccurate, approximate err = 3.3509603590350723e-13
  return f(*arrays, *other_args, **kwargs)
/home/lauter/venvs/cof-landscaper/lib/python3.12/site-packages/scipy/_lib/_util.py:1181: RuntimeWarning: logm result may be inaccurate, approximate err = 3.327266080223127e-13
  return f(*arrays, *other_args, **kwargs)
/home/lauter/venvs/cof-landscaper/lib/python3.12/site-packages/scipy/_lib/_util.py:1181: RuntimeWarning: logm result may be inaccurate, approximate err = 3.336393393941015e-13
  return f(*arrays, *other_args, **kwargs)
/home/lauter/venvs/cof-landscaper/lib/python3.12/site-packages/scipy/_lib/_util.py:1181: RuntimeWarning: logm result may be inaccurate, approximate err = 3.3283117408534295e-13
  return f(*arrays, *other_args, **kwargs)
/home/lauter/venvs/cof-landscaper/lib/python3.12/site-packages/scipy/_lib/_util.py:1181: RuntimeWarning: logm result may be inaccurate, approximate err = 3.371283639597013e-13
  return f(*arrays, *other_args, **kwargs)
/home/lauter/venvs/cof-landscaper/lib/python3.12/site-packages/scipy/_lib/_util.py:1181: RuntimeWarning: logm result may be inaccurate, approximate err = 3.400298466174271e-13
  return f(*arrays, *other_args, **kwargs)
/home/lauter/venvs/cof-landscaper/lib/python3.12/site-packages/scipy/_lib/_util.py:1181: RuntimeWarning: logm result may be inaccurate, approximate err = 3.3347412712674446e-13
  return f(*arrays, *other_args, **kwargs)
/home/lauter/venvs/cof-landscaper/lib/python3.12/site-packages/scipy/_lib/_util.py:1181: RuntimeWarning: logm result may be inaccurate, approximate err = 3.3524555703256503e-13
  return f(*arrays, *other_args, **kwargs)
/home/lauter/venvs/cof-landscaper/lib/python3.12/site-packages/scipy/_lib/_util.py:1181: RuntimeWarning: logm result may be inaccurate, approximate err = 3.339269427417517e-13
  return f(*arrays, *other_args, **kwargs)
/home/lauter/venvs/cof-landscaper/lib/python3.12/site-packages/scipy/_lib/_util.py:1181: RuntimeWarning: logm result may be inaccurate, approximate err = 3.3283860391995644e-13
  return f(*arrays, *other_args, **kwargs)
/home/lauter/venvs/cof-landscaper/lib/python3.12/site-packages/scipy/_lib/_util.py:1181: RuntimeWarning: logm result may be inaccurate, approximate err = 3.362547758490454e-13
  return f(*arrays, *other_args, **kwargs)
/home/lauter/venvs/cof-landscaper/lib/python3.12/site-packages/scipy/_lib/_util.py:1181: RuntimeWarning: logm result may be inaccurate, approximate err = 3.321999176319222e-13
  return f(*arrays, *other_args, **kwargs)
/home/lauter/venvs/cof-landscaper/lib/python3.12/site-packages/scipy/_lib/_util.py:1181: RuntimeWarning: logm result may be inaccurate, approximate err = 3.391091509014772e-13
  return f(*arrays, *other_args, **kwargs)
/home/lauter/venvs/cof-landscaper/lib/python3.12/site-packages/scipy/_lib/_util.py:1181: RuntimeWarning: logm result may be inaccurate, approximate err = 3.3636285944932345e-13
  return f(*arrays, *other_args, **kwargs)
/home/lauter/venvs/cof-landscaper/lib/python3.12/site-packages/scipy/_lib/_util.py:1181: RuntimeWarning: logm result may be inaccurate, approximate err = 3.3175580570478846e-13
  return f(*arrays, *other_args, **kwargs)
/home/lauter/venvs/cof-landscaper/lib/python3.12/site-packages/scipy/_lib/_util.py:1181: RuntimeWarning: logm result may be inaccurate, approximate err = 3.3711162616000246e-13
  return f(*arrays, *other_args, **kwargs)
/home/lauter/venvs/cof-landscaper/lib/python3.12/site-packages/scipy/_lib/_util.py:1181: RuntimeWarning: logm result may be inaccurate, approximate err = 3.387921704377964e-13
  return f(*arrays, *other_args, **kwargs)
/home/lauter/venvs/cof-landscaper/lib/python3.12/site-packages/scipy/_lib/_util.py:1181: RuntimeWarning: logm result may be inaccurate, approximate err = 3.348137608213164e-13
  return f(*arrays, *other_args, **kwargs)
/home/lauter/venvs/cof-landscaper/lib/python3.12/site-packages/scipy/_lib/_util.py:1181: RuntimeWarning: logm result may be inaccurate, approximate err = 3.316635760810606e-13
  return f(*arrays, *other_args, **kwargs)
/home/lauter/venvs/cof-landscaper/lib/python3.12/site-packages/scipy/_lib/_util.py:1181: RuntimeWarning: logm result may be inaccurate, approximate err = 3.3436770740748736e-13
  return f(*arrays, *other_args, **kwargs)
/home/lauter/venvs/cof-landscaper/lib/python3.12/site-packages/scipy/_lib/_util.py:1181: RuntimeWarning: logm result may be inaccurate, approximate err = 3.35267593432082e-13
  return f(*arrays, *other_args, **kwargs)
/home/lauter/venvs/cof-landscaper/lib/python3.12/site-packages/scipy/_lib/_util.py:1181: RuntimeWarning: logm result may be inaccurate, approximate err = 3.352024491582677e-13
  return f(*arrays, *other_args, **kwargs)
/home/lauter/venvs/cof-landscaper/lib/python3.12/site-packages/scipy/_lib/_util.py:1181: RuntimeWarning: logm result may be inaccurate, approximate err = 3.3032152703512015e-13
  return f(*arrays, *other_args, **kwargs)
/home/lauter/venvs/cof-landscaper/lib/python3.12/site-packages/scipy/_lib/_util.py:1181: RuntimeWarning: logm result may be inaccurate, approximate err = 3.3345781526520367e-13
  return f(*arrays, *other_args, **kwargs)
/home/lauter/venvs/cof-landscaper/lib/python3.12/site-packages/scipy/_lib/_util.py:1181: RuntimeWarning: logm result may be inaccurate, approximate err = 3.311873738451241e-13
  return f(*arrays, *other_args, **kwargs)
/home/lauter/venvs/cof-landscaper/lib/python3.12/site-packages/scipy/_lib/_util.py:1181: RuntimeWarning: logm result may be inaccurate, approximate err = 3.3201459603926434e-13
  return f(*arrays, *other_args, **kwargs)
/home/lauter/venvs/cof-landscaper/lib/python3.12/site-packages/scipy/_lib/_util.py:1181: RuntimeWarning: logm result may be inaccurate, approximate err = 3.344338883476369e-13
  return f(*arrays, *other_args, **kwargs)
/home/lauter/venvs/cof-landscaper/lib/python3.12/site-packages/scipy/_lib/_util.py:1181: RuntimeWarning: logm result may be inaccurate, approximate err = 3.4137082593774247e-13
  return f(*arrays, *other_args, **kwargs)
/home/lauter/venvs/cof-landscaper/lib/python3.12/site-packages/scipy/_lib/_util.py:1181: RuntimeWarning: logm result may be inaccurate, approximate err = 3.367756702210381e-13
  return f(*arrays, *other_args, **kwargs)
/home/lauter/venvs/cof-landscaper/lib/python3.12/site-packages/scipy/_lib/_util.py:1181: RuntimeWarning: logm result may be inaccurate, approximate err = 3.389158343695245e-13
  return f(*arrays, *other_args, **kwargs)
/home/lauter/venvs/cof-landscaper/lib/python3.12/site-packages/scipy/_lib/_util.py:1181: RuntimeWarning: logm result may be inaccurate, approximate err = 3.381365719679342e-13
  return f(*arrays, *other_args, **kwargs)
/home/lauter/venvs/cof-landscaper/lib/python3.12/site-packages/scipy/_lib/_util.py:1181: RuntimeWarning: logm result may be inaccurate, approximate err = 3.332098697545426e-13
  return f(*arrays, *other_args, **kwargs)
/home/lauter/venvs/cof-landscaper/lib/python3.12/site-packages/scipy/_lib/_util.py:1181: RuntimeWarning: logm result may be inaccurate, approximate err = 3.3659693146445914e-13
  return f(*arrays, *other_args, **kwargs)
/home/lauter/venvs/cof-landscaper/lib/python3.12/site-packages/scipy/_lib/_util.py:1181: RuntimeWarning: logm result may be inaccurate, approximate err = 3.3517928779756897e-13
  return f(*arrays, *other_args, **kwargs)
/home/lauter/venvs/cof-landscaper/lib/python3.12/site-packages/scipy/_lib/_util.py:1181: RuntimeWarning: logm result may be inaccurate, approximate err = 3.297221715091078e-13
  return f(*arrays, *other_args, **kwargs)
/home/lauter/venvs/cof-landscaper/lib/python3.12/site-packages/scipy/_lib/_util.py:1181: RuntimeWarning: logm result may be inaccurate, approximate err = 3.3648428183977e-13
  return f(*arrays, *other_args, **kwargs)
/home/lauter/venvs/cof-landscaper/lib/python3.12/site-packages/scipy/_lib/_util.py:1181: RuntimeWarning: logm result may be inaccurate, approximate err = 3.3937795725385834e-13
  return f(*arrays, *other_args, **kwargs)
/home/lauter/venvs/cof-landscaper/lib/python3.12/site-packages/scipy/_lib/_util.py:1181: RuntimeWarning: logm result may be inaccurate, approximate err = 3.3807235423827493e-13
  return f(*arrays, *other_args, **kwargs)
/home/lauter/venvs/cof-landscaper/lib/python3.12/site-packages/scipy/_lib/_util.py:1181: RuntimeWarning: logm result may be inaccurate, approximate err = 3.349221964359761e-13
  return f(*arrays, *other_args, **kwargs)
/home/lauter/venvs/cof-landscaper/lib/python3.12/site-packages/scipy/_lib/_util.py:1181: RuntimeWarning: logm result may be inaccurate, approximate err = 3.4205452235887277e-13
  return f(*arrays, *other_args, **kwargs)
/home/lauter/venvs/cof-landscaper/lib/python3.12/site-packages/scipy/_lib/_util.py:1181: RuntimeWarning: logm result may be inaccurate, approximate err = 3.3337862874928943e-13
  return f(*arrays, *other_args, **kwargs)
/home/lauter/venvs/cof-landscaper/lib/python3.12/site-packages/scipy/_lib/_util.py:1181: RuntimeWarning: logm result may be inaccurate, approximate err = 3.3146719496112943e-13
  return f(*arrays, *other_args, **kwargs)
/home/lauter/venvs/cof-landscaper/lib/python3.12/site-packages/scipy/_lib/_util.py:1181: RuntimeWarning: logm result may be inaccurate, approximate err = 3.3656562936917784e-13
  return f(*arrays, *other_args, **kwargs)
/home/lauter/venvs/cof-landscaper/lib/python3.12/site-packages/scipy/_lib/_util.py:1181: RuntimeWarning: logm result may be inaccurate, approximate err = 3.3456920344495694e-13
  return f(*arrays, *other_args, **kwargs)
/home/lauter/venvs/cof-landscaper/lib/python3.12/site-packages/scipy/_lib/_util.py:1181: RuntimeWarning: logm result may be inaccurate, approximate err = 3.380522093310811e-13
  return f(*arrays, *other_args, **kwargs)
/home/lauter/venvs/cof-landscaper/lib/python3.12/site-packages/scipy/_lib/_util.py:1181: RuntimeWarning: logm result may be inaccurate, approximate err = 3.363261620818368e-13
  return f(*arrays, *other_args, **kwargs)
/home/lauter/venvs/cof-landscaper/lib/python3.12/site-packages/scipy/_lib/_util.py:1181: RuntimeWarning: logm result may be inaccurate, approximate err = 3.384830662928812e-13
  return f(*arrays, *other_args, **kwargs)
/home/lauter/venvs/cof-landscaper/lib/python3.12/site-packages/scipy/_lib/_util.py:1181: RuntimeWarning: logm result may be inaccurate, approximate err = 3.4310771784691056e-13
  return f(*arrays, *other_args, **kwargs)
/home/lauter/venvs/cof-landscaper/lib/python3.12/site-packages/scipy/_lib/_util.py:1181: RuntimeWarning: logm result may be inaccurate, approximate err = 3.3601940803691745e-13
  return f(*arrays, *other_args, **kwargs)
/home/lauter/venvs/cof-landscaper/lib/python3.12/site-packages/scipy/_lib/_util.py:1181: RuntimeWarning: logm result may be inaccurate, approximate err = 3.353014173982186e-13
  return f(*arrays, *other_args, **kwargs)
/home/lauter/venvs/cof-landscaper/lib/python3.12/site-packages/scipy/_lib/_util.py:1181: RuntimeWarning: logm result may be inaccurate, approximate err = 3.3704623487692204e-13
  return f(*arrays, *other_args, **kwargs)
/home/lauter/venvs/cof-landscaper/lib/python3.12/site-packages/scipy/_lib/_util.py:1181: RuntimeWarning: logm result may be inaccurate, approximate err = 3.3647881887034334e-13
  return f(*arrays, *other_args, **kwargs)
/home/lauter/venvs/cof-landscaper/lib/python3.12/site-packages/scipy/_lib/_util.py:1181: RuntimeWarning: logm result may be inaccurate, approximate err = 3.3512284724107167e-13
  return f(*arrays, *other_args, **kwargs)
/home/lauter/venvs/cof-landscaper/lib/python3.12/site-packages/scipy/_lib/_util.py:1181: RuntimeWarning: logm result may be inaccurate, approximate err = 3.4032971400237977e-13
  return f(*arrays, *other_args, **kwargs)
/home/lauter/venvs/cof-landscaper/lib/python3.12/site-packages/scipy/_lib/_util.py:1181: RuntimeWarning: logm result may be inaccurate, approximate err = 3.3603243485216747e-13
  return f(*arrays, *other_args, **kwargs)
/home/lauter/venvs/cof-landscaper/lib/python3.12/site-packages/scipy/_lib/_util.py:1181: RuntimeWarning: logm result may be inaccurate, approximate err = 3.405563498918368e-13
  return f(*arrays, *other_args, **kwargs)
/home/lauter/venvs/cof-landscaper/lib/python3.12/site-packages/scipy/_lib/_util.py:1181: RuntimeWarning: logm result may be inaccurate, approximate err = 3.417251327154374e-13
  return f(*arrays, *other_args, **kwargs)
/home/lauter/venvs/cof-landscaper/lib/python3.12/site-packages/scipy/_lib/_util.py:1181: RuntimeWarning: logm result may be inaccurate, approximate err = 3.4571659111426654e-13
  return f(*arrays, *other_args, **kwargs)
/home/lauter/venvs/cof-landscaper/lib/python3.12/site-packages/scipy/_lib/_util.py:1181: RuntimeWarning: logm result may be inaccurate, approximate err = 3.3574052731175897e-13
  return f(*arrays, *other_args, **kwargs)
/home/lauter/venvs/cof-landscaper/lib/python3.12/site-packages/scipy/_lib/_util.py:1181: RuntimeWarning: logm result may be inaccurate, approximate err = 3.341791974210262e-13
  return f(*arrays, *other_args, **kwargs)
/home/lauter/venvs/cof-landscaper/lib/python3.12/site-packages/scipy/_lib/_util.py:1181: RuntimeWarning: logm result may be inaccurate, approximate err = 3.372817565744099e-13
  return f(*arrays, *other_args, **kwargs)
/home/lauter/venvs/cof-landscaper/lib/python3.12/site-packages/scipy/_lib/_util.py:1181: RuntimeWarning: logm result may be inaccurate, approximate err = 3.420690787197213e-13
  return f(*arrays, *other_args, **kwargs)
/home/lauter/venvs/cof-landscaper/lib/python3.12/site-packages/scipy/_lib/_util.py:1181: RuntimeWarning: logm result may be inaccurate, approximate err = 3.3590311715500766e-13
  return f(*arrays, *other_args, **kwargs)
/home/lauter/venvs/cof-landscaper/lib/python3.12/site-packages/scipy/_lib/_util.py:1181: RuntimeWarning: logm result may be inaccurate, approximate err = 3.4613859946649473e-13
  return f(*arrays, *other_args, **kwargs)
/home/lauter/venvs/cof-landscaper/lib/python3.12/site-packages/scipy/_lib/_util.py:1181: RuntimeWarning: logm result may be inaccurate, approximate err = 3.4304007042063287e-13
  return f(*arrays, *other_args, **kwargs)
/home/lauter/venvs/cof-landscaper/lib/python3.12/site-packages/scipy/_lib/_util.py:1181: RuntimeWarning: logm result may be inaccurate, approximate err = 3.3900174411145144e-13
  return f(*arrays, *other_args, **kwargs)
/home/lauter/venvs/cof-landscaper/lib/python3.12/site-packages/scipy/_lib/_util.py:1181: RuntimeWarning: logm result may be inaccurate, approximate err = 3.368536029467836e-13
  return f(*arrays, *other_args, **kwargs)
/home/lauter/venvs/cof-landscaper/lib/python3.12/site-packages/scipy/_lib/_util.py:1181: RuntimeWarning: logm result may be inaccurate, approximate err = 3.428943862544197e-13
  return f(*arrays, *other_args, **kwargs)
/home/lauter/venvs/cof-landscaper/lib/python3.12/site-packages/scipy/_lib/_util.py:1181: RuntimeWarning: logm result may be inaccurate, approximate err = 3.386709892784663e-13
  return f(*arrays, *other_args, **kwargs)
/home/lauter/venvs/cof-landscaper/lib/python3.12/site-packages/scipy/_lib/_util.py:1181: RuntimeWarning: logm result may be inaccurate, approximate err = 3.388760763645818e-13
  return f(*arrays, *other_args, **kwargs)
/home/lauter/venvs/cof-landscaper/lib/python3.12/site-packages/scipy/_lib/_util.py:1181: RuntimeWarning: logm result may be inaccurate, approximate err = 3.4189407452406656e-13
  return f(*arrays, *other_args, **kwargs)
/home/lauter/venvs/cof-landscaper/lib/python3.12/site-packages/scipy/_lib/_util.py:1181: RuntimeWarning: logm result may be inaccurate, approximate err = 3.3881446028955106e-13
  return f(*arrays, *other_args, **kwargs)
/home/lauter/venvs/cof-landscaper/lib/python3.12/site-packages/scipy/_lib/_util.py:1181: RuntimeWarning: logm result may be inaccurate, approximate err = 3.405522933403569e-13
  return f(*arrays, *other_args, **kwargs)
/home/lauter/venvs/cof-landscaper/lib/python3.12/site-packages/scipy/_lib/_util.py:1181: RuntimeWarning: logm result may be inaccurate, approximate err = 3.386644670478138e-13
  return f(*arrays, *other_args, **kwargs)
/home/lauter/venvs/cof-landscaper/lib/python3.12/site-packages/scipy/_lib/_util.py:1181: RuntimeWarning: logm result may be inaccurate, approximate err = 3.375921866480512e-13
  return f(*arrays, *other_args, **kwargs)
/home/lauter/venvs/cof-landscaper/lib/python3.12/site-packages/scipy/_lib/_util.py:1181: RuntimeWarning: logm result may be inaccurate, approximate err = 3.476367483715659e-13
  return f(*arrays, *other_args, **kwargs)
/home/lauter/venvs/cof-landscaper/lib/python3.12/site-packages/scipy/_lib/_util.py:1181: RuntimeWarning: logm result may be inaccurate, approximate err = 3.514102188444041e-13
  return f(*arrays, *other_args, **kwargs)
/home/lauter/venvs/cof-landscaper/lib/python3.12/site-packages/scipy/_lib/_util.py:1181: RuntimeWarning: logm result may be inaccurate, approximate err = 3.3754391849053316e-13
  return f(*arrays, *other_args, **kwargs)
/home/lauter/venvs/cof-landscaper/lib/python3.12/site-packages/scipy/_lib/_util.py:1181: RuntimeWarning: logm result may be inaccurate, approximate err = 3.4097281961791615e-13
  return f(*arrays, *other_args, **kwargs)
/home/lauter/venvs/cof-landscaper/lib/python3.12/site-packages/scipy/_lib/_util.py:1181: RuntimeWarning: logm result may be inaccurate, approximate err = 3.3589901620109565e-13
  return f(*arrays, *other_args, **kwargs)
/home/lauter/venvs/cof-landscaper/lib/python3.12/site-packages/scipy/_lib/_util.py:1181: RuntimeWarning: logm result may be inaccurate, approximate err = 3.4415653978462917e-13
  return f(*arrays, *other_args, **kwargs)
/home/lauter/venvs/cof-landscaper/lib/python3.12/site-packages/scipy/_lib/_util.py:1181: RuntimeWarning: logm result may be inaccurate, approximate err = 3.422824370406384e-13
  return f(*arrays, *other_args, **kwargs)
/home/lauter/venvs/cof-landscaper/lib/python3.12/site-packages/scipy/_lib/_util.py:1181: RuntimeWarning: logm result may be inaccurate, approximate err = 3.3508758445273807e-13
  return f(*arrays, *other_args, **kwargs)
/home/lauter/venvs/cof-landscaper/lib/python3.12/site-packages/scipy/_lib/_util.py:1181: RuntimeWarning: logm result may be inaccurate, approximate err = 3.416890070663022e-13
  return f(*arrays, *other_args, **kwargs)
/home/lauter/venvs/cof-landscaper/lib/python3.12/site-packages/scipy/_lib/_util.py:1181: RuntimeWarning: logm result may be inaccurate, approximate err = 3.4243392652999815e-13
  return f(*arrays, *other_args, **kwargs)
/home/lauter/venvs/cof-landscaper/lib/python3.12/site-packages/scipy/_lib/_util.py:1181: RuntimeWarning: logm result may be inaccurate, approximate err = 3.431934573823303e-13
  return f(*arrays, *other_args, **kwargs)
/home/lauter/venvs/cof-landscaper/lib/python3.12/site-packages/scipy/_lib/_util.py:1181: RuntimeWarning: logm result may be inaccurate, approximate err = 3.4400899708716364e-13
  return f(*arrays, *other_args, **kwargs)
/home/lauter/venvs/cof-landscaper/lib/python3.12/site-packages/scipy/_lib/_util.py:1181: RuntimeWarning: logm result may be inaccurate, approximate err = 3.4450910597829147e-13
  return f(*arrays, *other_args, **kwargs)
/home/lauter/venvs/cof-landscaper/lib/python3.12/site-packages/scipy/_lib/_util.py:1181: RuntimeWarning: logm result may be inaccurate, approximate err = 3.4543131671469835e-13
  return f(*arrays, *other_args, **kwargs)
/home/lauter/venvs/cof-landscaper/lib/python3.12/site-packages/scipy/_lib/_util.py:1181: RuntimeWarning: logm result may be inaccurate, approximate err = 3.412363036752493e-13
  return f(*arrays, *other_args, **kwargs)
/home/lauter/venvs/cof-landscaper/lib/python3.12/site-packages/scipy/_lib/_util.py:1181: RuntimeWarning: logm result may be inaccurate, approximate err = 3.502914890640468e-13
  return f(*arrays, *other_args, **kwargs)
/home/lauter/venvs/cof-landscaper/lib/python3.12/site-packages/scipy/_lib/_util.py:1181: RuntimeWarning: logm result may be inaccurate, approximate err = 3.4698239212063844e-13
  return f(*arrays, *other_args, **kwargs)
/home/lauter/venvs/cof-landscaper/lib/python3.12/site-packages/scipy/_lib/_util.py:1181: RuntimeWarning: logm result may be inaccurate, approximate err = 3.4397548053360356e-13
  return f(*arrays, *other_args, **kwargs)
/home/lauter/venvs/cof-landscaper/lib/python3.12/site-packages/scipy/_lib/_util.py:1181: RuntimeWarning: logm result may be inaccurate, approximate err = 3.482338305730074e-13
  return f(*arrays, *other_args, **kwargs)
/home/lauter/venvs/cof-landscaper/lib/python3.12/site-packages/scipy/_lib/_util.py:1181: RuntimeWarning: logm result may be inaccurate, approximate err = 3.4432175899236303e-13
  return f(*arrays, *other_args, **kwargs)
/home/lauter/venvs/cof-landscaper/lib/python3.12/site-packages/scipy/_lib/_util.py:1181: RuntimeWarning: logm result may be inaccurate, approximate err = 3.568396206116905e-13
  return f(*arrays, *other_args, **kwargs)
/home/lauter/venvs/cof-landscaper/lib/python3.12/site-packages/scipy/_lib/_util.py:1181: RuntimeWarning: logm result may be inaccurate, approximate err = 3.5274322528233194e-13
  return f(*arrays, *other_args, **kwargs)
/home/lauter/venvs/cof-landscaper/lib/python3.12/site-packages/scipy/_lib/_util.py:1181: RuntimeWarning: logm result may be inaccurate, approximate err = 3.534785791860392e-13
  return f(*arrays, *other_args, **kwargs)
/home/lauter/venvs/cof-landscaper/lib/python3.12/site-packages/scipy/_lib/_util.py:1181: RuntimeWarning: logm result may be inaccurate, approximate err = 3.504609629186907e-13
  return f(*arrays, *other_args, **kwargs)
/home/lauter/venvs/cof-landscaper/lib/python3.12/site-packages/scipy/_lib/_util.py:1181: RuntimeWarning: logm result may be inaccurate, approximate err = 3.5797677551239705e-13
  return f(*arrays, *other_args, **kwargs)
/home/lauter/venvs/cof-landscaper/lib/python3.12/site-packages/scipy/_lib/_util.py:1181: RuntimeWarning: logm result may be inaccurate, approximate err = 3.5746512682161776e-13
  return f(*arrays, *other_args, **kwargs)
/home/lauter/venvs/cof-landscaper/lib/python3.12/site-packages/scipy/_lib/_util.py:1181: RuntimeWarning: logm result may be inaccurate, approximate err = 3.546639341245176e-13
  return f(*arrays, *other_args, **kwargs)
/home/lauter/venvs/cof-landscaper/lib/python3.12/site-packages/scipy/_lib/_util.py:1181: RuntimeWarning: logm result may be inaccurate, approximate err = 3.52375840680633e-13
  return f(*arrays, *other_args, **kwargs)
/home/lauter/venvs/cof-landscaper/lib/python3.12/site-packages/scipy/_lib/_util.py:1181: RuntimeWarning: logm result may be inaccurate, approximate err = 3.6225319440159666e-13
  return f(*arrays, *other_args, **kwargs)
/home/lauter/venvs/cof-landscaper/lib/python3.12/site-packages/scipy/_lib/_util.py:1181: RuntimeWarning: logm result may be inaccurate, approximate err = 3.585416487902e-13
  return f(*arrays, *other_args, **kwargs)
/home/lauter/venvs/cof-landscaper/lib/python3.12/site-packages/scipy/_lib/_util.py:1181: RuntimeWarning: logm result may be inaccurate, approximate err = 3.651676520466889e-13
  return f(*arrays, *other_args, **kwargs)
/home/lauter/venvs/cof-landscaper/lib/python3.12/site-packages/scipy/_lib/_util.py:1181: RuntimeWarning: logm result may be inaccurate, approximate err = 3.609455601604233e-13
  return f(*arrays, *other_args, **kwargs)
/home/lauter/venvs/cof-landscaper/lib/python3.12/site-packages/scipy/_lib/_util.py:1181: RuntimeWarning: logm result may be inaccurate, approximate err = 3.640698892326866e-13
  return f(*arrays, *other_args, **kwargs)
/home/lauter/venvs/cof-landscaper/lib/python3.12/site-packages/scipy/_lib/_util.py:1181: RuntimeWarning: logm result may be inaccurate, approximate err = 3.635448974744391e-13
  return f(*arrays, *other_args, **kwargs)
/home/lauter/venvs/cof-landscaper/lib/python3.12/site-packages/scipy/_lib/_util.py:1181: RuntimeWarning: logm result may be inaccurate, approximate err = 3.5804389614548e-13
  return f(*arrays, *other_args, **kwargs)
/home/lauter/venvs/cof-landscaper/lib/python3.12/site-packages/scipy/_lib/_util.py:1181: RuntimeWarning: logm result may be inaccurate, approximate err = 3.643527011697823e-13
  return f(*arrays, *other_args, **kwargs)
/home/lauter/venvs/cof-landscaper/lib/python3.12/site-packages/scipy/_lib/_util.py:1181: RuntimeWarning: logm result may be inaccurate, approximate err = 3.6563103701564695e-13
  return f(*arrays, *other_args, **kwargs)
/home/lauter/venvs/cof-landscaper/lib/python3.12/site-packages/scipy/_lib/_util.py:1181: RuntimeWarning: logm result may be inaccurate, approximate err = 3.7221214329777127e-13
  return f(*arrays, *other_args, **kwargs)
/home/lauter/venvs/cof-landscaper/lib/python3.12/site-packages/scipy/_lib/_util.py:1181: RuntimeWarning: logm result may be inaccurate, approximate err = 3.59045554435027e-13
  return f(*arrays, *other_args, **kwargs)
/home/lauter/venvs/cof-landscaper/lib/python3.12/site-packages/scipy/_lib/_util.py:1181: RuntimeWarning: logm result may be inaccurate, approximate err = 3.7304030555057524e-13
  return f(*arrays, *other_args, **kwargs)
/home/lauter/venvs/cof-landscaper/lib/python3.12/site-packages/scipy/_lib/_util.py:1181: RuntimeWarning: logm result may be inaccurate, approximate err = 3.7662766104615984e-13
  return f(*arrays, *other_args, **kwargs)
/home/lauter/venvs/cof-landscaper/lib/python3.12/site-packages/scipy/_lib/_util.py:1181: RuntimeWarning: logm result may be inaccurate, approximate err = 3.764064859122395e-13
  return f(*arrays, *other_args, **kwargs)
/home/lauter/venvs/cof-landscaper/lib/python3.12/site-packages/scipy/_lib/_util.py:1181: RuntimeWarning: logm result may be inaccurate, approximate err = 3.8096471316227084e-13
  return f(*arrays, *other_args, **kwargs)
/home/lauter/venvs/cof-landscaper/lib/python3.12/site-packages/scipy/_lib/_util.py:1181: RuntimeWarning: logm result may be inaccurate, approximate err = 3.736626128045483e-13
  return f(*arrays, *other_args, **kwargs)
/home/lauter/venvs/cof-landscaper/lib/python3.12/site-packages/scipy/_lib/_util.py:1181: RuntimeWarning: logm result may be inaccurate, approximate err = 3.7865405554551104e-13
  return f(*arrays, *other_args, **kwargs)
/home/lauter/venvs/cof-landscaper/lib/python3.12/site-packages/scipy/_lib/_util.py:1181: RuntimeWarning: logm result may be inaccurate, approximate err = 3.9187871513203586e-13
  return f(*arrays, *other_args, **kwargs)
/home/lauter/venvs/cof-landscaper/lib/python3.12/site-packages/scipy/_lib/_util.py:1181: RuntimeWarning: logm result may be inaccurate, approximate err = 3.879168767125765e-13
  return f(*arrays, *other_args, **kwargs)
/home/lauter/venvs/cof-landscaper/lib/python3.12/site-packages/scipy/_lib/_util.py:1181: RuntimeWarning: logm result may be inaccurate, approximate err = 3.9133492406685967e-13
  return f(*arrays, *other_args, **kwargs)
/home/lauter/venvs/cof-landscaper/lib/python3.12/site-packages/scipy/_lib/_util.py:1181: RuntimeWarning: logm result may be inaccurate, approximate err = 3.9248051646431645e-13
  return f(*arrays, *other_args, **kwargs)
/home/lauter/venvs/cof-landscaper/lib/python3.12/site-packages/scipy/_lib/_util.py:1181: RuntimeWarning: logm result may be inaccurate, approximate err = 3.9605665477427113e-13
  return f(*arrays, *other_args, **kwargs)
/home/lauter/venvs/cof-landscaper/lib/python3.12/site-packages/scipy/_lib/_util.py:1181: RuntimeWarning: logm result may be inaccurate, approximate err = 3.9390292436602815e-13
  return f(*arrays, *other_args, **kwargs)
/home/lauter/venvs/cof-landscaper/lib/python3.12/site-packages/scipy/_lib/_util.py:1181: RuntimeWarning: logm result may be inaccurate, approximate err = 3.9087189913135364e-13
  return f(*arrays, *other_args, **kwargs)
/home/lauter/venvs/cof-landscaper/lib/python3.12/site-packages/scipy/_lib/_util.py:1181: RuntimeWarning: logm result may be inaccurate, approximate err = 3.968621348539954e-13
  return f(*arrays, *other_args, **kwargs)
/home/lauter/venvs/cof-landscaper/lib/python3.12/site-packages/scipy/_lib/_util.py:1181: RuntimeWarning: logm result may be inaccurate, approximate err = 3.9996742991783016e-13
  return f(*arrays, *other_args, **kwargs)
/home/lauter/venvs/cof-landscaper/lib/python3.12/site-packages/scipy/_lib/_util.py:1181: RuntimeWarning: logm result may be inaccurate, approximate err = 3.997002635109857e-13
  return f(*arrays, *other_args, **kwargs)
/home/lauter/venvs/cof-landscaper/lib/python3.12/site-packages/scipy/_lib/_util.py:1181: RuntimeWarning: logm result may be inaccurate, approximate err = 4.0622141869000777e-13
  return f(*arrays, *other_args, **kwargs)
/home/lauter/venvs/cof-landscaper/lib/python3.12/site-packages/scipy/_lib/_util.py:1181: RuntimeWarning: logm result may be inaccurate, approximate err = 4.0138506395922157e-13
  return f(*arrays, *other_args, **kwargs)
/home/lauter/venvs/cof-landscaper/lib/python3.12/site-packages/scipy/_lib/_util.py:1181: RuntimeWarning: logm result may be inaccurate, approximate err = 4.0657599214222093e-13
  return f(*arrays, *other_args, **kwargs)
/home/lauter/venvs/cof-landscaper/lib/python3.12/site-packages/scipy/_lib/_util.py:1181: RuntimeWarning: logm result may be inaccurate, approximate err = 4.0716025352677395e-13
  return f(*arrays, *other_args, **kwargs)
/home/lauter/venvs/cof-landscaper/lib/python3.12/site-packages/scipy/_lib/_util.py:1181: RuntimeWarning: logm result may be inaccurate, approximate err = 4.1026975707787187e-13
  return f(*arrays, *other_args, **kwargs)
/home/lauter/venvs/cof-landscaper/lib/python3.12/site-packages/scipy/_lib/_util.py:1181: RuntimeWarning: logm result may be inaccurate, approximate err = 4.054972723965925e-13
  return f(*arrays, *other_args, **kwargs)
/home/lauter/venvs/cof-landscaper/lib/python3.12/site-packages/scipy/_lib/_util.py:1181: RuntimeWarning: logm result may be inaccurate, approximate err = 4.1901936915667035e-13
  return f(*arrays, *other_args, **kwargs)
/home/lauter/venvs/cof-landscaper/lib/python3.12/site-packages/scipy/_lib/_util.py:1181: RuntimeWarning: logm result may be inaccurate, approximate err = 4.1006107491788146e-13
  return f(*arrays, *other_args, **kwargs)
/home/lauter/venvs/cof-landscaper/lib/python3.12/site-packages/scipy/_lib/_util.py:1181: RuntimeWarning: logm result may be inaccurate, approximate err = 4.2425327809069034e-13
  return f(*arrays, *other_args, **kwargs)
/home/lauter/venvs/cof-landscaper/lib/python3.12/site-packages/scipy/_lib/_util.py:1181: RuntimeWarning: logm result may be inaccurate, approximate err = 4.3116002853547017e-13
  return f(*arrays, *other_args, **kwargs)
/home/lauter/venvs/cof-landscaper/lib/python3.12/site-packages/scipy/_lib/_util.py:1181: RuntimeWarning: logm result may be inaccurate, approximate err = 4.2641518084448673e-13
  return f(*arrays, *other_args, **kwargs)
/home/lauter/venvs/cof-landscaper/lib/python3.12/site-packages/scipy/_lib/_util.py:1181: RuntimeWarning: logm result may be inaccurate, approximate err = 4.354758169097894e-13
  return f(*arrays, *other_args, **kwargs)
/home/lauter/venvs/cof-landscaper/lib/python3.12/site-packages/scipy/_lib/_util.py:1181: RuntimeWarning: logm result may be inaccurate, approximate err = 4.357565065006924e-13
  return f(*arrays, *other_args, **kwargs)
/home/lauter/venvs/cof-landscaper/lib/python3.12/site-packages/scipy/_lib/_util.py:1181: RuntimeWarning: logm result may be inaccurate, approximate err = 4.31125730850734e-13
  return f(*arrays, *other_args, **kwargs)
/home/lauter/venvs/cof-landscaper/lib/python3.12/site-packages/scipy/_lib/_util.py:1181: RuntimeWarning: logm result may be inaccurate, approximate err = 4.4123103398003385e-13
  return f(*arrays, *other_args, **kwargs)
/home/lauter/venvs/cof-landscaper/lib/python3.12/site-packages/scipy/_lib/_util.py:1181: RuntimeWarning: logm result may be inaccurate, approximate err = 4.3800977021314845e-13
  return f(*arrays, *other_args, **kwargs)
/home/lauter/venvs/cof-landscaper/lib/python3.12/site-packages/scipy/_lib/_util.py:1181: RuntimeWarning: logm result may be inaccurate, approximate err = 4.4381018622328016e-13
  return f(*arrays, *other_args, **kwargs)
/home/lauter/venvs/cof-landscaper/lib/python3.12/site-packages/scipy/_lib/_util.py:1181: RuntimeWarning: logm result may be inaccurate, approximate err = 4.3961811867723464e-13
  return f(*arrays, *other_args, **kwargs)
/home/lauter/venvs/cof-landscaper/lib/python3.12/site-packages/scipy/_lib/_util.py:1181: RuntimeWarning: logm result may be inaccurate, approximate err = 4.4132110463177503e-13
  return f(*arrays, *other_args, **kwargs)
/home/lauter/venvs/cof-landscaper/lib/python3.12/site-packages/scipy/_lib/_util.py:1181: RuntimeWarning: logm result may be inaccurate, approximate err = 4.3690937271348856e-13
  return f(*arrays, *other_args, **kwargs)
/home/lauter/venvs/cof-landscaper/lib/python3.12/site-packages/scipy/_lib/_util.py:1181: RuntimeWarning: logm result may be inaccurate, approximate err = 4.5314201395831086e-13
  return f(*arrays, *other_args, **kwargs)
/home/lauter/venvs/cof-landscaper/lib/python3.12/site-packages/scipy/_lib/_util.py:1181: RuntimeWarning: logm result may be inaccurate, approximate err = 4.492691592866898e-13
  return f(*arrays, *other_args, **kwargs)
/home/lauter/venvs/cof-landscaper/lib/python3.12/site-packages/scipy/_lib/_util.py:1181: RuntimeWarning: logm result may be inaccurate, approximate err = 4.5327657158222027e-13
  return f(*arrays, *other_args, **kwargs)
/home/lauter/venvs/cof-landscaper/lib/python3.12/site-packages/scipy/_lib/_util.py:1181: RuntimeWarning: logm result may be inaccurate, approximate err = 4.5225266418690106e-13
  return f(*arrays, *other_args, **kwargs)
/home/lauter/venvs/cof-landscaper/lib/python3.12/site-packages/scipy/_lib/_util.py:1181: RuntimeWarning: logm result may be inaccurate, approximate err = 4.5460557159076863e-13
  return f(*arrays, *other_args, **kwargs)
/home/lauter/venvs/cof-landscaper/lib/python3.12/site-packages/scipy/_lib/_util.py:1181: RuntimeWarning: logm result may be inaccurate, approximate err = 4.565050613386949e-13
  return f(*arrays, *other_args, **kwargs)
/home/lauter/venvs/cof-landscaper/lib/python3.12/site-packages/scipy/_lib/_util.py:1181: RuntimeWarning: logm result may be inaccurate, approximate err = 4.474120535818958e-13
  return f(*arrays, *other_args, **kwargs)
/home/lauter/venvs/cof-landscaper/lib/python3.12/site-packages/scipy/_lib/_util.py:1181: RuntimeWarning: logm result may be inaccurate, approximate err = 4.3937527417498295e-13
  return f(*arrays, *other_args, **kwargs)
/home/lauter/venvs/cof-landscaper/lib/python3.12/site-packages/scipy/_lib/_util.py:1181: RuntimeWarning: logm result may be inaccurate, approximate err = 4.514457103969324e-13
  return f(*arrays, *other_args, **kwargs)
/home/lauter/venvs/cof-landscaper/lib/python3.12/site-packages/scipy/_lib/_util.py:1181: RuntimeWarning: logm result may be inaccurate, approximate err = 4.5081285372885755e-13
  return f(*arrays, *other_args, **kwargs)
/home/lauter/venvs/cof-landscaper/lib/python3.12/site-packages/scipy/_lib/_util.py:1181: RuntimeWarning: logm result may be inaccurate, approximate err = 4.5239627459020036e-13
  return f(*arrays, *other_args, **kwargs)
/home/lauter/venvs/cof-landscaper/lib/python3.12/site-packages/scipy/_lib/_util.py:1181: RuntimeWarning: logm result may be inaccurate, approximate err = 4.489217732633191e-13
  return f(*arrays, *other_args, **kwargs)
/home/lauter/venvs/cof-landscaper/lib/python3.12/site-packages/scipy/_lib/_util.py:1181: RuntimeWarning: logm result may be inaccurate, approximate err = 4.4312401068637776e-13
  return f(*arrays, *other_args, **kwargs)
/home/lauter/venvs/cof-landscaper/lib/python3.12/site-packages/scipy/_lib/_util.py:1181: RuntimeWarning: logm result may be inaccurate, approximate err = 4.423754380124996e-13
  return f(*arrays, *other_args, **kwargs)
/home/lauter/venvs/cof-landscaper/lib/python3.12/site-packages/scipy/_lib/_util.py:1181: RuntimeWarning: logm result may be inaccurate, approximate err = 4.40774235552869e-13
  return f(*arrays, *other_args, **kwargs)
/home/lauter/venvs/cof-landscaper/lib/python3.12/site-packages/scipy/_lib/_util.py:1181: RuntimeWarning: logm result may be inaccurate, approximate err = 4.322980389607862e-13
  return f(*arrays, *other_args, **kwargs)
/home/lauter/venvs/cof-landscaper/lib/python3.12/site-packages/scipy/_lib/_util.py:1181: RuntimeWarning: logm result may be inaccurate, approximate err = 4.276586729032207e-13
  return f(*arrays, *other_args, **kwargs)
/home/lauter/venvs/cof-landscaper/lib/python3.12/site-packages/scipy/_lib/_util.py:1181: RuntimeWarning: logm result may be inaccurate, approximate err = 4.239450538984497e-13
  return f(*arrays, *other_args, **kwargs)
/home/lauter/venvs/cof-landscaper/lib/python3.12/site-packages/scipy/_lib/_util.py:1181: RuntimeWarning: logm result may be inaccurate, approximate err = 4.281847095552677e-13
  return f(*arrays, *other_args, **kwargs)
/home/lauter/venvs/cof-landscaper/lib/python3.12/site-packages/scipy/_lib/_util.py:1181: RuntimeWarning: logm result may be inaccurate, approximate err = 4.2721419438310836e-13
  return f(*arrays, *other_args, **kwargs)
/home/lauter/venvs/cof-landscaper/lib/python3.12/site-packages/scipy/_lib/_util.py:1181: RuntimeWarning: logm result may be inaccurate, approximate err = 4.2506192570809186e-13
  return f(*arrays, *other_args, **kwargs)
/home/lauter/venvs/cof-landscaper/lib/python3.12/site-packages/scipy/_lib/_util.py:1181: RuntimeWarning: logm result may be inaccurate, approximate err = 4.08702733574371e-13
  return f(*arrays, *other_args, **kwargs)
/home/lauter/venvs/cof-landscaper/lib/python3.12/site-packages/scipy/_lib/_util.py:1181: RuntimeWarning: logm result may be inaccurate, approximate err = 4.252919771185155e-13
  return f(*arrays, *other_args, **kwargs)
/home/lauter/venvs/cof-landscaper/lib/python3.12/site-packages/scipy/_lib/_util.py:1181: RuntimeWarning: logm result may be inaccurate, approximate err = 4.099769426147541e-13
  return f(*arrays, *other_args, **kwargs)
/home/lauter/venvs/cof-landscaper/lib/python3.12/site-packages/scipy/_lib/_util.py:1181: RuntimeWarning: logm result may be inaccurate, approximate err = 4.155263441677665e-13
  return f(*arrays, *other_args, **kwargs)
/home/lauter/venvs/cof-landscaper/lib/python3.12/site-packages/scipy/_lib/_util.py:1181: RuntimeWarning: logm result may be inaccurate, approximate err = 4.256835785630365e-13
  return f(*arrays, *other_args, **kwargs)
/home/lauter/venvs/cof-landscaper/lib/python3.12/site-packages/scipy/_lib/_util.py:1181: RuntimeWarning: logm result may be inaccurate, approximate err = 4.0778235154045966e-13
  return f(*arrays, *other_args, **kwargs)
/home/lauter/venvs/cof-landscaper/lib/python3.12/site-packages/scipy/_lib/_util.py:1181: RuntimeWarning: logm result may be inaccurate, approximate err = 4.1398179705389295e-13
  return f(*arrays, *other_args, **kwargs)
/home/lauter/venvs/cof-landscaper/lib/python3.12/site-packages/scipy/_lib/_util.py:1181: RuntimeWarning: logm result may be inaccurate, approximate err = 4.236836263233972e-13
  return f(*arrays, *other_args, **kwargs)
/home/lauter/venvs/cof-landscaper/lib/python3.12/site-packages/scipy/_lib/_util.py:1181: RuntimeWarning: logm result may be inaccurate, approximate err = 4.1598056906939934e-13
  return f(*arrays, *other_args, **kwargs)
/home/lauter/venvs/cof-landscaper/lib/python3.12/site-packages/scipy/_lib/_util.py:1181: RuntimeWarning: logm result may be inaccurate, approximate err = 4.236672689475757e-13
  return f(*arrays, *other_args, **kwargs)
/home/lauter/venvs/cof-landscaper/lib/python3.12/site-packages/scipy/_lib/_util.py:1181: RuntimeWarning: logm result may be inaccurate, approximate err = 4.2184302822371887e-13
  return f(*arrays, *other_args, **kwargs)
/home/lauter/venvs/cof-landscaper/lib/python3.12/site-packages/scipy/_lib/_util.py:1181: RuntimeWarning: logm result may be inaccurate, approximate err = 4.1929661395177216e-13
  return f(*arrays, *other_args, **kwargs)
/home/lauter/venvs/cof-landscaper/lib/python3.12/site-packages/scipy/_lib/_util.py:1181: RuntimeWarning: logm result may be inaccurate, approximate err = 4.229971701317437e-13
  return f(*arrays, *other_args, **kwargs)
/home/lauter/venvs/cof-landscaper/lib/python3.12/site-packages/scipy/_lib/_util.py:1181: RuntimeWarning: logm result may be inaccurate, approximate err = 4.327398331891385e-13
  return f(*arrays, *other_args, **kwargs)
/home/lauter/venvs/cof-landscaper/lib/python3.12/site-packages/scipy/_lib/_util.py:1181: RuntimeWarning: logm result may be inaccurate, approximate err = 4.1845106273373624e-13
  return f(*arrays, *other_args, **kwargs)
/home/lauter/venvs/cof-landscaper/lib/python3.12/site-packages/scipy/_lib/_util.py:1181: RuntimeWarning: logm result may be inaccurate, approximate err = 4.2173686175667794e-13
  return f(*arrays, *other_args, **kwargs)
/home/lauter/venvs/cof-landscaper/lib/python3.12/site-packages/scipy/_lib/_util.py:1181: RuntimeWarning: logm result may be inaccurate, approximate err = 4.2737687007371496e-13
  return f(*arrays, *other_args, **kwargs)
/home/lauter/venvs/cof-landscaper/lib/python3.12/site-packages/scipy/_lib/_util.py:1181: RuntimeWarning: logm result may be inaccurate, approximate err = 4.2404032921893375e-13
  return f(*arrays, *other_args, **kwargs)
/home/lauter/venvs/cof-landscaper/lib/python3.12/site-packages/scipy/_lib/_util.py:1181: RuntimeWarning: logm result may be inaccurate, approximate err = 4.2715735659375676e-13
  return f(*arrays, *other_args, **kwargs)
/home/lauter/venvs/cof-landscaper/lib/python3.12/site-packages/scipy/_lib/_util.py:1181: RuntimeWarning: logm result may be inaccurate, approximate err = 4.26825357949831e-13
  return f(*arrays, *other_args, **kwargs)
/home/lauter/venvs/cof-landscaper/lib/python3.12/site-packages/scipy/_lib/_util.py:1181: RuntimeWarning: logm result may be inaccurate, approximate err = 4.1416555922713405e-13
  return f(*arrays, *other_args, **kwargs)
/home/lauter/venvs/cof-landscaper/lib/python3.12/site-packages/scipy/_lib/_util.py:1181: RuntimeWarning: logm result may be inaccurate, approximate err = 4.207341469528918e-13
  return f(*arrays, *other_args, **kwargs)
/home/lauter/venvs/cof-landscaper/lib/python3.12/site-packages/scipy/_lib/_util.py:1181: RuntimeWarning: logm result may be inaccurate, approximate err = 4.133919516749337e-13
  return f(*arrays, *other_args, **kwargs)
/home/lauter/venvs/cof-landscaper/lib/python3.12/site-packages/scipy/_lib/_util.py:1181: RuntimeWarning: logm result may be inaccurate, approximate err = 4.122540854430885e-13
  return f(*arrays, *other_args, **kwargs)
/home/lauter/venvs/cof-landscaper/lib/python3.12/site-packages/scipy/_lib/_util.py:1181: RuntimeWarning: logm result may be inaccurate, approximate err = 4.2295501066865e-13
  return f(*arrays, *other_args, **kwargs)
/home/lauter/venvs/cof-landscaper/lib/python3.12/site-packages/scipy/_lib/_util.py:1181: RuntimeWarning: logm result may be inaccurate, approximate err = 4.0667809218031326e-13
  return f(*arrays, *other_args, **kwargs)
/home/lauter/venvs/cof-landscaper/lib/python3.12/site-packages/scipy/_lib/_util.py:1181: RuntimeWarning: logm result may be inaccurate, approximate err = 4.097757077965954e-13
  return f(*arrays, *other_args, **kwargs)
/home/lauter/venvs/cof-landscaper/lib/python3.12/site-packages/scipy/_lib/_util.py:1181: RuntimeWarning: logm result may be inaccurate, approximate err = 4.037852857875915e-13
  return f(*arrays, *other_args, **kwargs)
/home/lauter/venvs/cof-landscaper/lib/python3.12/site-packages/scipy/_lib/_util.py:1181: RuntimeWarning: logm result may be inaccurate, approximate err = 4.10399006181363e-13
  return f(*arrays, *other_args, **kwargs)
/home/lauter/venvs/cof-landscaper/lib/python3.12/site-packages/scipy/_lib/_util.py:1181: RuntimeWarning: logm result may be inaccurate, approximate err = 4.073941182108677e-13
  return f(*arrays, *other_args, **kwargs)
/home/lauter/venvs/cof-landscaper/lib/python3.12/site-packages/scipy/_lib/_util.py:1181: RuntimeWarning: logm result may be inaccurate, approximate err = 4.0348346704088243e-13
  return f(*arrays, *other_args, **kwargs)
/home/lauter/venvs/cof-landscaper/lib/python3.12/site-packages/scipy/_lib/_util.py:1181: RuntimeWarning: logm result may be inaccurate, approximate err = 4.0611343712998383e-13
  return f(*arrays, *other_args, **kwargs)
/home/lauter/venvs/cof-landscaper/lib/python3.12/site-packages/scipy/_lib/_util.py:1181: RuntimeWarning: logm result may be inaccurate, approximate err = 4.152484898925944e-13
  return f(*arrays, *other_args, **kwargs)
/home/lauter/venvs/cof-landscaper/lib/python3.12/site-packages/scipy/_lib/_util.py:1181: RuntimeWarning: logm result may be inaccurate, approximate err = 4.0383605057951385e-13
  return f(*arrays, *other_args, **kwargs)
/home/lauter/venvs/cof-landscaper/lib/python3.12/site-packages/scipy/_lib/_util.py:1181: RuntimeWarning: logm result may be inaccurate, approximate err = 4.0282874855834733e-13
  return f(*arrays, *other_args, **kwargs)
/home/lauter/venvs/cof-landscaper/lib/python3.12/site-packages/scipy/_lib/_util.py:1181: RuntimeWarning: logm result may be inaccurate, approximate err = 4.0829550012132516e-13
  return f(*arrays, *other_args, **kwargs)
/home/lauter/venvs/cof-landscaper/lib/python3.12/site-packages/scipy/_lib/_util.py:1181: RuntimeWarning: logm result may be inaccurate, approximate err = 4.093133968447239e-13
  return f(*arrays, *other_args, **kwargs)
/home/lauter/venvs/cof-landscaper/lib/python3.12/site-packages/scipy/_lib/_util.py:1181: RuntimeWarning: logm result may be inaccurate, approximate err = 4.084611763310773e-13
  return f(*arrays, *other_args, **kwargs)
/home/lauter/venvs/cof-landscaper/lib/python3.12/site-packages/scipy/_lib/_util.py:1181: RuntimeWarning: logm result may be inaccurate, approximate err = 4.010352509090834e-13
  return f(*arrays, *other_args, **kwargs)
/home/lauter/venvs/cof-landscaper/lib/python3.12/site-packages/scipy/_lib/_util.py:1181: RuntimeWarning: logm result may be inaccurate, approximate err = 4.0503463398999447e-13
  return f(*arrays, *other_args, **kwargs)
/home/lauter/venvs/cof-landscaper/lib/python3.12/site-packages/scipy/_lib/_util.py:1181: RuntimeWarning: logm result may be inaccurate, approximate err = 4.0379760426202603e-13
  return f(*arrays, *other_args, **kwargs)
/home/lauter/venvs/cof-landscaper/lib/python3.12/site-packages/scipy/_lib/_util.py:1181: RuntimeWarning: logm result may be inaccurate, approximate err = 4.097976960717186e-13
  return f(*arrays, *other_args, **kwargs)
/home/lauter/venvs/cof-landscaper/lib/python3.12/site-packages/scipy/_lib/_util.py:1181: RuntimeWarning: logm result may be inaccurate, approximate err = 4.0394873439306023e-13
  return f(*arrays, *other_args, **kwargs)
/home/lauter/venvs/cof-landscaper/lib/python3.12/site-packages/scipy/_lib/_util.py:1181: RuntimeWarning: logm result may be inaccurate, approximate err = 4.0624750546917723e-13
  return f(*arrays, *other_args, **kwargs)
/home/lauter/venvs/cof-landscaper/lib/python3.12/site-packages/scipy/_lib/_util.py:1181: RuntimeWarning: logm result may be inaccurate, approximate err = 3.9665666685286727e-13
  return f(*arrays, *other_args, **kwargs)
/home/lauter/venvs/cof-landscaper/lib/python3.12/site-packages/scipy/_lib/_util.py:1181: RuntimeWarning: logm result may be inaccurate, approximate err = 4.0817768308964333e-13
  return f(*arrays, *other_args, **kwargs)
/home/lauter/venvs/cof-landscaper/lib/python3.12/site-packages/scipy/_lib/_util.py:1181: RuntimeWarning: logm result may be inaccurate, approximate err = 4.0325056636941196e-13
  return f(*arrays, *other_args, **kwargs)
/home/lauter/venvs/cof-landscaper/lib/python3.12/site-packages/scipy/_lib/_util.py:1181: RuntimeWarning: logm result may be inaccurate, approximate err = 3.986411357623558e-13
  return f(*arrays, *other_args, **kwargs)
/home/lauter/venvs/cof-landscaper/lib/python3.12/site-packages/scipy/_lib/_util.py:1181: RuntimeWarning: logm result may be inaccurate, approximate err = 4.0637018124505057e-13
  return f(*arrays, *other_args, **kwargs)
/home/lauter/venvs/cof-landscaper/lib/python3.12/site-packages/scipy/_lib/_util.py:1181: RuntimeWarning: logm result may be inaccurate, approximate err = 3.9775017830758866e-13
  return f(*arrays, *other_args, **kwargs)
/home/lauter/venvs/cof-landscaper/lib/python3.12/site-packages/scipy/_lib/_util.py:1181: RuntimeWarning: logm result may be inaccurate, approximate err = 4.0432774983329046e-13
  return f(*arrays, *other_args, **kwargs)
/home/lauter/venvs/cof-landscaper/lib/python3.12/site-packages/scipy/_lib/_util.py:1181: RuntimeWarning: logm result may be inaccurate, approximate err = 4.090416035169494e-13
  return f(*arrays, *other_args, **kwargs)
/home/lauter/venvs/cof-landscaper/lib/python3.12/site-packages/scipy/_lib/_util.py:1181: RuntimeWarning: logm result may be inaccurate, approximate err = 4.03375660330231e-13
  return f(*arrays, *other_args, **kwargs)
/home/lauter/venvs/cof-landscaper/lib/python3.12/site-packages/scipy/_lib/_util.py:1181: RuntimeWarning: logm result may be inaccurate, approximate err = 4.025110906389068e-13
  return f(*arrays, *other_args, **kwargs)
/home/lauter/venvs/cof-landscaper/lib/python3.12/site-packages/scipy/_lib/_util.py:1181: RuntimeWarning: logm result may be inaccurate, approximate err = 4.020230061502877e-13
  return f(*arrays, *other_args, **kwargs)
/home/lauter/venvs/cof-landscaper/lib/python3.12/site-packages/scipy/_lib/_util.py:1181: RuntimeWarning: logm result may be inaccurate, approximate err = 4.1090506999928445e-13
  return f(*arrays, *other_args, **kwargs)
/home/lauter/venvs/cof-landscaper/lib/python3.12/site-packages/scipy/_lib/_util.py:1181: RuntimeWarning: logm result may be inaccurate, approximate err = 4.0608706878863547e-13
  return f(*arrays, *other_args, **kwargs)
/home/lauter/venvs/cof-landscaper/lib/python3.12/site-packages/scipy/_lib/_util.py:1181: RuntimeWarning: logm result may be inaccurate, approximate err = 4.0482236561050686e-13
  return f(*arrays, *other_args, **kwargs)
/home/lauter/venvs/cof-landscaper/lib/python3.12/site-packages/scipy/_lib/_util.py:1181: RuntimeWarning: logm result may be inaccurate, approximate err = 3.9834291713286207e-13
  return f(*arrays, *other_args, **kwargs)
/home/lauter/venvs/cof-landscaper/lib/python3.12/site-packages/scipy/_lib/_util.py:1181: RuntimeWarning: logm result may be inaccurate, approximate err = 4.000213789047059e-13
  return f(*arrays, *other_args, **kwargs)
/home/lauter/venvs/cof-landscaper/lib/python3.12/site-packages/scipy/_lib/_util.py:1181: RuntimeWarning: logm result may be inaccurate, approximate err = 4.1091600378392256e-13
  return f(*arrays, *other_args, **kwargs)
/home/lauter/venvs/cof-landscaper/lib/python3.12/site-packages/scipy/_lib/_util.py:1181: RuntimeWarning: logm result may be inaccurate, approximate err = 4.09925410241859e-13
  return f(*arrays, *other_args, **kwargs)
/home/lauter/venvs/cof-landscaper/lib/python3.12/site-packages/scipy/_lib/_util.py:1181: RuntimeWarning: logm result may be inaccurate, approximate err = 3.990150056220793e-13
  return f(*arrays, *other_args, **kwargs)
/home/lauter/venvs/cof-landscaper/lib/python3.12/site-packages/scipy/_lib/_util.py:1181: RuntimeWarning: logm result may be inaccurate, approximate err = 4.042320756513031e-13
  return f(*arrays, *other_args, **kwargs)
/home/lauter/venvs/cof-landscaper/lib/python3.12/site-packages/scipy/_lib/_util.py:1181: RuntimeWarning: logm result may be inaccurate, approximate err = 4.0466261546140707e-13
  return f(*arrays, *other_args, **kwargs)
/home/lauter/venvs/cof-landscaper/lib/python3.12/site-packages/scipy/_lib/_util.py:1181: RuntimeWarning: logm result may be inaccurate, approximate err = 4.140314193933383e-13
  return f(*arrays, *other_args, **kwargs)
/home/lauter/venvs/cof-landscaper/lib/python3.12/site-packages/scipy/_lib/_util.py:1181: RuntimeWarning: logm result may be inaccurate, approximate err = 4.129194109259575e-13
  return f(*arrays, *other_args, **kwargs)
/home/lauter/venvs/cof-landscaper/lib/python3.12/site-packages/scipy/_lib/_util.py:1181: RuntimeWarning: logm result may be inaccurate, approximate err = 4.0748103426646777e-13
  return f(*arrays, *other_args, **kwargs)
/home/lauter/venvs/cof-landscaper/lib/python3.12/site-packages/scipy/_lib/_util.py:1181: RuntimeWarning: logm result may be inaccurate, approximate err = 4.1036637483236317e-13
  return f(*arrays, *other_args, **kwargs)
/home/lauter/venvs/cof-landscaper/lib/python3.12/site-packages/scipy/_lib/_util.py:1181: RuntimeWarning: logm result may be inaccurate, approximate err = 4.1717753990331535e-13
  return f(*arrays, *other_args, **kwargs)
/home/lauter/venvs/cof-landscaper/lib/python3.12/site-packages/scipy/_lib/_util.py:1181: RuntimeWarning: logm result may be inaccurate, approximate err = 4.17089449698275e-13
  return f(*arrays, *other_args, **kwargs)
/home/lauter/venvs/cof-landscaper/lib/python3.12/site-packages/scipy/_lib/_util.py:1181: RuntimeWarning: logm result may be inaccurate, approximate err = 4.266733155262099e-13
  return f(*arrays, *other_args, **kwargs)
/home/lauter/venvs/cof-landscaper/lib/python3.12/site-packages/scipy/_lib/_util.py:1181: RuntimeWarning: logm result may be inaccurate, approximate err = 4.223781203009808e-13
  return f(*arrays, *other_args, **kwargs)
/home/lauter/venvs/cof-landscaper/lib/python3.12/site-packages/scipy/_lib/_util.py:1181: RuntimeWarning: logm result may be inaccurate, approximate err = 4.1638525779383017e-13
  return f(*arrays, *other_args, **kwargs)
/home/lauter/venvs/cof-landscaper/lib/python3.12/site-packages/scipy/_lib/_util.py:1181: RuntimeWarning: logm result may be inaccurate, approximate err = 4.2757469968892764e-13
  return f(*arrays, *other_args, **kwargs)
/home/lauter/venvs/cof-landscaper/lib/python3.12/site-packages/scipy/_lib/_util.py:1181: RuntimeWarning: logm result may be inaccurate, approximate err = 4.26491392260617e-13
  return f(*arrays, *other_args, **kwargs)
/home/lauter/venvs/cof-landscaper/lib/python3.12/site-packages/scipy/_lib/_util.py:1181: RuntimeWarning: logm result may be inaccurate, approximate err = 4.3096678145506015e-13
  return f(*arrays, *other_args, **kwargs)
/home/lauter/venvs/cof-landscaper/lib/python3.12/site-packages/scipy/_lib/_util.py:1181: RuntimeWarning: logm result may be inaccurate, approximate err = 4.338336387459225e-13
  return f(*arrays, *other_args, **kwargs)
/home/lauter/venvs/cof-landscaper/lib/python3.12/site-packages/scipy/_lib/_util.py:1181: RuntimeWarning: logm result may be inaccurate, approximate err = 4.4135532464254754e-13
  return f(*arrays, *other_args, **kwargs)
/home/lauter/venvs/cof-landscaper/lib/python3.12/site-packages/scipy/_lib/_util.py:1181: RuntimeWarning: logm result may be inaccurate, approximate err = 4.346041722625842e-13
  return f(*arrays, *other_args, **kwargs)
/home/lauter/venvs/cof-landscaper/lib/python3.12/site-packages/scipy/_lib/_util.py:1181: RuntimeWarning: logm result may be inaccurate, approximate err = 4.456075809785457e-13
  return f(*arrays, *other_args, **kwargs)
/home/lauter/venvs/cof-landscaper/lib/python3.12/site-packages/scipy/_lib/_util.py:1181: RuntimeWarning: logm result may be inaccurate, approximate err = 4.4693765762883503e-13
  return f(*arrays, *other_args, **kwargs)
/home/lauter/venvs/cof-landscaper/lib/python3.12/site-packages/scipy/_lib/_util.py:1181: RuntimeWarning: logm result may be inaccurate, approximate err = 4.516024395833515e-13
  return f(*arrays, *other_args, **kwargs)
/home/lauter/venvs/cof-landscaper/lib/python3.12/site-packages/scipy/_lib/_util.py:1181: RuntimeWarning: logm result may be inaccurate, approximate err = 4.557741852485478e-13
  return f(*arrays, *other_args, **kwargs)
/home/lauter/venvs/cof-landscaper/lib/python3.12/site-packages/scipy/_lib/_util.py:1181: RuntimeWarning: logm result may be inaccurate, approximate err = 4.627697700424139e-13
  return f(*arrays, *other_args, **kwargs)
/home/lauter/venvs/cof-landscaper/lib/python3.12/site-packages/scipy/_lib/_util.py:1181: RuntimeWarning: logm result may be inaccurate, approximate err = 4.544448952013845e-13
  return f(*arrays, *other_args, **kwargs)
/home/lauter/venvs/cof-landscaper/lib/python3.12/site-packages/scipy/_lib/_util.py:1181: RuntimeWarning: logm result may be inaccurate, approximate err = 4.59890785482739e-13
  return f(*arrays, *other_args, **kwargs)
/home/lauter/venvs/cof-landscaper/lib/python3.12/site-packages/scipy/_lib/_util.py:1181: RuntimeWarning: logm result may be inaccurate, approximate err = 4.663941167270052e-13
  return f(*arrays, *other_args, **kwargs)
/home/lauter/venvs/cof-landscaper/lib/python3.12/site-packages/scipy/_lib/_util.py:1181: RuntimeWarning: logm result may be inaccurate, approximate err = 4.646273844052602e-13
  return f(*arrays, *other_args, **kwargs)
/home/lauter/venvs/cof-landscaper/lib/python3.12/site-packages/scipy/_lib/_util.py:1181: RuntimeWarning: logm result may be inaccurate, approximate err = 4.710722601762372e-13
  return f(*arrays, *other_args, **kwargs)
/home/lauter/venvs/cof-landscaper/lib/python3.12/site-packages/scipy/_lib/_util.py:1181: RuntimeWarning: logm result may be inaccurate, approximate err = 4.727476219117818e-13
  return f(*arrays, *other_args, **kwargs)
/home/lauter/venvs/cof-landscaper/lib/python3.12/site-packages/scipy/_lib/_util.py:1181: RuntimeWarning: logm result may be inaccurate, approximate err = 4.774387468286936e-13
  return f(*arrays, *other_args, **kwargs)
/home/lauter/venvs/cof-landscaper/lib/python3.12/site-packages/scipy/_lib/_util.py:1181: RuntimeWarning: logm result may be inaccurate, approximate err = 4.724483036258976e-13
  return f(*arrays, *other_args, **kwargs)
/home/lauter/venvs/cof-landscaper/lib/python3.12/site-packages/scipy/_lib/_util.py:1181: RuntimeWarning: logm result may be inaccurate, approximate err = 4.778937511709197e-13
  return f(*arrays, *other_args, **kwargs)
/home/lauter/venvs/cof-landscaper/lib/python3.12/site-packages/scipy/_lib/_util.py:1181: RuntimeWarning: logm result may be inaccurate, approximate err = 4.696061179008759e-13
  return f(*arrays, *other_args, **kwargs)
/home/lauter/venvs/cof-landscaper/lib/python3.12/site-packages/scipy/_lib/_util.py:1181: RuntimeWarning: logm result may be inaccurate, approximate err = 4.746532918822703e-13
  return f(*arrays, *other_args, **kwargs)
/home/lauter/venvs/cof-landscaper/lib/python3.12/site-packages/scipy/_lib/_util.py:1181: RuntimeWarning: logm result may be inaccurate, approximate err = 4.762806619200962e-13
  return f(*arrays, *other_args, **kwargs)
/home/lauter/venvs/cof-landscaper/lib/python3.12/site-packages/scipy/_lib/_util.py:1181: RuntimeWarning: logm result may be inaccurate, approximate err = 4.73738683223056e-13
  return f(*arrays, *other_args, **kwargs)
/home/lauter/venvs/cof-landscaper/lib/python3.12/site-packages/scipy/_lib/_util.py:1181: RuntimeWarning: logm result may be inaccurate, approximate err = 4.858385327649015e-13
  return f(*arrays, *other_args, **kwargs)
/home/lauter/venvs/cof-landscaper/lib/python3.12/site-packages/scipy/_lib/_util.py:1181: RuntimeWarning: logm result may be inaccurate, approximate err = 4.798489420623341e-13
  return f(*arrays, *other_args, **kwargs)
/home/lauter/venvs/cof-landscaper/lib/python3.12/site-packages/scipy/_lib/_util.py:1181: RuntimeWarning: logm result may be inaccurate, approximate err = 4.74174865769838e-13
  return f(*arrays, *other_args, **kwargs)
/home/lauter/venvs/cof-landscaper/lib/python3.12/site-packages/scipy/_lib/_util.py:1181: RuntimeWarning: logm result may be inaccurate, approximate err = 4.758031907205875e-13
  return f(*arrays, *other_args, **kwargs)
/home/lauter/venvs/cof-landscaper/lib/python3.12/site-packages/scipy/_lib/_util.py:1181: RuntimeWarning: logm result may be inaccurate, approximate err = 4.87639385184314e-13
  return f(*arrays, *other_args, **kwargs)
/home/lauter/venvs/cof-landscaper/lib/python3.12/site-packages/scipy/_lib/_util.py:1181: RuntimeWarning: logm result may be inaccurate, approximate err = 4.903606402813657e-13
  return f(*arrays, *other_args, **kwargs)
/home/lauter/venvs/cof-landscaper/lib/python3.12/site-packages/scipy/_lib/_util.py:1181: RuntimeWarning: logm result may be inaccurate, approximate err = 4.831872363557896e-13
  return f(*arrays, *other_args, **kwargs)
/home/lauter/venvs/cof-landscaper/lib/python3.12/site-packages/scipy/_lib/_util.py:1181: RuntimeWarning: logm result may be inaccurate, approximate err = 4.834071210734198e-13
  return f(*arrays, *other_args, **kwargs)
/home/lauter/venvs/cof-landscaper/lib/python3.12/site-packages/scipy/_lib/_util.py:1181: RuntimeWarning: logm result may be inaccurate, approximate err = 4.848471593016277e-13
  return f(*arrays, *other_args, **kwargs)
/home/lauter/venvs/cof-landscaper/lib/python3.12/site-packages/scipy/_lib/_util.py:1181: RuntimeWarning: logm result may be inaccurate, approximate err = 4.902524414350635e-13
  return f(*arrays, *other_args, **kwargs)
/home/lauter/venvs/cof-landscaper/lib/python3.12/site-packages/scipy/_lib/_util.py:1181: RuntimeWarning: logm result may be inaccurate, approximate err = 4.846424986857833e-13
  return f(*arrays, *other_args, **kwargs)
/home/lauter/venvs/cof-landscaper/lib/python3.12/site-packages/scipy/_lib/_util.py:1181: RuntimeWarning: logm result may be inaccurate, approximate err = 4.820342585339194e-13
  return f(*arrays, *other_args, **kwargs)
/home/lauter/venvs/cof-landscaper/lib/python3.12/site-packages/scipy/_lib/_util.py:1181: RuntimeWarning: logm result may be inaccurate, approximate err = 4.969653253319938e-13
  return f(*arrays, *other_args, **kwargs)
/home/lauter/venvs/cof-landscaper/lib/python3.12/site-packages/scipy/_lib/_util.py:1181: RuntimeWarning: logm result may be inaccurate, approximate err = 4.881385117936562e-13
  return f(*arrays, *other_args, **kwargs)
/home/lauter/venvs/cof-landscaper/lib/python3.12/site-packages/scipy/_lib/_util.py:1181: RuntimeWarning: logm result may be inaccurate, approximate err = 4.901826169230067e-13
  return f(*arrays, *other_args, **kwargs)
/home/lauter/venvs/cof-landscaper/lib/python3.12/site-packages/scipy/_lib/_util.py:1181: RuntimeWarning: logm result may be inaccurate, approximate err = 4.879325936741204e-13
  return f(*arrays, *other_args, **kwargs)
/home/lauter/venvs/cof-landscaper/lib/python3.12/site-packages/scipy/_lib/_util.py:1181: RuntimeWarning: logm result may be inaccurate, approximate err = 4.906495182318891e-13
  return f(*arrays, *other_args, **kwargs)
/home/lauter/venvs/cof-landscaper/lib/python3.12/site-packages/scipy/_lib/_util.py:1181: RuntimeWarning: logm result may be inaccurate, approximate err = 4.984604900762277e-13
  return f(*arrays, *other_args, **kwargs)
/home/lauter/venvs/cof-landscaper/lib/python3.12/site-packages/scipy/_lib/_util.py:1181: RuntimeWarning: logm result may be inaccurate, approximate err = 4.994678429368303e-13
  return f(*arrays, *other_args, **kwargs)
/home/lauter/venvs/cof-landscaper/lib/python3.12/site-packages/scipy/_lib/_util.py:1181: RuntimeWarning: logm result may be inaccurate, approximate err = 4.941309263457231e-13
  return f(*arrays, *other_args, **kwargs)
/home/lauter/venvs/cof-landscaper/lib/python3.12/site-packages/scipy/_lib/_util.py:1181: RuntimeWarning: logm result may be inaccurate, approximate err = 5.003126291570605e-13
  return f(*arrays, *other_args, **kwargs)
/home/lauter/venvs/cof-landscaper/lib/python3.12/site-packages/scipy/_lib/_util.py:1181: RuntimeWarning: logm result may be inaccurate, approximate err = 4.932428093749314e-13
  return f(*arrays, *other_args, **kwargs)
/home/lauter/venvs/cof-landscaper/lib/python3.12/site-packages/scipy/_lib/_util.py:1181: RuntimeWarning: logm result may be inaccurate, approximate err = 4.978589878363154e-13
  return f(*arrays, *other_args, **kwargs)
/home/lauter/venvs/cof-landscaper/lib/python3.12/site-packages/scipy/_lib/_util.py:1181: RuntimeWarning: logm result may be inaccurate, approximate err = 4.949402075579546e-13
  return f(*arrays, *other_args, **kwargs)
/home/lauter/venvs/cof-landscaper/lib/python3.12/site-packages/scipy/_lib/_util.py:1181: RuntimeWarning: logm result may be inaccurate, approximate err = 4.934996515603739e-13
  return f(*arrays, *other_args, **kwargs)
/home/lauter/venvs/cof-landscaper/lib/python3.12/site-packages/scipy/_lib/_util.py:1181: RuntimeWarning: logm result may be inaccurate, approximate err = 4.877090934915781e-13
  return f(*arrays, *other_args, **kwargs)
/home/lauter/venvs/cof-landscaper/lib/python3.12/site-packages/scipy/_lib/_util.py:1181: RuntimeWarning: logm result may be inaccurate, approximate err = 4.941766519224364e-13
  return f(*arrays, *other_args, **kwargs)
/home/lauter/venvs/cof-landscaper/lib/python3.12/site-packages/scipy/_lib/_util.py:1181: RuntimeWarning: logm result may be inaccurate, approximate err = 4.93761583411772e-13
  return f(*arrays, *other_args, **kwargs)
/home/lauter/venvs/cof-landscaper/lib/python3.12/site-packages/scipy/_lib/_util.py:1181: RuntimeWarning: logm result may be inaccurate, approximate err = 4.957319048117854e-13
  return f(*arrays, *other_args, **kwargs)
/home/lauter/venvs/cof-landscaper/lib/python3.12/site-packages/scipy/_lib/_util.py:1181: RuntimeWarning: logm result may be inaccurate, approximate err = 4.933823313801727e-13
  return f(*arrays, *other_args, **kwargs)
/home/lauter/venvs/cof-landscaper/lib/python3.12/site-packages/scipy/_lib/_util.py:1181: RuntimeWarning: logm result may be inaccurate, approximate err = 4.906032837640669e-13
  return f(*arrays, *other_args, **kwargs)
/home/lauter/venvs/cof-landscaper/lib/python3.12/site-packages/scipy/_lib/_util.py:1181: RuntimeWarning: logm result may be inaccurate, approximate err = 4.919222286346525e-13
  return f(*arrays, *other_args, **kwargs)
/home/lauter/venvs/cof-landscaper/lib/python3.12/site-packages/scipy/_lib/_util.py:1181: RuntimeWarning: logm result may be inaccurate, approximate err = 4.935499185473012e-13
  return f(*arrays, *other_args, **kwargs)
/home/lauter/venvs/cof-landscaper/lib/python3.12/site-packages/scipy/_lib/_util.py:1181: RuntimeWarning: logm result may be inaccurate, approximate err = 4.985724294783308e-13
  return f(*arrays, *other_args, **kwargs)
/home/lauter/venvs/cof-landscaper/lib/python3.12/site-packages/scipy/_lib/_util.py:1181: RuntimeWarning: logm result may be inaccurate, approximate err = 4.903671612682104e-13
  return f(*arrays, *other_args, **kwargs)
/home/lauter/venvs/cof-landscaper/lib/python3.12/site-packages/scipy/_lib/_util.py:1181: RuntimeWarning: logm result may be inaccurate, approximate err = 4.969218297668195e-13
  return f(*arrays, *other_args, **kwargs)
/home/lauter/venvs/cof-landscaper/lib/python3.12/site-packages/scipy/_lib/_util.py:1181: RuntimeWarning: logm result may be inaccurate, approximate err = 4.902229806505844e-13
  return f(*arrays, *other_args, **kwargs)
/home/lauter/venvs/cof-landscaper/lib/python3.12/site-packages/scipy/_lib/_util.py:1181: RuntimeWarning: logm result may be inaccurate, approximate err = 4.994436058752756e-13
  return f(*arrays, *other_args, **kwargs)
/home/lauter/venvs/cof-landscaper/lib/python3.12/site-packages/scipy/_lib/_util.py:1181: RuntimeWarning: logm result may be inaccurate, approximate err = 4.925452789464592e-13
  return f(*arrays, *other_args, **kwargs)
/home/lauter/venvs/cof-landscaper/lib/python3.12/site-packages/scipy/_lib/_util.py:1181: RuntimeWarning: logm result may be inaccurate, approximate err = 4.934576398316489e-13
  return f(*arrays, *other_args, **kwargs)
/home/lauter/venvs/cof-landscaper/lib/python3.12/site-packages/scipy/_lib/_util.py:1181: RuntimeWarning: logm result may be inaccurate, approximate err = 4.957030221908504e-13
  return f(*arrays, *other_args, **kwargs)
/home/lauter/venvs/cof-landscaper/lib/python3.12/site-packages/scipy/_lib/_util.py:1181: RuntimeWarning: logm result may be inaccurate, approximate err = 4.962938675005981e-13
  return f(*arrays, *other_args, **kwargs)
/home/lauter/venvs/cof-landscaper/lib/python3.12/site-packages/scipy/_lib/_util.py:1181: RuntimeWarning: logm result may be inaccurate, approximate err = 4.963263441952811e-13
  return f(*arrays, *other_args, **kwargs)
/home/lauter/venvs/cof-landscaper/lib/python3.12/site-packages/scipy/_lib/_util.py:1181: RuntimeWarning: logm result may be inaccurate, approximate err = 4.947167368217722e-13
  return f(*arrays, *other_args, **kwargs)
/home/lauter/venvs/cof-landscaper/lib/python3.12/site-packages/scipy/_lib/_util.py:1181: RuntimeWarning: logm result may be inaccurate, approximate err = 4.96153987298961e-13
  return f(*arrays, *other_args, **kwargs)
/home/lauter/venvs/cof-landscaper/lib/python3.12/site-packages/scipy/_lib/_util.py:1181: RuntimeWarning: logm result may be inaccurate, approximate err = 4.894699276816617e-13
  return f(*arrays, *other_args, **kwargs)
/home/lauter/venvs/cof-landscaper/lib/python3.12/site-packages/scipy/_lib/_util.py:1181: RuntimeWarning: logm result may be inaccurate, approximate err = 4.980364745572932e-13
  return f(*arrays, *other_args, **kwargs)
/home/lauter/venvs/cof-landscaper/lib/python3.12/site-packages/scipy/_lib/_util.py:1181: RuntimeWarning: logm result may be inaccurate, approximate err = 4.967057840976439e-13
  return f(*arrays, *other_args, **kwargs)
/home/lauter/venvs/cof-landscaper/lib/python3.12/site-packages/scipy/_lib/_util.py:1181: RuntimeWarning: logm result may be inaccurate, approximate err = 5.02202573261105e-13
  return f(*arrays, *other_args, **kwargs)
/home/lauter/venvs/cof-landscaper/lib/python3.12/site-packages/scipy/_lib/_util.py:1181: RuntimeWarning: logm result may be inaccurate, approximate err = 4.914479023899127e-13
  return f(*arrays, *other_args, **kwargs)
/home/lauter/venvs/cof-landscaper/lib/python3.12/site-packages/scipy/_lib/_util.py:1181: RuntimeWarning: logm result may be inaccurate, approximate err = 4.926792472390133e-13
  return f(*arrays, *other_args, **kwargs)
/home/lauter/venvs/cof-landscaper/lib/python3.12/site-packages/scipy/_lib/_util.py:1181: RuntimeWarning: logm result may be inaccurate, approximate err = 4.937008349906217e-13
  return f(*arrays, *other_args, **kwargs)
/home/lauter/venvs/cof-landscaper/lib/python3.12/site-packages/scipy/_lib/_util.py:1181: RuntimeWarning: logm result may be inaccurate, approximate err = 5.016448215186209e-13
  return f(*arrays, *other_args, **kwargs)
/home/lauter/venvs/cof-landscaper/lib/python3.12/site-packages/scipy/_lib/_util.py:1181: RuntimeWarning: logm result may be inaccurate, approximate err = 4.988026208770207e-13
  return f(*arrays, *other_args, **kwargs)
/home/lauter/venvs/cof-landscaper/lib/python3.12/site-packages/scipy/_lib/_util.py:1181: RuntimeWarning: logm result may be inaccurate, approximate err = 5.001181085648787e-13
  return f(*arrays, *other_args, **kwargs)
/home/lauter/venvs/cof-landscaper/lib/python3.12/site-packages/scipy/_lib/_util.py:1181: RuntimeWarning: logm result may be inaccurate, approximate err = 4.971788910068554e-13
  return f(*arrays, *other_args, **kwargs)
/home/lauter/venvs/cof-landscaper/lib/python3.12/site-packages/scipy/_lib/_util.py:1181: RuntimeWarning: logm result may be inaccurate, approximate err = 4.936133016998958e-13
  return f(*arrays, *other_args, **kwargs)
/home/lauter/venvs/cof-landscaper/lib/python3.12/site-packages/scipy/_lib/_util.py:1181: RuntimeWarning: logm result may be inaccurate, approximate err = 5.005554655950758e-13
  return f(*arrays, *other_args, **kwargs)
/home/lauter/venvs/cof-landscaper/lib/python3.12/site-packages/scipy/_lib/_util.py:1181: RuntimeWarning: logm result may be inaccurate, approximate err = 5.004989509351218e-13
  return f(*arrays, *other_args, **kwargs)
/home/lauter/venvs/cof-landscaper/lib/python3.12/site-packages/scipy/_lib/_util.py:1181: RuntimeWarning: logm result may be inaccurate, approximate err = 4.996185789592765e-13
  return f(*arrays, *other_args, **kwargs)
/home/lauter/venvs/cof-landscaper/lib/python3.12/site-packages/scipy/_lib/_util.py:1181: RuntimeWarning: logm result may be inaccurate, approximate err = 4.997852540995827e-13
  return f(*arrays, *other_args, **kwargs)
/home/lauter/venvs/cof-landscaper/lib/python3.12/site-packages/scipy/_lib/_util.py:1181: RuntimeWarning: logm result may be inaccurate, approximate err = 4.989406513572465e-13
  return f(*arrays, *other_args, **kwargs)
/home/lauter/venvs/cof-landscaper/lib/python3.12/site-packages/scipy/_lib/_util.py:1181: RuntimeWarning: logm result may be inaccurate, approximate err = 5.013703854339134e-13
  return f(*arrays, *other_args, **kwargs)
/home/lauter/venvs/cof-landscaper/lib/python3.12/site-packages/scipy/_lib/_util.py:1181: RuntimeWarning: logm result may be inaccurate, approximate err = 5.014101660984921e-13
  return f(*arrays, *other_args, **kwargs)
/home/lauter/venvs/cof-landscaper/lib/python3.12/site-packages/scipy/_lib/_util.py:1181: RuntimeWarning: logm result may be inaccurate, approximate err = 4.956418973621501e-13
  return f(*arrays, *other_args, **kwargs)
/home/lauter/venvs/cof-landscaper/lib/python3.12/site-packages/scipy/_lib/_util.py:1181: RuntimeWarning: logm result may be inaccurate, approximate err = 5.078070719210817e-13
  return f(*arrays, *other_args, **kwargs)
/home/lauter/venvs/cof-landscaper/lib/python3.12/site-packages/scipy/_lib/_util.py:1181: RuntimeWarning: logm result may be inaccurate, approximate err = 5.01846492044406e-13
  return f(*arrays, *other_args, **kwargs)
/home/lauter/venvs/cof-landscaper/lib/python3.12/site-packages/scipy/_lib/_util.py:1181: RuntimeWarning: logm result may be inaccurate, approximate err = 4.959847140157513e-13
  return f(*arrays, *other_args, **kwargs)
/home/lauter/venvs/cof-landscaper/lib/python3.12/site-packages/scipy/_lib/_util.py:1181: RuntimeWarning: logm result may be inaccurate, approximate err = 5.04355076916121e-13
  return f(*arrays, *other_args, **kwargs)
/home/lauter/venvs/cof-landscaper/lib/python3.12/site-packages/scipy/_lib/_util.py:1181: RuntimeWarning: logm result may be inaccurate, approximate err = 5.00197607939242e-13
  return f(*arrays, *other_args, **kwargs)
/home/lauter/venvs/cof-landscaper/lib/python3.12/site-packages/scipy/_lib/_util.py:1181: RuntimeWarning: logm result may be inaccurate, approximate err = 4.976000076303982e-13
  return f(*arrays, *other_args, **kwargs)
/home/lauter/venvs/cof-landscaper/lib/python3.12/site-packages/scipy/_lib/_util.py:1181: RuntimeWarning: logm result may be inaccurate, approximate err = 5.065372480898327e-13
  return f(*arrays, *other_args, **kwargs)
/home/lauter/venvs/cof-landscaper/lib/python3.12/site-packages/scipy/_lib/_util.py:1181: RuntimeWarning: logm result may be inaccurate, approximate err = 4.997599654286957e-13
  return f(*arrays, *other_args, **kwargs)
/home/lauter/venvs/cof-landscaper/lib/python3.12/site-packages/scipy/_lib/_util.py:1181: RuntimeWarning: logm result may be inaccurate, approximate err = 5.031964353618503e-13
  return f(*arrays, *other_args, **kwargs)
/home/lauter/venvs/cof-landscaper/lib/python3.12/site-packages/scipy/_lib/_util.py:1181: RuntimeWarning: logm result may be inaccurate, approximate err = 5.02305918151801e-13
  return f(*arrays, *other_args, **kwargs)
/home/lauter/venvs/cof-landscaper/lib/python3.12/site-packages/scipy/_lib/_util.py:1181: RuntimeWarning: logm result may be inaccurate, approximate err = 5.000862025188323e-13
  return f(*arrays, *other_args, **kwargs)
/home/lauter/venvs/cof-landscaper/lib/python3.12/site-packages/scipy/_lib/_util.py:1181: RuntimeWarning: logm result may be inaccurate, approximate err = 5.051544354059221e-13
  return f(*arrays, *other_args, **kwargs)
/home/lauter/venvs/cof-landscaper/lib/python3.12/site-packages/scipy/_lib/_util.py:1181: RuntimeWarning: logm result may be inaccurate, approximate err = 5.053931964972916e-13
  return f(*arrays, *other_args, **kwargs)
/home/lauter/venvs/cof-landscaper/lib/python3.12/site-packages/scipy/_lib/_util.py:1181: RuntimeWarning: logm result may be inaccurate, approximate err = 4.976115310683495e-13
  return f(*arrays, *other_args, **kwargs)
/home/lauter/venvs/cof-landscaper/lib/python3.12/site-packages/scipy/_lib/_util.py:1181: RuntimeWarning: logm result may be inaccurate, approximate err = 5.012490585494015e-13
  return f(*arrays, *other_args, **kwargs)
/home/lauter/venvs/cof-landscaper/lib/python3.12/site-packages/scipy/_lib/_util.py:1181: RuntimeWarning: logm result may be inaccurate, approximate err = 5.077097922441537e-13
  return f(*arrays, *other_args, **kwargs)
/home/lauter/venvs/cof-landscaper/lib/python3.12/site-packages/scipy/_lib/_util.py:1181: RuntimeWarning: logm result may be inaccurate, approximate err = 5.088321328246402e-13
  return f(*arrays, *other_args, **kwargs)
/home/lauter/venvs/cof-landscaper/lib/python3.12/site-packages/scipy/_lib/_util.py:1181: RuntimeWarning: logm result may be inaccurate, approximate err = 5.073809469767002e-13
  return f(*arrays, *other_args, **kwargs)
/home/lauter/venvs/cof-landscaper/lib/python3.12/site-packages/scipy/_lib/_util.py:1181: RuntimeWarning: logm result may be inaccurate, approximate err = 5.066450497468311e-13
  return f(*arrays, *other_args, **kwargs)
/home/lauter/venvs/cof-landscaper/lib/python3.12/site-packages/scipy/_lib/_util.py:1181: RuntimeWarning: logm result may be inaccurate, approximate err = 4.995631975336615e-13
  return f(*arrays, *other_args, **kwargs)
/home/lauter/venvs/cof-landscaper/lib/python3.12/site-packages/scipy/_lib/_util.py:1181: RuntimeWarning: logm result may be inaccurate, approximate err = 5.089202797392661e-13
  return f(*arrays, *other_args, **kwargs)
/home/lauter/venvs/cof-landscaper/lib/python3.12/site-packages/scipy/_lib/_util.py:1181: RuntimeWarning: logm result may be inaccurate, approximate err = 5.027687264473171e-13
  return f(*arrays, *other_args, **kwargs)
/home/lauter/venvs/cof-landscaper/lib/python3.12/site-packages/scipy/_lib/_util.py:1181: RuntimeWarning: logm result may be inaccurate, approximate err = 5.096103294880377e-13
  return f(*arrays, *other_args, **kwargs)
/home/lauter/venvs/cof-landscaper/lib/python3.12/site-packages/scipy/_lib/_util.py:1181: RuntimeWarning: logm result may be inaccurate, approximate err = 5.082638115227414e-13
  return f(*arrays, *other_args, **kwargs)
/home/lauter/venvs/cof-landscaper/lib/python3.12/site-packages/scipy/_lib/_util.py:1181: RuntimeWarning: logm result may be inaccurate, approximate err = 5.046439972772105e-13
  return f(*arrays, *other_args, **kwargs)
/home/lauter/venvs/cof-landscaper/lib/python3.12/site-packages/scipy/_lib/_util.py:1181: RuntimeWarning: logm result may be inaccurate, approximate err = 5.093980051543648e-13
  return f(*arrays, *other_args, **kwargs)
/home/lauter/venvs/cof-landscaper/lib/python3.12/site-packages/scipy/_lib/_util.py:1181: RuntimeWarning: logm result may be inaccurate, approximate err = 5.052408843997195e-13
  return f(*arrays, *other_args, **kwargs)
/home/lauter/venvs/cof-landscaper/lib/python3.12/site-packages/scipy/_lib/_util.py:1181: RuntimeWarning: logm result may be inaccurate, approximate err = 5.028263814724201e-13
  return f(*arrays, *other_args, **kwargs)
/home/lauter/venvs/cof-landscaper/lib/python3.12/site-packages/scipy/_lib/_util.py:1181: RuntimeWarning: logm result may be inaccurate, approximate err = 5.133055321063815e-13
  return f(*arrays, *other_args, **kwargs)
/home/lauter/venvs/cof-landscaper/lib/python3.12/site-packages/scipy/_lib/_util.py:1181: RuntimeWarning: logm result may be inaccurate, approximate err = 5.081656835279595e-13
  return f(*arrays, *other_args, **kwargs)
/home/lauter/venvs/cof-landscaper/lib/python3.12/site-packages/scipy/_lib/_util.py:1181: RuntimeWarning: logm result may be inaccurate, approximate err = 5.046053250718893e-13
  return f(*arrays, *other_args, **kwargs)
/home/lauter/venvs/cof-landscaper/lib/python3.12/site-packages/scipy/_lib/_util.py:1181: RuntimeWarning: logm result may be inaccurate, approximate err = 5.106385275575509e-13
  return f(*arrays, *other_args, **kwargs)
/home/lauter/venvs/cof-landscaper/lib/python3.12/site-packages/scipy/_lib/_util.py:1181: RuntimeWarning: logm result may be inaccurate, approximate err = 5.108329980976781e-13
  return f(*arrays, *other_args, **kwargs)
/home/lauter/venvs/cof-landscaper/lib/python3.12/site-packages/scipy/_lib/_util.py:1181: RuntimeWarning: logm result may be inaccurate, approximate err = 5.068917481324485e-13
  return f(*arrays, *other_args, **kwargs)
/home/lauter/venvs/cof-landscaper/lib/python3.12/site-packages/scipy/_lib/_util.py:1181: RuntimeWarning: logm result may be inaccurate, approximate err = 5.199895841347587e-13
  return f(*arrays, *other_args, **kwargs)
/home/lauter/venvs/cof-landscaper/lib/python3.12/site-packages/scipy/_lib/_util.py:1181: RuntimeWarning: logm result may be inaccurate, approximate err = 5.141697973589424e-13
  return f(*arrays, *other_args, **kwargs)
/home/lauter/venvs/cof-landscaper/lib/python3.12/site-packages/scipy/_lib/_util.py:1181: RuntimeWarning: logm result may be inaccurate, approximate err = 5.077404290055605e-13
  return f(*arrays, *other_args, **kwargs)
/home/lauter/venvs/cof-landscaper/lib/python3.12/site-packages/scipy/_lib/_util.py:1181: RuntimeWarning: logm result may be inaccurate, approximate err = 5.078909950863498e-13
  return f(*arrays, *other_args, **kwargs)
/home/lauter/venvs/cof-landscaper/lib/python3.12/site-packages/scipy/_lib/_util.py:1181: RuntimeWarning: logm result may be inaccurate, approximate err = 5.194633755389833e-13
  return f(*arrays, *other_args, **kwargs)
/home/lauter/venvs/cof-landscaper/lib/python3.12/site-packages/scipy/_lib/_util.py:1181: RuntimeWarning: logm result may be inaccurate, approximate err = 5.15711868347741e-13
  return f(*arrays, *other_args, **kwargs)
/home/lauter/venvs/cof-landscaper/lib/python3.12/site-packages/scipy/_lib/_util.py:1181: RuntimeWarning: logm result may be inaccurate, approximate err = 5.11591490537375e-13
  return f(*arrays, *other_args, **kwargs)
/home/lauter/venvs/cof-landscaper/lib/python3.12/site-packages/scipy/_lib/_util.py:1181: RuntimeWarning: logm result may be inaccurate, approximate err = 5.098895452819454e-13
  return f(*arrays, *other_args, **kwargs)
/home/lauter/venvs/cof-landscaper/lib/python3.12/site-packages/scipy/_lib/_util.py:1181: RuntimeWarning: logm result may be inaccurate, approximate err = 5.127906673938141e-13
  return f(*arrays, *other_args, **kwargs)
/home/lauter/venvs/cof-landscaper/lib/python3.12/site-packages/scipy/_lib/_util.py:1181: RuntimeWarning: logm result may be inaccurate, approximate err = 5.197102260550013e-13
  return f(*arrays, *other_args, **kwargs)
/home/lauter/venvs/cof-landscaper/lib/python3.12/site-packages/scipy/_lib/_util.py:1181: RuntimeWarning: logm result may be inaccurate, approximate err = 5.182937005422121e-13
  return f(*arrays, *other_args, **kwargs)
/home/lauter/venvs/cof-landscaper/lib/python3.12/site-packages/scipy/_lib/_util.py:1181: RuntimeWarning: logm result may be inaccurate, approximate err = 5.186609056450001e-13
  return f(*arrays, *other_args, **kwargs)
/home/lauter/venvs/cof-landscaper/lib/python3.12/site-packages/scipy/_lib/_util.py:1181: RuntimeWarning: logm result may be inaccurate, approximate err = 5.12693643730965e-13
  return f(*arrays, *other_args, **kwargs)
/home/lauter/venvs/cof-landscaper/lib/python3.12/site-packages/scipy/_lib/_util.py:1181: RuntimeWarning: logm result may be inaccurate, approximate err = 5.138914472565594e-13
  return f(*arrays, *other_args, **kwargs)
/home/lauter/venvs/cof-landscaper/lib/python3.12/site-packages/scipy/_lib/_util.py:1181: RuntimeWarning: logm result may be inaccurate, approximate err = 5.248021158511673e-13
  return f(*arrays, *other_args, **kwargs)
/home/lauter/venvs/cof-landscaper/lib/python3.12/site-packages/scipy/_lib/_util.py:1181: RuntimeWarning: logm result may be inaccurate, approximate err = 5.123485818369401e-13
  return f(*arrays, *other_args, **kwargs)
/home/lauter/venvs/cof-landscaper/lib/python3.12/site-packages/scipy/_lib/_util.py:1181: RuntimeWarning: logm result may be inaccurate, approximate err = 5.10268247999257e-13
  return f(*arrays, *other_args, **kwargs)
/home/lauter/venvs/cof-landscaper/lib/python3.12/site-packages/scipy/_lib/_util.py:1181: RuntimeWarning: logm result may be inaccurate, approximate err = 5.162606088056806e-13
  return f(*arrays, *other_args, **kwargs)
/home/lauter/venvs/cof-landscaper/lib/python3.12/site-packages/scipy/_lib/_util.py:1181: RuntimeWarning: logm result may be inaccurate, approximate err = 5.108907758381821e-13
  return f(*arrays, *other_args, **kwargs)
/home/lauter/venvs/cof-landscaper/lib/python3.12/site-packages/scipy/_lib/_util.py:1181: RuntimeWarning: logm result may be inaccurate, approximate err = 5.086594980416986e-13
  return f(*arrays, *other_args, **kwargs)
/home/lauter/venvs/cof-landscaper/lib/python3.12/site-packages/scipy/_lib/_util.py:1181: RuntimeWarning: logm result may be inaccurate, approximate err = 5.1549513135994e-13
  return f(*arrays, *other_args, **kwargs)
/home/lauter/venvs/cof-landscaper/lib/python3.12/site-packages/scipy/_lib/_util.py:1181: RuntimeWarning: logm result may be inaccurate, approximate err = 5.187622897289642e-13
  return f(*arrays, *other_args, **kwargs)
/home/lauter/venvs/cof-landscaper/lib/python3.12/site-packages/scipy/_lib/_util.py:1181: RuntimeWarning: logm result may be inaccurate, approximate err = 5.197074368776014e-13
  return f(*arrays, *other_args, **kwargs)
/home/lauter/venvs/cof-landscaper/lib/python3.12/site-packages/scipy/_lib/_util.py:1181: RuntimeWarning: logm result may be inaccurate, approximate err = 5.177159748485761e-13
  return f(*arrays, *other_args, **kwargs)
/home/lauter/venvs/cof-landscaper/lib/python3.12/site-packages/scipy/_lib/_util.py:1181: RuntimeWarning: logm result may be inaccurate, approximate err = 5.260113898411293e-13
  return f(*arrays, *other_args, **kwargs)
/home/lauter/venvs/cof-landscaper/lib/python3.12/site-packages/scipy/_lib/_util.py:1181: RuntimeWarning: logm result may be inaccurate, approximate err = 5.235260385298762e-13
  return f(*arrays, *other_args, **kwargs)
/home/lauter/venvs/cof-landscaper/lib/python3.12/site-packages/scipy/_lib/_util.py:1181: RuntimeWarning: logm result may be inaccurate, approximate err = 5.194944442940116e-13
  return f(*arrays, *other_args, **kwargs)
/home/lauter/venvs/cof-landscaper/lib/python3.12/site-packages/scipy/_lib/_util.py:1181: RuntimeWarning: logm result may be inaccurate, approximate err = 5.217424874756332e-13
  return f(*arrays, *other_args, **kwargs)
/home/lauter/venvs/cof-landscaper/lib/python3.12/site-packages/scipy/_lib/_util.py:1181: RuntimeWarning: logm result may be inaccurate, approximate err = 5.256740557542605e-13
  return f(*arrays, *other_args, **kwargs)
/home/lauter/venvs/cof-landscaper/lib/python3.12/site-packages/scipy/_lib/_util.py:1181: RuntimeWarning: logm result may be inaccurate, approximate err = 5.266751556181569e-13
  return f(*arrays, *other_args, **kwargs)
/home/lauter/venvs/cof-landscaper/lib/python3.12/site-packages/scipy/_lib/_util.py:1181: RuntimeWarning: logm result may be inaccurate, approximate err = 5.31069824301017e-13
  return f(*arrays, *other_args, **kwargs)
/home/lauter/venvs/cof-landscaper/lib/python3.12/site-packages/scipy/_lib/_util.py:1181: RuntimeWarning: logm result may be inaccurate, approximate err = 5.281217754796776e-13
  return f(*arrays, *other_args, **kwargs)
/home/lauter/venvs/cof-landscaper/lib/python3.12/site-packages/scipy/_lib/_util.py:1181: RuntimeWarning: logm result may be inaccurate, approximate err = 5.276945450843897e-13
  return f(*arrays, *other_args, **kwargs)
/home/lauter/venvs/cof-landscaper/lib/python3.12/site-packages/scipy/_lib/_util.py:1181: RuntimeWarning: logm result may be inaccurate, approximate err = 5.231395289640205e-13
  return f(*arrays, *other_args, **kwargs)
/home/lauter/venvs/cof-landscaper/lib/python3.12/site-packages/scipy/_lib/_util.py:1181: RuntimeWarning: logm result may be inaccurate, approximate err = 5.261946558543298e-13
  return f(*arrays, *other_args, **kwargs)
/home/lauter/venvs/cof-landscaper/lib/python3.12/site-packages/scipy/_lib/_util.py:1181: RuntimeWarning: logm result may be inaccurate, approximate err = 5.308843084907976e-13
  return f(*arrays, *other_args, **kwargs)
/home/lauter/venvs/cof-landscaper/lib/python3.12/site-packages/scipy/_lib/_util.py:1181: RuntimeWarning: logm result may be inaccurate, approximate err = 5.348707369336123e-13
  return f(*arrays, *other_args, **kwargs)
/home/lauter/venvs/cof-landscaper/lib/python3.12/site-packages/scipy/_lib/_util.py:1181: RuntimeWarning: logm result may be inaccurate, approximate err = 5.294637137543397e-13
  return f(*arrays, *other_args, **kwargs)
/home/lauter/venvs/cof-landscaper/lib/python3.12/site-packages/scipy/_lib/_util.py:1181: RuntimeWarning: logm result may be inaccurate, approximate err = 5.378583333410208e-13
  return f(*arrays, *other_args, **kwargs)
/home/lauter/venvs/cof-landscaper/lib/python3.12/site-packages/scipy/_lib/_util.py:1181: RuntimeWarning: logm result may be inaccurate, approximate err = 5.278006110697826e-13
  return f(*arrays, *other_args, **kwargs)
/home/lauter/venvs/cof-landscaper/lib/python3.12/site-packages/scipy/_lib/_util.py:1181: RuntimeWarning: logm result may be inaccurate, approximate err = 5.302277509863906e-13
  return f(*arrays, *other_args, **kwargs)
/home/lauter/venvs/cof-landscaper/lib/python3.12/site-packages/scipy/_lib/_util.py:1181: RuntimeWarning: logm result may be inaccurate, approximate err = 5.298349561319555e-13
  return f(*arrays, *other_args, **kwargs)
/home/lauter/venvs/cof-landscaper/lib/python3.12/site-packages/scipy/_lib/_util.py:1181: RuntimeWarning: logm result may be inaccurate, approximate err = 5.368492330776057e-13
  return f(*arrays, *other_args, **kwargs)
/home/lauter/venvs/cof-landscaper/lib/python3.12/site-packages/scipy/_lib/_util.py:1181: RuntimeWarning: logm result may be inaccurate, approximate err = 5.286832089326679e-13
  return f(*arrays, *other_args, **kwargs)
/home/lauter/venvs/cof-landscaper/lib/python3.12/site-packages/scipy/_lib/_util.py:1181: RuntimeWarning: logm result may be inaccurate, approximate err = 5.39106251388789e-13
  return f(*arrays, *other_args, **kwargs)
/home/lauter/venvs/cof-landscaper/lib/python3.12/site-packages/scipy/_lib/_util.py:1181: RuntimeWarning: logm result may be inaccurate, approximate err = 5.332276189353737e-13
  return f(*arrays, *other_args, **kwargs)
/home/lauter/venvs/cof-landscaper/lib/python3.12/site-packages/scipy/_lib/_util.py:1181: RuntimeWarning: logm result may be inaccurate, approximate err = 5.36259806964078e-13
  return f(*arrays, *other_args, **kwargs)
/home/lauter/venvs/cof-landscaper/lib/python3.12/site-packages/scipy/_lib/_util.py:1181: RuntimeWarning: logm result may be inaccurate, approximate err = 5.291935213696106e-13
  return f(*arrays, *other_args, **kwargs)
/home/lauter/venvs/cof-landscaper/lib/python3.12/site-packages/scipy/_lib/_util.py:1181: RuntimeWarning: logm result may be inaccurate, approximate err = 5.372230984611075e-13
  return f(*arrays, *other_args, **kwargs)
/home/lauter/venvs/cof-landscaper/lib/python3.12/site-packages/scipy/_lib/_util.py:1181: RuntimeWarning: logm result may be inaccurate, approximate err = 5.371498458450526e-13
  return f(*arrays, *other_args, **kwargs)
/home/lauter/venvs/cof-landscaper/lib/python3.12/site-packages/scipy/_lib/_util.py:1181: RuntimeWarning: logm result may be inaccurate, approximate err = 5.441075845958422e-13
  return f(*arrays, *other_args, **kwargs)
/home/lauter/venvs/cof-landscaper/lib/python3.12/site-packages/scipy/_lib/_util.py:1181: RuntimeWarning: logm result may be inaccurate, approximate err = 5.388627530576948e-13
  return f(*arrays, *other_args, **kwargs)
/home/lauter/venvs/cof-landscaper/lib/python3.12/site-packages/scipy/_lib/_util.py:1181: RuntimeWarning: logm result may be inaccurate, approximate err = 5.386656876970365e-13
  return f(*arrays, *other_args, **kwargs)
/home/lauter/venvs/cof-landscaper/lib/python3.12/site-packages/scipy/_lib/_util.py:1181: RuntimeWarning: logm result may be inaccurate, approximate err = 5.391149368180772e-13
  return f(*arrays, *other_args, **kwargs)
/home/lauter/venvs/cof-landscaper/lib/python3.12/site-packages/scipy/_lib/_util.py:1181: RuntimeWarning: logm result may be inaccurate, approximate err = 5.313093705564617e-13
  return f(*arrays, *other_args, **kwargs)
/home/lauter/venvs/cof-landscaper/lib/python3.12/site-packages/scipy/_lib/_util.py:1181: RuntimeWarning: logm result may be inaccurate, approximate err = 5.398238194192523e-13
  return f(*arrays, *other_args, **kwargs)
/home/lauter/venvs/cof-landscaper/lib/python3.12/site-packages/scipy/_lib/_util.py:1181: RuntimeWarning: logm result may be inaccurate, approximate err = 5.458012037251841e-13
  return f(*arrays, *other_args, **kwargs)
/home/lauter/venvs/cof-landscaper/lib/python3.12/site-packages/scipy/_lib/_util.py:1181: RuntimeWarning: logm result may be inaccurate, approximate err = 5.416772138689317e-13
  return f(*arrays, *other_args, **kwargs)
/home/lauter/venvs/cof-landscaper/lib/python3.12/site-packages/scipy/_lib/_util.py:1181: RuntimeWarning: logm result may be inaccurate, approximate err = 5.386902783802657e-13
  return f(*arrays, *other_args, **kwargs)
/home/lauter/venvs/cof-landscaper/lib/python3.12/site-packages/scipy/_lib/_util.py:1181: RuntimeWarning: logm result may be inaccurate, approximate err = 5.454104020721612e-13
  return f(*arrays, *other_args, **kwargs)
/home/lauter/venvs/cof-landscaper/lib/python3.12/site-packages/scipy/_lib/_util.py:1181: RuntimeWarning: logm result may be inaccurate, approximate err = 5.403801968635771e-13
  return f(*arrays, *other_args, **kwargs)
/home/lauter/venvs/cof-landscaper/lib/python3.12/site-packages/scipy/_lib/_util.py:1181: RuntimeWarning: logm result may be inaccurate, approximate err = 5.434075100863346e-13
  return f(*arrays, *other_args, **kwargs)
/home/lauter/venvs/cof-landscaper/lib/python3.12/site-packages/scipy/_lib/_util.py:1181: RuntimeWarning: logm result may be inaccurate, approximate err = 5.486162092724718e-13
  return f(*arrays, *other_args, **kwargs)
/home/lauter/venvs/cof-landscaper/lib/python3.12/site-packages/scipy/_lib/_util.py:1181: RuntimeWarning: logm result may be inaccurate, approximate err = 5.468038281744359e-13
  return f(*arrays, *other_args, **kwargs)
/home/lauter/venvs/cof-landscaper/lib/python3.12/site-packages/scipy/_lib/_util.py:1181: RuntimeWarning: logm result may be inaccurate, approximate err = 5.359782507218638e-13
  return f(*arrays, *other_args, **kwargs)
/home/lauter/venvs/cof-landscaper/lib/python3.12/site-packages/scipy/_lib/_util.py:1181: RuntimeWarning: logm result may be inaccurate, approximate err = 5.43362023906774e-13
  return f(*arrays, *other_args, **kwargs)
/home/lauter/venvs/cof-landscaper/lib/python3.12/site-packages/scipy/_lib/_util.py:1181: RuntimeWarning: logm result may be inaccurate, approximate err = 5.429239951975056e-13
  return f(*arrays, *other_args, **kwargs)
/home/lauter/venvs/cof-landscaper/lib/python3.12/site-packages/scipy/_lib/_util.py:1181: RuntimeWarning: logm result may be inaccurate, approximate err = 5.534799076081319e-13
  return f(*arrays, *other_args, **kwargs)
/home/lauter/venvs/cof-landscaper/lib/python3.12/site-packages/scipy/_lib/_util.py:1181: RuntimeWarning: logm result may be inaccurate, approximate err = 5.360578868321389e-13
  return f(*arrays, *other_args, **kwargs)
/home/lauter/venvs/cof-landscaper/lib/python3.12/site-packages/scipy/_lib/_util.py:1181: RuntimeWarning: logm result may be inaccurate, approximate err = 5.453520357305671e-13
  return f(*arrays, *other_args, **kwargs)
/home/lauter/venvs/cof-landscaper/lib/python3.12/site-packages/scipy/_lib/_util.py:1181: RuntimeWarning: logm result may be inaccurate, approximate err = 5.404727578820668e-13
  return f(*arrays, *other_args, **kwargs)
/home/lauter/venvs/cof-landscaper/lib/python3.12/site-packages/scipy/_lib/_util.py:1181: RuntimeWarning: logm result may be inaccurate, approximate err = 5.37312368609035e-13
  return f(*arrays, *other_args, **kwargs)
/home/lauter/venvs/cof-landscaper/lib/python3.12/site-packages/scipy/_lib/_util.py:1181: RuntimeWarning: logm result may be inaccurate, approximate err = 5.455603169679339e-13
  return f(*arrays, *other_args, **kwargs)
/home/lauter/venvs/cof-landscaper/lib/python3.12/site-packages/scipy/_lib/_util.py:1181: RuntimeWarning: logm result may be inaccurate, approximate err = 5.422635988797836e-13
  return f(*arrays, *other_args, **kwargs)
/home/lauter/venvs/cof-landscaper/lib/python3.12/site-packages/scipy/_lib/_util.py:1181: RuntimeWarning: logm result may be inaccurate, approximate err = 5.449354295861095e-13
  return f(*arrays, *other_args, **kwargs)
/home/lauter/venvs/cof-landscaper/lib/python3.12/site-packages/scipy/_lib/_util.py:1181: RuntimeWarning: logm result may be inaccurate, approximate err = 5.439768637404904e-13
  return f(*arrays, *other_args, **kwargs)
/home/lauter/venvs/cof-landscaper/lib/python3.12/site-packages/scipy/_lib/_util.py:1181: RuntimeWarning: logm result may be inaccurate, approximate err = 5.462770966974286e-13
  return f(*arrays, *other_args, **kwargs)
/home/lauter/venvs/cof-landscaper/lib/python3.12/site-packages/scipy/_lib/_util.py:1181: RuntimeWarning: logm result may be inaccurate, approximate err = 5.460576550095566e-13
  return f(*arrays, *other_args, **kwargs)
/home/lauter/venvs/cof-landscaper/lib/python3.12/site-packages/scipy/_lib/_util.py:1181: RuntimeWarning: logm result may be inaccurate, approximate err = 5.451362423077033e-13
  return f(*arrays, *other_args, **kwargs)
/home/lauter/venvs/cof-landscaper/lib/python3.12/site-packages/scipy/_lib/_util.py:1181: RuntimeWarning: logm result may be inaccurate, approximate err = 5.44399019411051e-13
  return f(*arrays, *other_args, **kwargs)
/home/lauter/venvs/cof-landscaper/lib/python3.12/site-packages/scipy/_lib/_util.py:1181: RuntimeWarning: logm result may be inaccurate, approximate err = 5.471817063125178e-13
  return f(*arrays, *other_args, **kwargs)
/home/lauter/venvs/cof-landscaper/lib/python3.12/site-packages/scipy/_lib/_util.py:1181: RuntimeWarning: logm result may be inaccurate, approximate err = 5.477544032123749e-13
  return f(*arrays, *other_args, **kwargs)
/home/lauter/venvs/cof-landscaper/lib/python3.12/site-packages/scipy/_lib/_util.py:1181: RuntimeWarning: logm result may be inaccurate, approximate err = 5.506797506158211e-13
  return f(*arrays, *other_args, **kwargs)
/home/lauter/venvs/cof-landscaper/lib/python3.12/site-packages/scipy/_lib/_util.py:1181: RuntimeWarning: logm result may be inaccurate, approximate err = 5.430463994939997e-13
  return f(*arrays, *other_args, **kwargs)
/home/lauter/venvs/cof-landscaper/lib/python3.12/site-packages/scipy/_lib/_util.py:1181: RuntimeWarning: logm result may be inaccurate, approximate err = 5.563138110810221e-13
  return f(*arrays, *other_args, **kwargs)
/home/lauter/venvs/cof-landscaper/lib/python3.12/site-packages/scipy/_lib/_util.py:1181: RuntimeWarning: logm result may be inaccurate, approximate err = 5.52098859139011e-13
  return f(*arrays, *other_args, **kwargs)
/home/lauter/venvs/cof-landscaper/lib/python3.12/site-packages/scipy/_lib/_util.py:1181: RuntimeWarning: logm result may be inaccurate, approximate err = 5.510613935921358e-13
  return f(*arrays, *other_args, **kwargs)
/home/lauter/venvs/cof-landscaper/lib/python3.12/site-packages/scipy/_lib/_util.py:1181: RuntimeWarning: logm result may be inaccurate, approximate err = 5.482838310721524e-13
  return f(*arrays, *other_args, **kwargs)
/home/lauter/venvs/cof-landscaper/lib/python3.12/site-packages/scipy/_lib/_util.py:1181: RuntimeWarning: logm result may be inaccurate, approximate err = 5.471645278790846e-13
  return f(*arrays, *other_args, **kwargs)
/home/lauter/venvs/cof-landscaper/lib/python3.12/site-packages/scipy/_lib/_util.py:1181: RuntimeWarning: logm result may be inaccurate, approximate err = 5.450432507359252e-13
  return f(*arrays, *other_args, **kwargs)
/home/lauter/venvs/cof-landscaper/lib/python3.12/site-packages/scipy/_lib/_util.py:1181: RuntimeWarning: logm result may be inaccurate, approximate err = 5.516854348271832e-13
  return f(*arrays, *other_args, **kwargs)
/home/lauter/venvs/cof-landscaper/lib/python3.12/site-packages/scipy/_lib/_util.py:1181: RuntimeWarning: logm result may be inaccurate, approximate err = 5.448498790736586e-13
  return f(*arrays, *other_args, **kwargs)
/home/lauter/venvs/cof-landscaper/lib/python3.12/site-packages/scipy/_lib/_util.py:1181: RuntimeWarning: logm result may be inaccurate, approximate err = 5.51603728939539e-13
  return f(*arrays, *other_args, **kwargs)
/home/lauter/venvs/cof-landscaper/lib/python3.12/site-packages/scipy/_lib/_util.py:1181: RuntimeWarning: logm result may be inaccurate, approximate err = 5.463363451483817e-13
  return f(*arrays, *other_args, **kwargs)
/home/lauter/venvs/cof-landscaper/lib/python3.12/site-packages/scipy/_lib/_util.py:1181: RuntimeWarning: logm result may be inaccurate, approximate err = 5.492455847467636e-13
  return f(*arrays, *other_args, **kwargs)
/home/lauter/venvs/cof-landscaper/lib/python3.12/site-packages/scipy/_lib/_util.py:1181: RuntimeWarning: logm result may be inaccurate, approximate err = 5.533343540932976e-13
  return f(*arrays, *other_args, **kwargs)
cuequivariance or cuequivariance_torch is not available. Cuequivariance acceleration will be disabled.
[single-point] 25/99 done | ok=25 | failed=0
[single-point] 50/99 done | ok=50 | failed=0
[single-point] 75/99 done | ok=75 | failed=0
[single-point] 99/99 done | ok=99 | failed=0
[single-point] 25/99 done | ok=25 | failed=0
[single-point] 50/99 done | ok=50 | failed=0
[single-point] 75/99 done | ok=75 | failed=0
[single-point] 99/99 done | ok=99 | failed=0
Saved: TABQ-THA/3_TABQ-THA_landscape/pes_TABQ-THA_serr.png
Saved: TABQ-THA/3_TABQ-THA_landscape/pes_TABQ-THA_incl.png

Selected ILD/ILS pairs (Serrated):
 ILD (Å)  ILS (Å)
     3.4      7.2
     3.5      0.0

Selected ILD/ILS pairs (Inclined):
 ILD (Å)  ILS (Å)
     3.4      7.2
     3.5      0.0
       Step     Time          Energy          fmax
LBFGS:    0 13:21:01   -82555.748958        0.839451
LBFGS:    1 13:21:01   -82555.854912        0.631805
LBFGS:    2 13:21:01   -82555.991829        0.688543
LBFGS:    3 13:21:01   -82556.270621        0.532033
LBFGS:    4 13:21:01   -82556.389892        0.514856
LBFGS:    5 13:21:01   -82556.508601        0.477194
LBFGS:    6 13:21:01   -82556.644235        0.417573
LBFGS:    7 13:21:01   -82556.740971        0.575452
LBFGS:    8 13:21:01   -82556.835285        0.538837
LBFGS:    9 13:21:01   -82556.936384        0.449389
LBFGS:   10 13:21:01   -82557.025386        0.371119
LBFGS:   11 13:21:01   -82557.091818        0.417633
LBFGS:   12 13:21:01   -82557.145718        0.341547
LBFGS:   13 13:21:01   -82557.194946        0.409304
LBFGS:   14 13:21:01   -82557.248276        0.308550
LBFGS:   15 13:21:01   -82557.304953        0.325998
LBFGS:   16 13:21:01   -82557.353648        0.344140
LBFGS:   17 13:21:01   -82557.397474        0.325653
LBFGS:   18 13:21:01   -82557.440016        0.244008
LBFGS:   19 13:21:02   -82557.480308        0.288320
LBFGS:   20 13:21:02   -82557.513698        0.305828
LBFGS:   21 13:21:02   -82557.534153        0.360319
LBFGS:   22 13:21:02   -82557.549167        0.266205
LBFGS:   23 13:21:02   -82557.560228        0.148443
LBFGS:   24 13:21:02   -82557.571445        0.169189
LBFGS:   25 13:21:02   -82557.583720        0.173797
LBFGS:   26 13:21:02   -82557.594922        0.137040
LBFGS:   27 13:21:02   -82557.605439        0.145100
LBFGS:   28 13:21:02   -82557.614495        0.161926
LBFGS:   29 13:21:02   -82557.623250        0.145691
LBFGS:   30 13:21:02   -82557.631240        0.109841
LBFGS:   31 13:21:02   -82557.638041        0.095244
LBFGS:   32 13:21:02   -82557.643491        0.093528
LBFGS:   33 13:21:02   -82557.648571        0.096569
LBFGS:   34 13:21:02   -82557.653469        0.099212
LBFGS:   35 13:21:02   -82557.657941        0.080819
LBFGS:   36 13:21:02   -82557.661704        0.072654
LBFGS:   37 13:21:02   -82557.665247        0.073144
LBFGS:   38 13:21:02   -82557.668599        0.073313
LBFGS:   39 13:21:02   -82557.671744        0.090750
LBFGS:   40 13:21:02   -82557.674611        0.095098
LBFGS:   41 13:21:02   -82557.677530        0.071582
LBFGS:   42 13:21:02   -82557.681013        0.091135
LBFGS:   43 13:21:02   -82557.685470        0.092865
LBFGS:   44 13:21:02   -82557.690709        0.168393
LBFGS:   45 13:21:02   -82557.697147        0.142258
LBFGS:   46 13:21:02   -82557.702625        0.222169
LBFGS:   47 13:21:03   -82557.709971        0.108149
LBFGS:   48 13:21:03   -82557.716749        0.209289
LBFGS:   49 13:21:03   -82557.728073        0.213825
LBFGS:   50 13:21:03   -82557.738266        0.438609
LBFGS:   51 13:21:03   -82557.753955        0.232360
LBFGS:   52 13:21:03   -82557.768725        0.419606
LBFGS:   53 13:21:03   -82557.791557        0.347037
LBFGS:   54 13:21:03   -82557.805247        0.538037
LBFGS:   55 13:21:03   -82557.825782        0.234158
LBFGS:   56 13:21:03   -82557.842222        0.632927
LBFGS:   57 13:21:03   -82557.869793        0.361560
LBFGS:   58 13:21:03   -82557.898515        0.467799
LBFGS:   59 13:21:03   -82557.931552        0.372617
LBFGS:   60 13:21:03   -82557.958282        0.619102
LBFGS:   61 13:21:03   -82557.968016        0.651665
LBFGS:   62 13:21:03   -82557.992702        1.102929
LBFGS:   63 13:21:03   -82558.028480        0.415515
LBFGS:   64 13:21:03   -82558.048935        0.392303
LBFGS:   65 13:21:03   -82558.094695        0.680509
LBFGS:   66 13:21:03   -82558.120861        0.446951
LBFGS:   67 13:21:03   -82558.167989        0.552376
LBFGS:   68 13:21:03   -82558.222532        0.603134
LBFGS:   69 13:21:03   -82558.184065        1.602639
LBFGS:   70 13:21:03   -82558.281705        0.382120
LBFGS:   71 13:21:03   -82558.313191        0.390464
LBFGS:   72 13:21:03   -82558.399000        0.651270
LBFGS:   73 13:21:03   -82558.431146        0.400193
LBFGS:   74 13:21:03   -82558.486253        0.347157
LBFGS:   75 13:21:04   -82558.532124        0.382425
LBFGS:   76 13:21:04   -82558.568613        0.340071
LBFGS:   77 13:21:04   -82558.600621        0.330836
LBFGS:   78 13:21:04   -82558.633363        0.211514
LBFGS:   79 13:21:04   -82558.651493        0.255010
LBFGS:   80 13:21:04   -82558.677266        0.196173
LBFGS:   81 13:21:04   -82558.695384        0.235079
LBFGS:   82 13:21:04   -82558.712568        0.174344
LBFGS:   83 13:21:04   -82558.729967        0.160965
LBFGS:   84 13:21:04   -82558.745952        0.155404
LBFGS:   85 13:21:04   -82558.757448        0.195201
LBFGS:   86 13:21:04   -82558.767507        0.140744
LBFGS:   87 13:21:04   -82558.777761        0.150646
LBFGS:   88 13:21:04   -82558.789283        0.123272
LBFGS:   89 13:21:04   -82558.798904        0.117923
LBFGS:   90 13:21:04   -82558.806478        0.100580
LBFGS:   91 13:21:04   -82558.811860        0.078771
LBFGS:   92 13:21:04   -82558.815822        0.071406
LBFGS:   93 13:21:04   -82558.819352        0.081566
LBFGS:   94 13:21:04   -82558.822601        0.070774
LBFGS:   95 13:21:04   -82558.825532        0.071285
LBFGS:   96 13:21:04   -82558.828193        0.072997
LBFGS:   97 13:21:04   -82558.830687        0.076461
LBFGS:   98 13:21:04   -82558.833197        0.085649
LBFGS:   99 13:21:04   -82558.836013        0.088500
LBFGS:  100 13:21:04   -82558.839453        0.074533
LBFGS:  101 13:21:04   -82558.843294        0.082547
LBFGS:  102 13:21:05   -82558.846864        0.075368
LBFGS:  103 13:21:05   -82558.849899        0.063121
LBFGS:  104 13:21:05   -82558.852226        0.056344
LBFGS:  105 13:21:05   -82558.854127        0.058453
LBFGS:  106 13:21:05   -82558.855874        0.058243
LBFGS:  107 13:21:05   -82558.857534        0.055583
LBFGS:  108 13:21:05   -82558.859166        0.065077
LBFGS:  109 13:21:05   -82558.860968        0.069557
LBFGS:  110 13:21:05   -82558.863104        0.057061
LBFGS:  111 13:21:05   -82558.865572        0.068114
LBFGS:  112 13:21:05   -82558.867894        0.083700
LBFGS:  113 13:21:05   -82558.870077        0.080202
LBFGS:  114 13:21:05   -82558.872302        0.065142
LBFGS:  115 13:21:05   -82558.874754        0.063218
LBFGS:  116 13:21:05   -82558.877163        0.071463
LBFGS:  117 13:21:05   -82558.879733        0.101198
LBFGS:  118 13:21:05   -82558.882484        0.081825
LBFGS:  119 13:21:05   -82558.884861        0.077416
LBFGS:  120 13:21:05   -82558.886736        0.069377
LBFGS:  121 13:21:05   -82558.888583        0.076939
LBFGS:  122 13:21:05   -82558.890655        0.089094
LBFGS:  123 13:21:05   -82558.892202        0.067427
LBFGS:  124 13:21:05   -82558.893544        0.063459
LBFGS:  125 13:21:05   -82558.894773        0.048089
LBFGS:  126 13:21:05   -82558.895846        0.045152
LBFGS:  127 13:21:05   -82558.896745        0.043342
LBFGS:  128 13:21:05   -82558.897470        0.044928
LBFGS:  129 13:21:06   -82558.898082        0.035277
LBFGS:  130 13:21:06   -82558.898886        0.038425
LBFGS:  131 13:21:06   -82558.899866        0.042628
LBFGS:  132 13:21:06   -82558.900828        0.043523
LBFGS:  133 13:21:06   -82558.901722        0.047762
LBFGS:  134 13:21:06   -82558.902748        0.039741
LBFGS:  135 13:21:06   -82558.904105        0.048387
LBFGS:  136 13:21:06   -82558.905723        0.053802
LBFGS:  137 13:21:06   -82558.907441        0.063404
LBFGS:  138 13:21:06   -82558.909153        0.058906
LBFGS:  139 13:21:06   -82558.910541        0.047483
LBFGS:  140 13:21:06   -82558.911584        0.042978
LBFGS:  141 13:21:06   -82558.912409        0.037585
LBFGS:  142 13:21:06   -82558.913225        0.034793
LBFGS:  143 13:21:06   -82558.913939        0.029076
LBFGS:  144 13:21:06   -82558.914480        0.028393
LBFGS:  145 13:21:06   -82558.914936        0.025973
LBFGS:  146 13:21:06   -82558.915425        0.027207
LBFGS:  147 13:21:06   -82558.916029        0.036625
LBFGS:  148 13:21:06   -82558.916711        0.038248
LBFGS:  149 13:21:06   -82558.917476        0.042145
LBFGS:  150 13:21:06   -82558.918361        0.040746
LBFGS:  151 13:21:06   -82558.919373        0.042806
LBFGS:  152 13:21:06   -82558.920414        0.033943
LBFGS:  153 13:21:06   -82558.921362        0.036455
LBFGS:  154 13:21:06   -82558.922186        0.041466
LBFGS:  155 13:21:06   -82558.922962        0.042359
LBFGS:  156 13:21:07   -82558.923786        0.047941
LBFGS:  157 13:21:07   -82558.924706        0.040535
LBFGS:  158 13:21:07   -82558.925685        0.040360
LBFGS:  159 13:21:07   -82558.926604        0.041830
LBFGS:  160 13:21:07   -82558.927393        0.042391
LBFGS:  161 13:21:07   -82558.928134        0.042204
LBFGS:  162 13:21:07   -82558.928954        0.039261
LBFGS:  163 13:21:07   -82558.929908        0.037126
LBFGS:  164 13:21:07   -82558.930891        0.043369
LBFGS:  165 13:21:07   -82558.931726        0.033615
LBFGS:  166 13:21:07   -82558.932377        0.032683
LBFGS:  167 13:21:07   -82558.932953        0.030141
LBFGS:  168 13:21:07   -82558.933575        0.033197
LBFGS:  169 13:21:07   -82558.934271        0.033219
LBFGS:  170 13:21:07   -82558.934972        0.032421
LBFGS:  171 13:21:07   -82558.935658        0.033159
LBFGS:  172 13:21:07   -82558.936389        0.042672
LBFGS:  173 13:21:07   -82558.937277        0.042259
LBFGS:  174 13:21:07   -82558.938398        0.050833
LBFGS:  175 13:21:07   -82558.939736        0.062077
LBFGS:  176 13:21:07   -82558.941159        0.058123
LBFGS:  177 13:21:07   -82558.942505        0.050752
LBFGS:  178 13:21:07   -82558.943770        0.047432
LBFGS:  179 13:21:07   -82558.945095        0.045617
LBFGS:  180 13:21:07   -82558.946492        0.053331
LBFGS:  181 13:21:07   -82558.947812        0.046386
LBFGS:  182 13:21:07   -82558.948914        0.054696
LBFGS:  183 13:21:08   -82558.949786        0.036673
LBFGS:  184 13:21:08   -82558.950548        0.039191
LBFGS:  185 13:21:08   -82558.951289        0.033596
LBFGS:  186 13:21:08   -82558.952023        0.030347
LBFGS:  187 13:21:08   -82558.952755        0.037176
LBFGS:  188 13:21:08   -82558.953550        0.038878
LBFGS:  189 13:21:08   -82558.954482        0.038882
LBFGS:  190 13:21:08   -82558.955526        0.042228
LBFGS:  191 13:21:08   -82558.956543        0.044933
LBFGS:  192 13:21:08   -82558.957364        0.044423
LBFGS:  193 13:21:08   -82558.958096        0.036879
LBFGS:  194 13:21:08   -82558.958858        0.035659
LBFGS:  195 13:21:08   -82558.959654        0.034190
LBFGS:  196 13:21:08   -82558.960442        0.040817
LBFGS:  197 13:21:08   -82558.961208        0.040654
LBFGS:  198 13:21:08   -82558.961952        0.035968
LBFGS:  199 13:21:08   -82558.962698        0.032852
LBFGS:  200 13:21:08   -82558.963463        0.036604
LBFGS:  201 13:21:08   -82558.964198        0.033687
LBFGS:  202 13:21:08   -82558.964862        0.031574
LBFGS:  203 13:21:08   -82558.965458        0.033695
LBFGS:  204 13:21:08   -82558.966084        0.034763
LBFGS:  205 13:21:08   -82558.966800        0.034920
LBFGS:  206 13:21:08   -82558.967576        0.030614
LBFGS:  207 13:21:08   -82558.968337        0.029564
LBFGS:  208 13:21:08   -82558.969037        0.032554
LBFGS:  209 13:21:08   -82558.969735        0.033734
LBFGS:  210 13:21:08   -82558.970463        0.035925
LBFGS:  211 13:21:08   -82558.971095        0.028011
LBFGS:  212 13:21:09   -82558.971597        0.026857
LBFGS:  213 13:21:09   -82558.972075        0.026723
LBFGS:  214 13:21:09   -82558.972632        0.033470
LBFGS:  215 13:21:09   -82558.973253        0.036589
LBFGS:  216 13:21:09   -82558.973832        0.029587
LBFGS:  217 13:21:09   -82558.974294        0.035638
LBFGS:  218 13:21:09   -82558.974676        0.027130
LBFGS:  219 13:21:09   -82558.975038        0.024943
LBFGS:  220 13:21:09   -82558.975397        0.021177
LBFGS:  221 13:21:09   -82558.975717        0.021133
LBFGS:  222 13:21:09   -82558.975978        0.022293
LBFGS:  223 13:21:09   -82558.976214        0.025919
LBFGS:  224 13:21:09   -82558.976429        0.026298
LBFGS:  225 13:21:09   -82558.976642        0.022227
LBFGS:  226 13:21:09   -82558.976869        0.019031
LBFGS:  227 13:21:09   -82558.977130        0.023936
LBFGS:  228 13:21:09   -82558.977450        0.028215
LBFGS:  229 13:21:09   -82558.977829        0.031725
LBFGS:  230 13:21:09   -82558.978206        0.029692
LBFGS:  231 13:21:09   -82558.978487        0.019824
LBFGS:  232 13:21:09   -82558.978660        0.016345
LBFGS:  233 13:21:09   -82558.978775        0.013665
LBFGS:  234 13:21:09   -82558.978869        0.013470
LBFGS:  235 13:21:09   -82558.978945        0.012596
LBFGS:  236 13:21:09   -82558.979004        0.010767
LBFGS:  237 13:21:09   -82558.979058        0.009473
       Step     Time          Energy          fmax
LBFGS:    0 13:21:09   -82558.190145        0.706181
LBFGS:    1 13:21:10   -82558.230590        0.548835
LBFGS:    2 13:21:10   -82558.248816        0.217239
LBFGS:    3 13:21:10   -82558.261491        0.231729
LBFGS:    4 13:21:10   -82558.276264        0.204304
LBFGS:    5 13:21:10   -82558.286537        0.160862
LBFGS:    6 13:21:10   -82558.294638        0.114564
LBFGS:    7 13:21:10   -82558.301843        0.159265
LBFGS:    8 13:21:10   -82558.309972        0.139955
LBFGS:    9 13:21:10   -82558.318329        0.148397
LBFGS:   10 13:21:10   -82558.326725        0.126404
LBFGS:   11 13:21:10   -82558.334931        0.181028
LBFGS:   12 13:21:10   -82558.342311        0.132578
LBFGS:   13 13:21:10   -82558.348575        0.112218
LBFGS:   14 13:21:10   -82558.354457        0.104126
LBFGS:   15 13:21:10   -82558.360752        0.139604
LBFGS:   16 13:21:10   -82558.368244        0.126878
LBFGS:   17 13:21:10   -82558.376350        0.129821
LBFGS:   18 13:21:10   -82558.384467        0.108781
LBFGS:   19 13:21:10   -82558.392265        0.138785
LBFGS:   20 13:21:10   -82558.398677        0.105116
LBFGS:   21 13:21:10   -82558.404368        0.244411
LBFGS:   22 13:21:10   -82558.411847        0.112872
LBFGS:   23 13:21:10   -82558.420804        0.104582
LBFGS:   24 13:21:10   -82558.426332        0.090436
LBFGS:   25 13:21:10   -82558.430912        0.088144
LBFGS:   26 13:21:10   -82558.435585        0.104565
LBFGS:   27 13:21:10   -82558.439771        0.093852
LBFGS:   28 13:21:10   -82558.443904        0.122055
LBFGS:   29 13:21:11   -82558.448230        0.114329
LBFGS:   30 13:21:11   -82558.452682        0.072715
LBFGS:   31 13:21:11   -82558.456436        0.083417
LBFGS:   32 13:21:11   -82558.458911        0.067503
LBFGS:   33 13:21:11   -82558.461072        0.048930
LBFGS:   34 13:21:11   -82558.462569        0.053828
LBFGS:   35 13:21:11   -82558.463809        0.050481
LBFGS:   36 13:21:11   -82558.465056        0.043194
LBFGS:   37 13:21:11   -82558.466405        0.048056
LBFGS:   38 13:21:11   -82558.467810        0.045037
LBFGS:   39 13:21:11   -82558.469174        0.052679
LBFGS:   40 13:21:11   -82558.470401        0.048592
LBFGS:   41 13:21:11   -82558.471444        0.049371
LBFGS:   42 13:21:11   -82558.472355        0.037160
LBFGS:   43 13:21:11   -82558.473269        0.052794
LBFGS:   44 13:21:11   -82558.474304        0.058464
LBFGS:   45 13:21:11   -82558.475413        0.043854
LBFGS:   46 13:21:11   -82558.476473        0.045503
LBFGS:   47 13:21:11   -82558.477417        0.037460
LBFGS:   48 13:21:11   -82558.478272        0.043196
LBFGS:   49 13:21:11   -82558.479229        0.042214
LBFGS:   50 13:21:11   -82558.480335        0.046352
LBFGS:   51 13:21:11   -82558.481676        0.047856
LBFGS:   52 13:21:11   -82558.483142        0.052708
LBFGS:   53 13:21:11   -82558.484610        0.070010
LBFGS:   54 13:21:11   -82558.485939        0.071004
LBFGS:   55 13:21:11   -82558.487063        0.053099
LBFGS:   56 13:21:12   -82558.487988        0.051363
LBFGS:   57 13:21:12   -82558.488747        0.030962
LBFGS:   58 13:21:12   -82558.489377        0.029950
LBFGS:   59 13:21:12   -82558.489923        0.033299
LBFGS:   60 13:21:12   -82558.490458        0.038079
LBFGS:   61 13:21:12   -82558.490994        0.054284
LBFGS:   62 13:21:12   -82558.491530        0.046368
LBFGS:   63 13:21:12   -82558.492126        0.030411
LBFGS:   64 13:21:12   -82558.492802        0.033091
LBFGS:   65 13:21:12   -82558.493293        0.035711
LBFGS:   66 13:21:12   -82558.493760        0.033691
LBFGS:   67 13:21:12   -82558.494355        0.031805
LBFGS:   68 13:21:12   -82558.495093        0.030845
LBFGS:   69 13:21:12   -82558.495669        0.030820
LBFGS:   70 13:21:12   -82558.496147        0.025450
LBFGS:   71 13:21:12   -82558.496593        0.026587
LBFGS:   72 13:21:12   -82558.497150        0.032096
LBFGS:   73 13:21:12   -82558.497818        0.040941
LBFGS:   74 13:21:12   -82558.498506        0.046612
LBFGS:   75 13:21:12   -82558.499173        0.035328
LBFGS:   76 13:21:12   -82558.499877        0.034458
LBFGS:   77 13:21:12   -82558.500632        0.031190
LBFGS:   78 13:21:12   -82558.501362        0.036954
LBFGS:   79 13:21:12   -82558.501994        0.031556
LBFGS:   80 13:21:12   -82558.502532        0.030996
LBFGS:   81 13:21:12   -82558.503053        0.028438
LBFGS:   82 13:21:12   -82558.503618        0.035582
LBFGS:   83 13:21:12   -82558.504148        0.037449
LBFGS:   84 13:21:13   -82558.504671        0.028930
LBFGS:   85 13:21:13   -82558.505128        0.026125
LBFGS:   86 13:21:13   -82558.505528        0.024341
LBFGS:   87 13:21:13   -82558.505933        0.026248
LBFGS:   88 13:21:13   -82558.506433        0.036854
LBFGS:   89 13:21:13   -82558.507005        0.033143
LBFGS:   90 13:21:13   -82558.507600        0.031445
LBFGS:   91 13:21:13   -82558.508124        0.029355
LBFGS:   92 13:21:13   -82558.508594        0.034982
LBFGS:   93 13:21:13   -82558.509067        0.025699
LBFGS:   94 13:21:13   -82558.509580        0.027678
LBFGS:   95 13:21:13   -82558.510057        0.034032
LBFGS:   96 13:21:13   -82558.510570        0.033351
LBFGS:   97 13:21:13   -82558.511122        0.030041
LBFGS:   98 13:21:13   -82558.511768        0.033600
LBFGS:   99 13:21:13   -82558.512571        0.037649
LBFGS:  100 13:21:13   -82558.513561        0.037454
LBFGS:  101 13:21:13   -82558.514603        0.056691
LBFGS:  102 13:21:13   -82558.515435        0.078370
LBFGS:  103 13:21:13   -82558.516119        0.036008
LBFGS:  104 13:21:13   -82558.516768        0.032933
LBFGS:  105 13:21:13   -82558.517641        0.052964
LBFGS:  106 13:21:13   -82558.518216        0.051866
LBFGS:  107 13:21:13   -82558.518958        0.039403
LBFGS:  108 13:21:13   -82558.519578        0.037574
LBFGS:  109 13:21:13   -82558.520155        0.035758
LBFGS:  110 13:21:13   -82558.520727        0.044679
LBFGS:  111 13:21:13   -82558.521337        0.030326
LBFGS:  112 13:21:14   -82558.521953        0.038917
LBFGS:  113 13:21:14   -82558.522539        0.048444
LBFGS:  114 13:21:14   -82558.523222        0.042705
LBFGS:  115 13:21:14   -82558.523941        0.036808
LBFGS:  116 13:21:14   -82558.524844        0.036124
LBFGS:  117 13:21:14   -82558.525896        0.057248
LBFGS:  118 13:21:14   -82558.527280        0.056395
LBFGS:  119 13:21:14   -82558.528903        0.049971
LBFGS:  120 13:21:14   -82558.530646        0.057827
LBFGS:  121 13:21:14   -82558.532485        0.067826
LBFGS:  122 13:21:14   -82558.534580        0.088571
LBFGS:  123 13:21:14   -82558.536881        0.101572
LBFGS:  124 13:21:14   -82558.539408        0.064593
LBFGS:  125 13:21:14   -82558.541387        0.070456
LBFGS:  126 13:21:14   -82558.542996        0.053320
LBFGS:  127 13:21:14   -82558.544408        0.042785
LBFGS:  128 13:21:14   -82558.545856        0.050326
LBFGS:  129 13:21:14   -82558.547079        0.067629
LBFGS:  130 13:21:14   -82558.548476        0.088670
LBFGS:  131 13:21:14   -82558.550289        0.066125
LBFGS:  132 13:21:14   -82558.552492        0.069328
LBFGS:  133 13:21:14   -82558.553672        0.058297
LBFGS:  134 13:21:14   -82558.554869        0.076320
LBFGS:  135 13:21:14   -82558.555938        0.093973
LBFGS:  136 13:21:14   -82558.557473        0.072143
LBFGS:  137 13:21:14   -82558.559547        0.088141
LBFGS:  138 13:21:14   -82558.562098        0.110628
LBFGS:  139 13:21:14   -82558.565303        0.066952
LBFGS:  140 13:21:15   -82558.568381        0.072674
LBFGS:  141 13:21:15   -82558.571099        0.088424
LBFGS:  142 13:21:15   -82558.574941        0.163578
LBFGS:  143 13:21:15   -82558.577525        0.102578
LBFGS:  144 13:21:15   -82558.582551        0.164356
LBFGS:  145 13:21:15   -82558.589863        0.160233
LBFGS:  146 13:21:15   -82558.593563        0.122138
LBFGS:  147 13:21:15   -82558.599507        0.202196
LBFGS:  148 13:21:15   -82558.605128        0.103812
LBFGS:  149 13:21:15   -82558.608890        0.229549
LBFGS:  150 13:21:15   -82558.616048        0.249770
LBFGS:  151 13:21:15   -82558.623133        0.299277
LBFGS:  152 13:21:15   -82558.634636        0.227924
LBFGS:  153 13:21:15   -82558.641801        0.392391
LBFGS:  154 13:21:15   -82558.655429        0.277161
LBFGS:  155 13:21:15   -82558.666753        0.533131
LBFGS:  156 13:21:15   -82558.688520        0.485650
LBFGS:  157 13:21:15   -82558.708026        0.626265
LBFGS:  158 13:21:15   -82558.728932        0.309024
LBFGS:  159 13:21:15   -82558.746146        0.520826
LBFGS:  160 13:21:15   -82558.772702        0.468315
LBFGS:  161 13:21:15   -82558.793515        0.727557
LBFGS:  162 13:21:15   -82558.830080        0.354959
LBFGS:  163 13:21:15   -82558.857470        0.806013
LBFGS:  164 13:21:15   -82558.893950        0.481513
LBFGS:  165 13:21:15   -82558.929757        0.477744
LBFGS:  166 13:21:15   -82558.977433        0.454318
LBFGS:  167 13:21:15   -82559.053573        0.656176
LBFGS:  168 13:21:15   -82559.075119        1.011846
LBFGS:  169 13:21:16   -82559.112501        0.904762
LBFGS:  170 13:21:16   -82559.166090        0.538075
LBFGS:  171 13:21:16   -82559.209778        0.430484
LBFGS:  172 13:21:16   -82559.270842        0.455696
LBFGS:  173 13:21:16   -82559.313413        0.529903
LBFGS:  174 13:21:16   -82559.361421        0.599462
LBFGS:  175 13:21:16   -82559.410528        0.616234
LBFGS:  176 13:21:16   -82559.467265        0.636358
LBFGS:  177 13:21:16   -82559.527918        0.526776
LBFGS:  178 13:21:16   -82559.585963        0.637558
LBFGS:  179 13:21:16   -82559.641380        0.556434
LBFGS:  180 13:21:16   -82559.667949        0.618109
LBFGS:  181 13:21:16   -82559.706046        0.291831
LBFGS:  182 13:21:16   -82559.767603        0.376408
LBFGS:  183 13:21:16   -82559.809566        0.353010
LBFGS:  184 13:21:16   -82559.851720        0.314988
LBFGS:  185 13:21:16   -82559.885716        0.319222
LBFGS:  186 13:21:16   -82559.916499        0.176091
LBFGS:  187 13:21:16   -82559.940018        0.241597
LBFGS:  188 13:21:16   -82559.957773        0.148595
LBFGS:  189 13:21:16   -82559.974067        0.180155
LBFGS:  190 13:21:16   -82559.984481        0.252787
LBFGS:  191 13:21:16   -82559.991493        0.115115
LBFGS:  192 13:21:16   -82559.999165        0.120911
LBFGS:  193 13:21:16   -82560.006376        0.133516
LBFGS:  194 13:21:16   -82560.011891        0.157701
LBFGS:  195 13:21:16   -82560.018030        0.121275
LBFGS:  196 13:21:16   -82560.023523        0.094212
LBFGS:  197 13:21:17   -82560.027562        0.076506
LBFGS:  198 13:21:17   -82560.031633        0.082493
LBFGS:  199 13:21:17   -82560.035688        0.098412
LBFGS:  200 13:21:17   -82560.039285        0.086992
LBFGS:  201 13:21:17   -82560.042187        0.089977
LBFGS:  202 13:21:17   -82560.044619        0.072916
LBFGS:  203 13:21:17   -82560.046544        0.054897
LBFGS:  204 13:21:17   -82560.048089        0.060815
LBFGS:  205 13:21:17   -82560.049605        0.064244
LBFGS:  206 13:21:17   -82560.051183        0.051075
LBFGS:  207 13:21:17   -82560.052507        0.043284
LBFGS:  208 13:21:17   -82560.053478        0.033455
LBFGS:  209 13:21:17   -82560.054358        0.039580
LBFGS:  210 13:21:17   -82560.055406        0.040148
LBFGS:  211 13:21:17   -82560.056514        0.055478
LBFGS:  212 13:21:17   -82560.057472        0.073728
LBFGS:  213 13:21:17   -82560.058308        0.071329
LBFGS:  214 13:21:17   -82560.059215        0.053283
LBFGS:  215 13:21:17   -82560.060342        0.049016
LBFGS:  216 13:21:17   -82560.061648        0.058652
LBFGS:  217 13:21:17   -82560.062880        0.056200
LBFGS:  218 13:21:17   -82560.063974        0.071380
LBFGS:  219 13:21:17   -82560.065125        0.044788
LBFGS:  220 13:21:17   -82560.066459        0.057806
LBFGS:  221 13:21:17   -82560.067949        0.053665
LBFGS:  222 13:21:17   -82560.069232        0.046603
LBFGS:  223 13:21:17   -82560.070516        0.039547
LBFGS:  224 13:21:17   -82560.071726        0.042935
LBFGS:  225 13:21:17   -82560.072789        0.041305
LBFGS:  226 13:21:18   -82560.073750        0.043676
LBFGS:  227 13:21:18   -82560.074678        0.039612
LBFGS:  228 13:21:18   -82560.075536        0.052549
LBFGS:  229 13:21:18   -82560.076266        0.044629
LBFGS:  230 13:21:18   -82560.076918        0.037159
LBFGS:  231 13:21:18   -82560.077603        0.040279
LBFGS:  232 13:21:18   -82560.078372        0.044285
LBFGS:  233 13:21:18   -82560.079110        0.033210
LBFGS:  234 13:21:18   -82560.079739        0.030736
LBFGS:  235 13:21:18   -82560.080419        0.033807
LBFGS:  236 13:21:18   -82560.081251        0.033230
LBFGS:  237 13:21:18   -82560.082167        0.037336
LBFGS:  238 13:21:18   -82560.083019        0.037319
LBFGS:  239 13:21:18   -82560.083801        0.044855
LBFGS:  240 13:21:18   -82560.084567        0.035113
LBFGS:  241 13:21:18   -82560.085325        0.041128
LBFGS:  242 13:21:18   -82560.086039        0.044397
LBFGS:  243 13:21:18   -82560.086777        0.037802
LBFGS:  244 13:21:18   -82560.087546        0.038541
LBFGS:  245 13:21:18   -82560.088219        0.028856
LBFGS:  246 13:21:18   -82560.088756        0.029796
LBFGS:  247 13:21:18   -82560.089305        0.026938
LBFGS:  248 13:21:18   -82560.089814        0.028045
LBFGS:  249 13:21:18   -82560.090261        0.023729
LBFGS:  250 13:21:18   -82560.090702        0.028406
LBFGS:  251 13:21:18   -82560.091257        0.027737
LBFGS:  252 13:21:18   -82560.092017        0.039594
LBFGS:  253 13:21:18   -82560.092951        0.051866
LBFGS:  254 13:21:18   -82560.093947        0.060198
LBFGS:  255 13:21:19   -82560.094991        0.039361
LBFGS:  256 13:21:19   -82560.096139        0.048645
LBFGS:  257 13:21:19   -82560.097447        0.053329
LBFGS:  258 13:21:19   -82560.098953        0.061936
LBFGS:  259 13:21:19   -82560.100734        0.084517
LBFGS:  260 13:21:19   -82560.102899        0.060695
LBFGS:  261 13:21:19   -82560.105365        0.080426
LBFGS:  262 13:21:19   -82560.107904        0.093842
LBFGS:  263 13:21:19   -82560.110452        0.084239
LBFGS:  264 13:21:19   -82560.113194        0.077627
LBFGS:  265 13:21:19   -82560.116126        0.087969
LBFGS:  266 13:21:19   -82560.119026        0.085214
LBFGS:  267 13:21:19   -82560.121620        0.074461
LBFGS:  268 13:21:19   -82560.124062        0.064936
LBFGS:  269 13:21:19   -82560.126944        0.076120
LBFGS:  270 13:21:19   -82560.130269        0.092888
LBFGS:  271 13:21:19   -82560.133525        0.082469
LBFGS:  272 13:21:19   -82560.136828        0.075364
LBFGS:  273 13:21:19   -82560.140220        0.082477
LBFGS:  274 13:21:19   -82560.143686        0.070142
LBFGS:  275 13:21:19   -82560.147439        0.070430
LBFGS:  276 13:21:19   -82560.151195        0.092328
LBFGS:  277 13:21:19   -82560.155289        0.092922
LBFGS:  278 13:21:19   -82560.159219        0.087868
LBFGS:  279 13:21:19   -82560.163171        0.089872
LBFGS:  280 13:21:19   -82560.166982        0.079634
LBFGS:  281 13:21:19   -82560.170407        0.066810
LBFGS:  282 13:21:19   -82560.173908        0.068483
LBFGS:  283 13:21:20   -82560.176802        0.090589
LBFGS:  284 13:21:20   -82560.179601        0.119282
LBFGS:  285 13:21:20   -82560.182262        0.059114
LBFGS:  286 13:21:20   -82560.184977        0.055980
LBFGS:  287 13:21:20   -82560.187639        0.082943
LBFGS:  288 13:21:20   -82560.190087        0.115963
LBFGS:  289 13:21:20   -82560.192812        0.085865
LBFGS:  290 13:21:20   -82560.196008        0.085741
LBFGS:  291 13:21:20   -82560.199475        0.087697
LBFGS:  292 13:21:20   -82560.203007        0.077755
LBFGS:  293 13:21:20   -82560.206832        0.092535
LBFGS:  294 13:21:20   -82560.209811        0.075727
LBFGS:  295 13:21:20   -82560.212265        0.070740
LBFGS:  296 13:21:20   -82560.214743        0.068720
LBFGS:  297 13:21:20   -82560.217409        0.067764
LBFGS:  298 13:21:20   -82560.220342        0.072888
LBFGS:  299 13:21:20   -82560.223542        0.082443
LBFGS:  300 13:21:20   -82560.227093        0.072457
LBFGS:  301 13:21:20   -82560.230929        0.083957
LBFGS:  302 13:21:20   -82560.234941        0.093839
LBFGS:  303 13:21:20   -82560.239087        0.096536
LBFGS:  304 13:21:20   -82560.243644        0.081971
LBFGS:  305 13:21:20   -82560.248726        0.100536
LBFGS:  306 13:21:20   -82560.252892        0.079915
LBFGS:  307 13:21:20   -82560.258060        0.105513
LBFGS:  308 13:21:20   -82560.261778        0.128755
LBFGS:  309 13:21:20   -82560.265601        0.101264
LBFGS:  310 13:21:20   -82560.270517        0.097381
LBFGS:  311 13:21:21   -82560.278112        0.092379
LBFGS:  312 13:21:21   -82560.284157        0.146790
LBFGS:  313 13:21:21   -82560.291469        0.116763
LBFGS:  314 13:21:21   -82560.297172        0.112514
LBFGS:  315 13:21:21   -82560.306641        0.111570
LBFGS:  316 13:21:21   -82560.311577        0.094076
LBFGS:  317 13:21:21   -82560.320723        0.162388
LBFGS:  318 13:21:21   -82560.323720        0.103896
LBFGS:  319 13:21:21   -82560.329174        0.106639
LBFGS:  320 13:21:21   -82560.332509        0.124421
LBFGS:  321 13:21:21   -82560.335442        0.067957
LBFGS:  322 13:21:21   -82560.339248        0.088047
LBFGS:  323 13:21:21   -82560.343236        0.112744
LBFGS:  324 13:21:21   -82560.346696        0.166082
LBFGS:  325 13:21:21   -82560.350366        0.094012
LBFGS:  326 13:21:21   -82560.353602        0.104217
LBFGS:  327 13:21:21   -82560.355750        0.078020
LBFGS:  328 13:21:21   -82560.358387        0.066153
LBFGS:  329 13:21:21   -82560.360969        0.071593
LBFGS:  330 13:21:21   -82560.363504        0.080317
LBFGS:  331 13:21:21   -82560.366348        0.105941
LBFGS:  332 13:21:21   -82560.369370        0.079192
LBFGS:  333 13:21:21   -82560.372386        0.075257
LBFGS:  334 13:21:21   -82560.375058        0.072528
LBFGS:  335 13:21:21   -82560.377533        0.072122
LBFGS:  336 13:21:21   -82560.380459        0.082180
LBFGS:  337 13:21:21   -82560.383243        0.113792
LBFGS:  338 13:21:22   -82560.385349        0.064669
LBFGS:  339 13:21:22   -82560.387178        0.069016
LBFGS:  340 13:21:22   -82560.389136        0.056247
LBFGS:  341 13:21:22   -82560.391068        0.057478
LBFGS:  342 13:21:22   -82560.393326        0.077059
LBFGS:  343 13:21:22   -82560.395399        0.097932
LBFGS:  344 13:21:22   -82560.397536        0.090841
LBFGS:  345 13:21:22   -82560.399963        0.085783
LBFGS:  346 13:21:22   -82560.402789        0.082747
LBFGS:  347 13:21:22   -82560.405514        0.092038
LBFGS:  348 13:21:22   -82560.408223        0.070698
LBFGS:  349 13:21:22   -82560.411480        0.092023
LBFGS:  350 13:21:22   -82560.414553        0.080729
LBFGS:  351 13:21:22   -82560.417795        0.066861
LBFGS:  352 13:21:22   -82560.420988        0.078407
LBFGS:  353 13:21:22   -82560.423828        0.084234
LBFGS:  354 13:21:22   -82560.426488        0.075344
LBFGS:  355 13:21:22   -82560.429715        0.077382
LBFGS:  356 13:21:22   -82560.434191        0.105841
LBFGS:  357 13:21:22   -82560.439732        0.108800
LBFGS:  358 13:21:22   -82560.445145        0.113232
LBFGS:  359 13:21:22   -82560.449219        0.097189
LBFGS:  360 13:21:22   -82560.452188        0.082052
LBFGS:  361 13:21:22   -82560.455031        0.086659
LBFGS:  362 13:21:22   -82560.458760        0.091694
LBFGS:  363 13:21:22   -82560.462868        0.080512
LBFGS:  364 13:21:22   -82560.466829        0.078584
LBFGS:  365 13:21:23   -82560.470196        0.073375
LBFGS:  366 13:21:23   -82560.473312        0.081324
LBFGS:  367 13:21:23   -82560.476776        0.076476
LBFGS:  368 13:21:23   -82560.480911        0.092046
LBFGS:  369 13:21:23   -82560.485524        0.106853
LBFGS:  370 13:21:23   -82560.490040        0.108722
LBFGS:  371 13:21:23   -82560.494043        0.094592
LBFGS:  372 13:21:23   -82560.497317        0.092451
LBFGS:  373 13:21:23   -82560.500277        0.084704
LBFGS:  374 13:21:23   -82560.503151        0.071420
LBFGS:  375 13:21:23   -82560.506064        0.063643
LBFGS:  376 13:21:23   -82560.508878        0.076027
LBFGS:  377 13:21:23   -82560.511344        0.089073
LBFGS:  378 13:21:23   -82560.514069        0.076043
LBFGS:  379 13:21:23   -82560.516652        0.072113
LBFGS:  380 13:21:23   -82560.519166        0.064997
LBFGS:  381 13:21:23   -82560.522006        0.081547
LBFGS:  382 13:21:23   -82560.525449        0.110261
LBFGS:  383 13:21:23   -82560.529749        0.121274
LBFGS:  384 13:21:23   -82560.534274        0.105323
LBFGS:  385 13:21:23   -82560.538669        0.089422
LBFGS:  386 13:21:23   -82560.541279        0.096455
LBFGS:  387 13:21:23   -82560.543600        0.160161
LBFGS:  388 13:21:23   -82560.547012        0.093687
LBFGS:  389 13:21:23   -82560.550518        0.097916
LBFGS:  390 13:21:23   -82560.554147        0.097065
LBFGS:  391 13:21:24   -82560.558036        0.072565
LBFGS:  392 13:21:24   -82560.561170        0.070694
LBFGS:  393 13:21:24   -82560.563581        0.083611
LBFGS:  394 13:21:24   -82560.566030        0.066882
LBFGS:  395 13:21:24   -82560.569005        0.082530
LBFGS:  396 13:21:24   -82560.569715        0.157859
LBFGS:  397 13:21:24   -82560.574252        0.136077
LBFGS:  398 13:21:24   -82560.576981        0.083691
LBFGS:  399 13:21:24   -82560.580255        0.100343
LBFGS:  400 13:21:24   -82560.584392        0.107127
LBFGS:  401 13:21:24   -82560.587661        0.091620
LBFGS:  402 13:21:24   -82560.591864        0.103807
LBFGS:  403 13:21:24   -82560.595627        0.092093
LBFGS:  404 13:21:24   -82560.600242        0.131712
LBFGS:  405 13:21:24   -82560.603955        0.102680
LBFGS:  406 13:21:24   -82560.610459        0.154953
LBFGS:  407 13:21:24   -82560.616064        0.153909
LBFGS:  408 13:21:24   -82560.620864        0.123243
LBFGS:  409 13:21:24   -82560.626892        0.112390
LBFGS:  410 13:21:24   -82560.633136        0.130068
LBFGS:  411 13:21:24   -82560.637825        0.142562
LBFGS:  412 13:21:24   -82560.643210        0.157661
LBFGS:  413 13:21:24   -82560.646009        0.107572
LBFGS:  414 13:21:24   -82560.648023        0.137801
LBFGS:  415 13:21:24   -82560.650626        0.070087
LBFGS:  416 13:21:24   -82560.652211        0.055539
LBFGS:  417 13:21:25   -82560.654134        0.052439
LBFGS:  418 13:21:25   -82560.656573        0.066839
LBFGS:  419 13:21:25   -82560.658118        0.068956
LBFGS:  420 13:21:25   -82560.659778        0.045530
LBFGS:  421 13:21:25   -82560.661831        0.060142
LBFGS:  422 13:21:25   -82560.663055        0.045401
LBFGS:  423 13:21:25   -82560.664347        0.054350
LBFGS:  424 13:21:25   -82560.665868        0.058673
LBFGS:  425 13:21:25   -82560.667520        0.053514
LBFGS:  426 13:21:25   -82560.669344        0.054887
LBFGS:  427 13:21:25   -82560.671130        0.051548
LBFGS:  428 13:21:25   -82560.672556        0.093123
LBFGS:  429 13:21:25   -82560.673747        0.078031
LBFGS:  430 13:21:25   -82560.674737        0.037755
LBFGS:  431 13:21:25   -82560.675681        0.036649
LBFGS:  432 13:21:25   -82560.676341        0.038387
LBFGS:  433 13:21:25   -82560.677242        0.035847
LBFGS:  434 13:21:25   -82560.678044        0.035322
LBFGS:  435 13:21:25   -82560.678767        0.042499
LBFGS:  436 13:21:25   -82560.679604        0.045529
LBFGS:  437 13:21:25   -82560.680566        0.047361
LBFGS:  438 13:21:25   -82560.681461        0.042011
LBFGS:  439 13:21:25   -82560.682356        0.036124
LBFGS:  440 13:21:25   -82560.683276        0.048677
LBFGS:  441 13:21:25   -82560.684209        0.041326
LBFGS:  442 13:21:25   -82560.685114        0.039886
LBFGS:  443 13:21:26   -82560.686010        0.039471
LBFGS:  444 13:21:26   -82560.686900        0.047157
LBFGS:  445 13:21:26   -82560.687768        0.043927
LBFGS:  446 13:21:26   -82560.688582        0.048124
LBFGS:  447 13:21:26   -82560.689289        0.037525
LBFGS:  448 13:21:26   -82560.689841        0.049672
LBFGS:  449 13:21:26   -82560.690271        0.063541
LBFGS:  450 13:21:26   -82560.690686        0.032947
LBFGS:  451 13:21:26   -82560.691135        0.031797
LBFGS:  452 13:21:26   -82560.691542        0.037832
LBFGS:  453 13:21:26   -82560.691807        0.019768
LBFGS:  454 13:21:26   -82560.692029        0.019551
LBFGS:  455 13:21:26   -82560.692266        0.021012
LBFGS:  456 13:21:26   -82560.692548        0.021344
LBFGS:  457 13:21:26   -82560.692797        0.017883
LBFGS:  458 13:21:26   -82560.693000        0.019336
LBFGS:  459 13:21:26   -82560.693210        0.019053
LBFGS:  460 13:21:26   -82560.693497        0.021701
LBFGS:  461 13:21:26   -82560.693883        0.028839
LBFGS:  462 13:21:26   -82560.694285        0.035635
LBFGS:  463 13:21:26   -82560.694668        0.026007
LBFGS:  464 13:21:26   -82560.694980        0.026776
LBFGS:  465 13:21:26   -82560.695223        0.020651
LBFGS:  466 13:21:26   -82560.695421        0.019212
LBFGS:  467 13:21:26   -82560.695593        0.019523
LBFGS:  468 13:21:26   -82560.695757        0.022131
LBFGS:  469 13:21:27   -82560.695927        0.020004
LBFGS:  470 13:21:27   -82560.696099        0.019509
LBFGS:  471 13:21:27   -82560.696262        0.017780
LBFGS:  472 13:21:27   -82560.696404        0.017909
LBFGS:  473 13:21:27   -82560.696531        0.014197
LBFGS:  474 13:21:27   -82560.696647        0.012216
LBFGS:  475 13:21:27   -82560.696747        0.010943
LBFGS:  476 13:21:27   -82560.696832        0.011683
LBFGS:  477 13:21:27   -82560.696911        0.011305
LBFGS:  478 13:21:27   -82560.696987        0.012720
LBFGS:  479 13:21:27   -82560.697056        0.011449
LBFGS:  480 13:21:27   -82560.697114        0.009789
       Step     Time          Energy          fmax
LBFGS:    0 13:21:27   -41277.874479        0.839444
LBFGS:    1 13:21:27   -41277.927702        0.631545
LBFGS:    2 13:21:27   -41277.996801        0.689588
LBFGS:    3 13:21:27   -41278.137548        0.539990
LBFGS:    4 13:21:27   -41278.197910        0.513505
LBFGS:    5 13:21:27   -41278.257867        0.475672
LBFGS:    6 13:21:27   -41278.326257        0.417596
LBFGS:    7 13:21:27   -41278.374969        0.578117
LBFGS:    8 13:21:27   -41278.422332        0.539562
LBFGS:    9 13:21:27   -41278.472993        0.450305
LBFGS:   10 13:21:27   -41278.517424        0.372959
LBFGS:   11 13:21:27   -41278.550547        0.417269
LBFGS:   12 13:21:28   -41278.577522        0.343033
LBFGS:   13 13:21:28   -41278.602269        0.410169
LBFGS:   14 13:21:28   -41278.629193        0.310889
LBFGS:   15 13:21:28   -41278.657899        0.327567
LBFGS:   16 13:21:28   -41278.682510        0.347681
LBFGS:   17 13:21:28   -41278.704571        0.331057
LBFGS:   18 13:21:28   -41278.725841        0.243889
LBFGS:   19 13:21:28   -41278.745831        0.288793
LBFGS:   20 13:21:28   -41278.762164        0.303435
LBFGS:   21 13:21:28   -41278.771987        0.358878
LBFGS:   22 13:21:28   -41278.779340        0.262276
LBFGS:   23 13:21:28   -41278.784679        0.142764
LBFGS:   24 13:21:28   -41278.790274        0.170217
LBFGS:   25 13:21:28   -41278.796331        0.173541
LBFGS:   26 13:21:28   -41278.801847        0.135046
LBFGS:   27 13:21:28   -41278.807005        0.146538
LBFGS:   28 13:21:28   -41278.811436        0.161535
LBFGS:   29 13:21:28   -41278.815673        0.142810
LBFGS:   30 13:21:28   -41278.819490        0.107086
LBFGS:   31 13:21:28   -41278.822703        0.094241
LBFGS:   32 13:21:28   -41278.825285        0.089438
LBFGS:   33 13:21:28   -41278.827693        0.094759
LBFGS:   34 13:21:28   -41278.829992        0.096466
LBFGS:   35 13:21:28   -41278.832047        0.076477
LBFGS:   36 13:21:28   -41278.833765        0.068766
LBFGS:   37 13:21:28   -41278.835356        0.068499
LBFGS:   38 13:21:28   -41278.836858        0.069692
LBFGS:   39 13:21:28   -41278.838269        0.063781
LBFGS:   40 13:21:29   -41278.839546        0.081958
LBFGS:   41 13:21:29   -41278.840818        0.072300
LBFGS:   42 13:21:29   -41278.842293        0.086328
LBFGS:   43 13:21:29   -41278.844241        0.087297
LBFGS:   44 13:21:29   -41278.846524        0.121041
LBFGS:   45 13:21:29   -41278.849110        0.118689
LBFGS:   46 13:21:29   -41278.851169        0.190832
LBFGS:   47 13:21:29   -41278.853752        0.090129
LBFGS:   48 13:21:29   -41278.856457        0.114428
LBFGS:   49 13:21:29   -41278.861368        0.182706
LBFGS:   50 13:21:29   -41278.865801        0.187604
LBFGS:   51 13:21:29   -41278.872825        0.413340
LBFGS:   52 13:21:29   -41278.863802        0.969347
LBFGS:   53 13:21:29   -41278.883440        0.365570
LBFGS:   54 13:21:29   -41278.888411        0.264980
LBFGS:   55 13:21:29   -41278.897413        0.411620
LBFGS:   56 13:21:29   -41278.907297        0.508066
LBFGS:   57 13:21:29   -41278.917608        0.335176
LBFGS:   58 13:21:29   -41278.925352        1.031736
LBFGS:   59 13:21:29   -41278.942195        0.328788
LBFGS:   60 13:21:29   -41278.954026        0.298380
LBFGS:   61 13:21:29   -41278.968495        0.902569
LBFGS:   62 13:21:29   -41278.981249        0.406828
LBFGS:   63 13:21:29   -41278.993107        0.474551
LBFGS:   64 13:21:29   -41279.012990        0.752814
LBFGS:   65 13:21:29   -41279.025878        0.340512
LBFGS:   66 13:21:29   -41279.040604        0.709643
LBFGS:   67 13:21:30   -41279.059577        0.365816
LBFGS:   68 13:21:30   -41279.081249        0.510449
LBFGS:   69 13:21:30   -41279.104833        0.552303
LBFGS:   70 13:21:30   -41279.111676        1.236638
LBFGS:   71 13:21:30   -41279.142894        0.628134
LBFGS:   72 13:21:30   -41279.162182        0.410781
LBFGS:   73 13:21:30   -41279.185150        0.438219
LBFGS:   74 13:21:30   -41279.208065        0.668753
LBFGS:   75 13:21:30   -41279.238273        0.509235
LBFGS:   76 13:21:30   -41279.258516        0.541780
LBFGS:   77 13:21:30   -41279.276917        0.267829
LBFGS:   78 13:21:30   -41279.292005        0.396198
LBFGS:   79 13:21:30   -41279.307913        0.200254
LBFGS:   80 13:21:30   -41279.320825        0.185082
LBFGS:   81 13:21:30   -41279.330254        0.164280
LBFGS:   82 13:21:30   -41279.341426        0.177571
LBFGS:   83 13:21:30   -41279.351649        0.170592
LBFGS:   84 13:21:30   -41279.360697        0.163313
LBFGS:   85 13:21:30   -41279.367731        0.131556
LBFGS:   86 13:21:30   -41279.373681        0.140382
LBFGS:   87 13:21:30   -41279.379130        0.142134
LBFGS:   88 13:21:30   -41279.384753        0.154527
LBFGS:   89 13:21:30   -41279.390493        0.158313
LBFGS:   90 13:21:30   -41279.395669        0.089728
LBFGS:   91 13:21:30   -41279.398534        0.074931
LBFGS:   92 13:21:30   -41279.401121        0.086748
LBFGS:   93 13:21:30   -41279.403121        0.085453
LBFGS:   94 13:21:31   -41279.405063        0.069235
LBFGS:   95 13:21:31   -41279.406820        0.066723
LBFGS:   96 13:21:31   -41279.408314        0.065711
LBFGS:   97 13:21:31   -41279.409610        0.061787
LBFGS:   98 13:21:31   -41279.411024        0.068736
LBFGS:   99 13:21:31   -41279.412697        0.075214
LBFGS:  100 13:21:31   -41279.414586        0.095959
LBFGS:  101 13:21:31   -41279.416590        0.115140
LBFGS:  102 13:21:31   -41279.418621        0.102105
LBFGS:  103 13:21:31   -41279.420544        0.064615
LBFGS:  104 13:21:31   -41279.422134        0.058239
LBFGS:  105 13:21:31   -41279.423344        0.069630
LBFGS:  106 13:21:31   -41279.424337        0.074800
LBFGS:  107 13:21:31   -41279.425296        0.065615
LBFGS:  108 13:21:31   -41279.426290        0.058269
LBFGS:  109 13:21:31   -41279.427357        0.063102
LBFGS:  110 13:21:31   -41279.428553        0.063807
LBFGS:  111 13:21:31   -41279.429981        0.068804
LBFGS:  112 13:21:31   -41279.431571        0.074759
LBFGS:  113 13:21:31   -41279.433124        0.068558
LBFGS:  114 13:21:31   -41279.434405        0.063278
LBFGS:  115 13:21:31   -41279.435612        0.060945
LBFGS:  116 13:21:31   -41279.436919        0.066403
LBFGS:  117 13:21:31   -41279.438413        0.071570
LBFGS:  118 13:21:31   -41279.439709        0.095570
LBFGS:  119 13:21:31   -41279.440748        0.069368
LBFGS:  120 13:21:31   -41279.441622        0.067236
LBFGS:  121 13:21:31   -41279.442576        0.049376
LBFGS:  122 13:21:32   -41279.443608        0.063708
LBFGS:  123 13:21:32   -41279.444440        0.070665
LBFGS:  124 13:21:32   -41279.445083        0.047268
LBFGS:  125 13:21:32   -41279.445634        0.041853
LBFGS:  126 13:21:32   -41279.446104        0.038829
LBFGS:  127 13:21:32   -41279.446525        0.049867
LBFGS:  128 13:21:32   -41279.446929        0.046152
LBFGS:  129 13:21:32   -41279.447285        0.038916
LBFGS:  130 13:21:32   -41279.447673        0.040947
LBFGS:  131 13:21:32   -41279.448143        0.042853
LBFGS:  132 13:21:32   -41279.448653        0.045898
LBFGS:  133 13:21:32   -41279.449131        0.053331
LBFGS:  134 13:21:32   -41279.449669        0.060156
LBFGS:  135 13:21:32   -41279.450382        0.048060
LBFGS:  136 13:21:32   -41279.451391        0.061291
LBFGS:  137 13:21:32   -41279.452525        0.063799
LBFGS:  138 13:21:32   -41279.453479        0.070632
LBFGS:  139 13:21:32   -41279.454309        0.048373
LBFGS:  140 13:21:32   -41279.455116        0.047504
LBFGS:  141 13:21:32   -41279.455912        0.047328
LBFGS:  142 13:21:32   -41279.456571        0.043654
LBFGS:  143 13:21:32   -41279.457086        0.037799
LBFGS:  144 13:21:32   -41279.457619        0.038417
LBFGS:  145 13:21:32   -41279.458142        0.049534
LBFGS:  146 13:21:32   -41279.458664        0.049169
LBFGS:  147 13:21:32   -41279.459182        0.046529
LBFGS:  148 13:21:32   -41279.459764        0.045946
LBFGS:  149 13:21:33   -41279.460457        0.054432
LBFGS:  150 13:21:33   -41279.461282        0.054843
LBFGS:  151 13:21:33   -41279.462186        0.054056
LBFGS:  152 13:21:33   -41279.462978        0.051143
LBFGS:  153 13:21:33   -41279.463712        0.048654
LBFGS:  154 13:21:33   -41279.464452        0.052472
LBFGS:  155 13:21:33   -41279.465231        0.052219
LBFGS:  156 13:21:33   -41279.466054        0.049784
LBFGS:  157 13:21:33   -41279.466927        0.044024
LBFGS:  158 13:21:33   -41279.467850        0.044863
LBFGS:  159 13:21:33   -41279.468783        0.079956
LBFGS:  160 13:21:33   -41279.469692        0.066639
LBFGS:  161 13:21:33   -41279.470552        0.071920
LBFGS:  162 13:21:33   -41279.471382        0.066424
LBFGS:  163 13:21:33   -41279.472225        0.061716
LBFGS:  164 13:21:33   -41279.473031        0.062772
LBFGS:  165 13:21:33   -41279.473765        0.050995
LBFGS:  166 13:21:33   -41279.474404        0.045291
LBFGS:  167 13:21:33   -41279.474942        0.043750
LBFGS:  168 13:21:33   -41279.475423        0.044820
LBFGS:  169 13:21:33   -41279.475839        0.038673
LBFGS:  170 13:21:33   -41279.476219        0.041585
LBFGS:  171 13:21:33   -41279.476627        0.039505
LBFGS:  172 13:21:33   -41279.477131        0.055441
LBFGS:  173 13:21:33   -41279.477742        0.052722
LBFGS:  174 13:21:33   -41279.478392        0.038697
LBFGS:  175 13:21:33   -41279.479031        0.045289
LBFGS:  176 13:21:34   -41279.479678        0.062169
LBFGS:  177 13:21:34   -41279.480360        0.059582
LBFGS:  178 13:21:34   -41279.481027        0.045000
LBFGS:  179 13:21:34   -41279.481617        0.042813
LBFGS:  180 13:21:34   -41279.482174        0.048943
LBFGS:  181 13:21:34   -41279.482706        0.056782
LBFGS:  182 13:21:34   -41279.483179        0.045959
LBFGS:  183 13:21:34   -41279.483558        0.042480
LBFGS:  184 13:21:34   -41279.483863        0.036019
LBFGS:  185 13:21:34   -41279.484144        0.033193
LBFGS:  186 13:21:34   -41279.484446        0.036058
LBFGS:  187 13:21:34   -41279.484812        0.033621
LBFGS:  188 13:21:34   -41279.485256        0.057031
LBFGS:  189 13:21:34   -41279.485721        0.058897
LBFGS:  190 13:21:34   -41279.486133        0.035419
LBFGS:  191 13:21:34   -41279.486477        0.034149
LBFGS:  192 13:21:34   -41279.486793        0.035402
LBFGS:  193 13:21:34   -41279.487104        0.046304
LBFGS:  194 13:21:34   -41279.487384        0.036087
LBFGS:  195 13:21:34   -41279.487616        0.026634
LBFGS:  196 13:21:34   -41279.487834        0.032729
LBFGS:  197 13:21:34   -41279.488078        0.033896
LBFGS:  198 13:21:34   -41279.488345        0.033633
LBFGS:  199 13:21:34   -41279.488592        0.030819
LBFGS:  200 13:21:34   -41279.488799        0.025517
LBFGS:  201 13:21:34   -41279.488981        0.033052
LBFGS:  202 13:21:34   -41279.489154        0.026843
LBFGS:  203 13:21:35   -41279.489310        0.022689
LBFGS:  204 13:21:35   -41279.489443        0.019723
LBFGS:  205 13:21:35   -41279.489564        0.020140
LBFGS:  206 13:21:35   -41279.489687        0.019990
LBFGS:  207 13:21:35   -41279.489815        0.018297
LBFGS:  208 13:21:35   -41279.489931        0.022431
LBFGS:  209 13:21:35   -41279.490028        0.014758
LBFGS:  210 13:21:35   -41279.490109        0.014048
LBFGS:  211 13:21:35   -41279.490179        0.013090
LBFGS:  212 13:21:35   -41279.490244        0.012591
LBFGS:  213 13:21:35   -41279.490306        0.014597
LBFGS:  214 13:21:35   -41279.490368        0.017303
LBFGS:  215 13:21:35   -41279.490429        0.014336
LBFGS:  216 13:21:35   -41279.490488        0.017599
LBFGS:  217 13:21:35   -41279.490542        0.014042
LBFGS:  218 13:21:35   -41279.490588        0.012593
LBFGS:  219 13:21:35   -41279.490629        0.012194
LBFGS:  220 13:21:35   -41279.490665        0.013326
LBFGS:  221 13:21:35   -41279.490696        0.011884
LBFGS:  222 13:21:35   -41279.490723        0.011911
LBFGS:  223 13:21:35   -41279.490751        0.011839
LBFGS:  224 13:21:35   -41279.490782        0.011483
LBFGS:  225 13:21:35   -41279.490815        0.012845
LBFGS:  226 13:21:35   -41279.490849        0.011371
LBFGS:  227 13:21:35   -41279.490884        0.011438
LBFGS:  228 13:21:35   -41279.490921        0.013973
LBFGS:  229 13:21:35   -41279.490956        0.017709
LBFGS:  230 13:21:35   -41279.490986        0.011665
LBFGS:  231 13:21:36   -41279.491010        0.009092
       Step     Time          Energy          fmax
LBFGS:    0 13:21:36   -41279.095072        0.706180
LBFGS:    1 13:21:36   -41279.115300        0.548920
LBFGS:    2 13:21:36   -41279.124426        0.217236
LBFGS:    3 13:21:36   -41279.130788        0.231895
LBFGS:    4 13:21:36   -41279.138211        0.204656
LBFGS:    5 13:21:36   -41279.143377        0.160772
LBFGS:    6 13:21:36   -41279.147447        0.114181
LBFGS:    7 13:21:36   -41279.151063        0.159886
LBFGS:    8 13:21:36   -41279.155159        0.140370
LBFGS:    9 13:21:36   -41279.159399        0.150090
LBFGS:   10 13:21:36   -41279.163683        0.126750
LBFGS:   11 13:21:36   -41279.167874        0.181154
LBFGS:   12 13:21:36   -41279.171643        0.134118
LBFGS:   13 13:21:36   -41279.174834        0.113024
LBFGS:   14 13:21:36   -41279.177839        0.105887
LBFGS:   15 13:21:36   -41279.181076        0.143333
LBFGS:   16 13:21:36   -41279.184952        0.130859
LBFGS:   17 13:21:36   -41279.189151        0.132241
LBFGS:   18 13:21:36   -41279.193352        0.110290
LBFGS:   19 13:21:36   -41279.197395        0.138481
LBFGS:   20 13:21:36   -41279.200711        0.105637
LBFGS:   21 13:21:36   -41279.203537        0.265142
LBFGS:   22 13:21:36   -41279.207362        0.117358
LBFGS:   23 13:21:36   -41279.211753        0.119771
LBFGS:   24 13:21:36   -41279.214651        0.093052
LBFGS:   25 13:21:36   -41279.216837        0.087165
LBFGS:   26 13:21:36   -41279.219315        0.103282
LBFGS:   27 13:21:36   -41279.221468        0.097623
LBFGS:   28 13:21:37   -41279.223679        0.112308
LBFGS:   29 13:21:37   -41279.225972        0.117264
LBFGS:   30 13:21:37   -41279.228278        0.075699
LBFGS:   31 13:21:37   -41279.230245        0.086559
LBFGS:   32 13:21:37   -41279.231594        0.069749
LBFGS:   33 13:21:37   -41279.232734        0.049858
LBFGS:   34 13:21:37   -41279.233567        0.053825
LBFGS:   35 13:21:37   -41279.234252        0.051407
LBFGS:   36 13:21:37   -41279.234947        0.044344
LBFGS:   37 13:21:37   -41279.235707        0.053913
LBFGS:   38 13:21:37   -41279.236510        0.050976
LBFGS:   39 13:21:37   -41279.237289        0.055703
LBFGS:   40 13:21:37   -41279.237980        0.055619
LBFGS:   41 13:21:37   -41279.238564        0.050093
LBFGS:   42 13:21:37   -41279.239090        0.037036
LBFGS:   43 13:21:37   -41279.239639        0.056938
LBFGS:   44 13:21:37   -41279.240248        0.063157
LBFGS:   45 13:21:37   -41279.240911        0.045972
LBFGS:   46 13:21:37   -41279.241519        0.048980
LBFGS:   47 13:21:37   -41279.242063        0.042567
LBFGS:   48 13:21:37   -41279.242561        0.046435
LBFGS:   49 13:21:37   -41279.243138        0.046047
LBFGS:   50 13:21:37   -41279.243775        0.052567
LBFGS:   51 13:21:37   -41279.244586        0.053361
LBFGS:   52 13:21:37   -41279.245469        0.058750
LBFGS:   53 13:21:37   -41279.246369        0.074582
LBFGS:   54 13:21:37   -41279.247194        0.073586
LBFGS:   55 13:21:37   -41279.247909        0.053497
LBFGS:   56 13:21:37   -41279.248504        0.042887
LBFGS:   57 13:21:37   -41279.248973        0.034903
LBFGS:   58 13:21:38   -41279.249345        0.036192
LBFGS:   59 13:21:38   -41279.249685        0.031931
LBFGS:   60 13:21:38   -41279.250036        0.059713
LBFGS:   61 13:21:38   -41279.250405        0.048062
LBFGS:   62 13:21:38   -41279.250818        0.052150
LBFGS:   63 13:21:38   -41279.251278        0.037205
LBFGS:   64 13:21:38   -41279.251737        0.036811
LBFGS:   65 13:21:38   -41279.252133        0.038693
LBFGS:   66 13:21:38   -41279.252519        0.033003
LBFGS:   67 13:21:38   -41279.252967        0.038518
LBFGS:   68 13:21:38   -41279.253485        0.041697
LBFGS:   69 13:21:38   -41279.253973        0.032452
LBFGS:   70 13:21:38   -41279.254366        0.033878
LBFGS:   71 13:21:38   -41279.254735        0.036332
LBFGS:   72 13:21:38   -41279.255193        0.037548
LBFGS:   73 13:21:38   -41279.255763        0.049168
LBFGS:   74 13:21:38   -41279.256357        0.053542
LBFGS:   75 13:21:38   -41279.256906        0.047798
LBFGS:   76 13:21:38   -41279.257447        0.043252
LBFGS:   77 13:21:38   -41279.258020        0.038890
LBFGS:   78 13:21:38   -41279.258581        0.047843
LBFGS:   79 13:21:38   -41279.259061        0.038041
LBFGS:   80 13:21:38   -41279.259457        0.036335
LBFGS:   81 13:21:38   -41279.259832        0.032571
LBFGS:   82 13:21:38   -41279.260245        0.037992
LBFGS:   83 13:21:38   -41279.260673        0.046444
LBFGS:   84 13:21:38   -41279.261066        0.035507
LBFGS:   85 13:21:38   -41279.261400        0.033678
LBFGS:   86 13:21:38   -41279.261715        0.030664
LBFGS:   87 13:21:38   -41279.262070        0.040052
LBFGS:   88 13:21:39   -41279.262506        0.049756
LBFGS:   89 13:21:39   -41279.262999        0.043384
LBFGS:   90 13:21:39   -41279.263495        0.040633
LBFGS:   91 13:21:39   -41279.263955        0.034725
LBFGS:   92 13:21:39   -41279.264392        0.038736
LBFGS:   93 13:21:39   -41279.264848        0.032157
LBFGS:   94 13:21:39   -41279.265346        0.032236
LBFGS:   95 13:21:39   -41279.265869        0.041322
LBFGS:   96 13:21:39   -41279.266418        0.055503
LBFGS:   97 13:21:39   -41279.267025        0.062424
LBFGS:   98 13:21:39   -41279.267749        0.051503
LBFGS:   99 13:21:39   -41279.268647        0.052423
LBFGS:  100 13:21:39   -41279.269828        0.055838
LBFGS:  101 13:21:39   -41279.270996        0.054129
LBFGS:  102 13:21:39   -41279.271933        0.056799
LBFGS:  103 13:21:39   -41279.272761        0.051600
LBFGS:  104 13:21:39   -41279.273545        0.054304
LBFGS:  105 13:21:39   -41279.274329        0.073436
LBFGS:  106 13:21:39   -41279.275151        0.057923
LBFGS:  107 13:21:39   -41279.275937        0.075825
LBFGS:  108 13:21:39   -41279.276686        0.054071
LBFGS:  109 13:21:39   -41279.277351        0.052967
LBFGS:  110 13:21:39   -41279.277981        0.062683
LBFGS:  111 13:21:39   -41279.278596        0.085033
LBFGS:  112 13:21:39   -41279.279271        0.055051
LBFGS:  113 13:21:39   -41279.280117        0.060015
LBFGS:  114 13:21:39   -41279.280847        0.057414
LBFGS:  115 13:21:39   -41279.281789        0.070363
LBFGS:  116 13:21:39   -41279.282785        0.055400
LBFGS:  117 13:21:39   -41279.284061        0.068989
LBFGS:  118 13:21:40   -41279.285554        0.084399
LBFGS:  119 13:21:40   -41279.287190        0.102323
LBFGS:  120 13:21:40   -41279.289192        0.094973
LBFGS:  121 13:21:40   -41279.291102        0.096753
LBFGS:  122 13:21:40   -41279.292830        0.096733
LBFGS:  123 13:21:40   -41279.294670        0.096564
LBFGS:  124 13:21:40   -41279.296725        0.100473
LBFGS:  125 13:21:40   -41279.298029        0.112375
LBFGS:  126 13:21:40   -41279.299081        0.068733
LBFGS:  127 13:21:40   -41279.300112        0.063849
LBFGS:  128 13:21:40   -41279.301315        0.083199
LBFGS:  129 13:21:40   -41279.302397        0.088936
LBFGS:  130 13:21:40   -41279.303535        0.092348
LBFGS:  131 13:21:40   -41279.304710        0.067990
LBFGS:  132 13:21:40   -41279.305727        0.076369
LBFGS:  133 13:21:40   -41279.306639        0.074952
LBFGS:  134 13:21:40   -41279.307482        0.057754
LBFGS:  135 13:21:40   -41279.308396        0.099105
LBFGS:  136 13:21:40   -41279.309730        0.063923
LBFGS:  137 13:21:40   -41279.311915        0.093526
LBFGS:  138 13:21:40   -41279.313816        0.176422
LBFGS:  139 13:21:40   -41279.316528        0.096896
LBFGS:  140 13:21:40   -41279.319599        0.153233
LBFGS:  141 13:21:40   -41279.323315        0.124362
LBFGS:  142 13:21:40   -41279.325427        0.402390
LBFGS:  143 13:21:40   -41279.330013        0.261471
LBFGS:  144 13:21:40   -41279.334563        0.300835
LBFGS:  145 13:21:40   -41279.340303        0.302282
LBFGS:  146 13:21:40   -41279.345478        0.203980
LBFGS:  147 13:21:40   -41279.349597        0.557758
LBFGS:  148 13:21:41   -41279.357913        0.345322
LBFGS:  149 13:21:41   -41279.368205        0.376288
LBFGS:  150 13:21:41   -41279.376225        0.336568
LBFGS:  151 13:21:41   -41279.387139        0.544921
LBFGS:  152 13:21:41   -41279.386215        0.841318
LBFGS:  153 13:21:41   -41279.405277        0.380071
LBFGS:  154 13:21:41   -41279.418683        0.594917
LBFGS:  155 13:21:41   -41279.434408        0.670872
LBFGS:  156 13:21:41   -41279.454094        0.906935
LBFGS:  157 13:21:41   -41279.465980        0.394963
LBFGS:  158 13:21:41   -41279.484432        0.716616
LBFGS:  159 13:21:41   -41279.499899        0.676285
LBFGS:  160 13:21:41   -41279.522322        0.507068
LBFGS:  161 13:21:41   -41279.549257        0.742601
LBFGS:  162 13:21:41   -41279.572005        0.878782
LBFGS:  163 13:21:41   -41279.565534        1.586635
LBFGS:  164 13:21:41   -41279.611387        0.525917
LBFGS:  165 13:21:41   -41279.626462        0.442844
LBFGS:  166 13:21:41   -41279.666098        0.566792
LBFGS:  167 13:21:41   -41279.694626        1.225480
LBFGS:  168 13:21:41   -41279.732107        0.495985
LBFGS:  169 13:21:41   -41279.770934        0.413231
LBFGS:  170 13:21:41   -41279.811944        0.454316
LBFGS:  171 13:21:41   -41279.832214        0.634490
LBFGS:  172 13:21:41   -41279.858087        0.319448
LBFGS:  173 13:21:41   -41279.895830        0.266740
LBFGS:  174 13:21:41   -41279.912003        0.197768
LBFGS:  175 13:21:41   -41279.926921        0.200884
LBFGS:  176 13:21:41   -41279.941926        0.228088
LBFGS:  177 13:21:41   -41279.955956        0.229256
LBFGS:  178 13:21:42   -41279.970906        0.198726
LBFGS:  179 13:21:42   -41279.985409        0.183330
LBFGS:  180 13:21:42   -41279.995478        0.163631
LBFGS:  181 13:21:42   -41280.002423        0.141466
LBFGS:  182 13:21:42   -41280.007476        0.122669
LBFGS:  183 13:21:42   -41280.012314        0.124203
LBFGS:  184 13:21:42   -41280.016252        0.128983
LBFGS:  185 13:21:42   -41280.019290        0.105637
LBFGS:  186 13:21:42   -41280.021480        0.086979
LBFGS:  187 13:21:42   -41280.023199        0.075966
LBFGS:  188 13:21:42   -41280.024867        0.085933
LBFGS:  189 13:21:42   -41280.026613        0.103456
LBFGS:  190 13:21:42   -41280.028341        0.094075
LBFGS:  191 13:21:42   -41280.029983        0.065068
LBFGS:  192 13:21:42   -41280.031680        0.090867
LBFGS:  193 13:21:42   -41280.033638        0.103423
LBFGS:  194 13:21:42   -41280.035941        0.105537
LBFGS:  195 13:21:42   -41280.038360        0.085979
LBFGS:  196 13:21:42   -41280.040465        0.088214
LBFGS:  197 13:21:42   -41280.042077        0.062468
LBFGS:  198 13:21:42   -41280.043324        0.061097
LBFGS:  199 13:21:42   -41280.044485        0.064215
LBFGS:  200 13:21:42   -41280.045715        0.052261
LBFGS:  201 13:21:42   -41280.047088        0.066988
LBFGS:  202 13:21:42   -41280.048614        0.075847
LBFGS:  203 13:21:42   -41280.050225        0.067487
LBFGS:  204 13:21:42   -41280.051707        0.062290
LBFGS:  205 13:21:42   -41280.052939        0.064904
LBFGS:  206 13:21:42   -41280.053986        0.056066
LBFGS:  207 13:21:42   -41280.054929        0.060016
LBFGS:  208 13:21:43   -41280.055808        0.045730
LBFGS:  209 13:21:43   -41280.056710        0.057221
LBFGS:  210 13:21:43   -41280.057696        0.058089
LBFGS:  211 13:21:43   -41280.058699        0.060744
LBFGS:  212 13:21:43   -41280.059595        0.046014
LBFGS:  213 13:21:43   -41280.060386        0.050362
LBFGS:  214 13:21:43   -41280.061226        0.051833
LBFGS:  215 13:21:43   -41280.062191        0.068171
LBFGS:  216 13:21:43   -41280.063115        0.068872
LBFGS:  217 13:21:43   -41280.063826        0.064091
LBFGS:  218 13:21:43   -41280.064433        0.067590
LBFGS:  219 13:21:43   -41280.065024        0.043442
LBFGS:  220 13:21:43   -41280.065608        0.038191
LBFGS:  221 13:21:43   -41280.066102        0.030864
LBFGS:  222 13:21:43   -41280.066543        0.033163
LBFGS:  223 13:21:43   -41280.066966        0.034357
LBFGS:  224 13:21:43   -41280.067455        0.039594
LBFGS:  225 13:21:43   -41280.068020        0.045012
LBFGS:  226 13:21:43   -41280.068654        0.039672
LBFGS:  227 13:21:43   -41280.069339        0.057154
LBFGS:  228 13:21:43   -41280.070075        0.055692
LBFGS:  229 13:21:43   -41280.070968        0.069262
LBFGS:  230 13:21:43   -41280.072029        0.068467
LBFGS:  231 13:21:43   -41280.073254        0.065165
LBFGS:  232 13:21:43   -41280.074579        0.085763
LBFGS:  233 13:21:43   -41280.075891        0.088523
LBFGS:  234 13:21:43   -41280.077215        0.102615
LBFGS:  235 13:21:43   -41280.078643        0.091399
LBFGS:  236 13:21:43   -41280.080323        0.078514
LBFGS:  237 13:21:43   -41280.082426        0.083444
LBFGS:  238 13:21:44   -41280.084059        0.117621
LBFGS:  239 13:21:44   -41280.085838        0.078532
LBFGS:  240 13:21:44   -41280.087454        0.064889
LBFGS:  241 13:21:44   -41280.089109        0.097756
LBFGS:  242 13:21:44   -41280.090903        0.085062
LBFGS:  243 13:21:44   -41280.093108        0.090583
LBFGS:  244 13:21:44   -41280.095554        0.080674
LBFGS:  245 13:21:44   -41280.098207        0.089276
LBFGS:  246 13:21:44   -41280.100932        0.116443
LBFGS:  247 13:21:44   -41280.104539        0.128822
LBFGS:  248 13:21:44   -41280.109458        0.136423
LBFGS:  249 13:21:44   -41280.115090        0.104323
LBFGS:  250 13:21:44   -41280.119820        0.123546
LBFGS:  251 13:21:44   -41280.125016        0.142617
LBFGS:  252 13:21:44   -41280.130020        0.170028
LBFGS:  253 13:21:44   -41280.134085        0.153398
LBFGS:  254 13:21:44   -41280.137315        0.101137
LBFGS:  255 13:21:44   -41280.141017        0.112099
LBFGS:  256 13:21:44   -41280.145472        0.137744
LBFGS:  257 13:21:44   -41280.148981        0.178229
LBFGS:  258 13:21:44   -41280.153181        0.111217
LBFGS:  259 13:21:44   -41280.158433        0.107670
LBFGS:  260 13:21:44   -41280.162944        0.168585
LBFGS:  261 13:21:44   -41280.169546        0.175979
LBFGS:  262 13:21:44   -41280.174837        0.156270
LBFGS:  263 13:21:44   -41280.180846        0.126482
LBFGS:  264 13:21:44   -41280.184351        0.121573
LBFGS:  265 13:21:44   -41280.187332        0.116127
LBFGS:  266 13:21:44   -41280.189977        0.108306
LBFGS:  267 13:21:45   -41280.192910        0.096953
LBFGS:  268 13:21:45   -41280.195856        0.121447
LBFGS:  269 13:21:45   -41280.198291        0.105975
LBFGS:  270 13:21:45   -41280.200571        0.090899
LBFGS:  271 13:21:45   -41280.202482        0.080047
LBFGS:  272 13:21:45   -41280.204011        0.069779
LBFGS:  273 13:21:45   -41280.205488        0.069329
LBFGS:  274 13:21:45   -41280.207461        0.079765
LBFGS:  275 13:21:45   -41280.209673        0.106125
LBFGS:  276 13:21:45   -41280.211797        0.097725
LBFGS:  277 13:21:45   -41280.213550        0.078616
LBFGS:  278 13:21:45   -41280.215047        0.081896
LBFGS:  279 13:21:45   -41280.216399        0.081544
LBFGS:  280 13:21:45   -41280.217884        0.084436
LBFGS:  281 13:21:45   -41280.219946        0.086860
LBFGS:  282 13:21:45   -41280.223163        0.092423
LBFGS:  283 13:21:45   -41280.227043        0.100361
LBFGS:  284 13:21:45   -41280.230631        0.097567
LBFGS:  285 13:21:45   -41280.233122        0.094538
LBFGS:  286 13:21:45   -41280.234846        0.079730
LBFGS:  287 13:21:45   -41280.236467        0.068230
LBFGS:  288 13:21:45   -41280.238279        0.059608
LBFGS:  289 13:21:45   -41280.239864        0.065637
LBFGS:  290 13:21:45   -41280.241158        0.061300
LBFGS:  291 13:21:45   -41280.242324        0.058256
LBFGS:  292 13:21:45   -41280.243424        0.055166
LBFGS:  293 13:21:45   -41280.244368        0.056944
LBFGS:  294 13:21:45   -41280.245161        0.054070
LBFGS:  295 13:21:45   -41280.245931        0.052377
LBFGS:  296 13:21:46   -41280.246771        0.044851
LBFGS:  297 13:21:46   -41280.247626        0.047444
LBFGS:  298 13:21:46   -41280.248392        0.043295
LBFGS:  299 13:21:46   -41280.249181        0.044527
LBFGS:  300 13:21:46   -41280.250102        0.048580
LBFGS:  301 13:21:46   -41280.251157        0.054527
LBFGS:  302 13:21:46   -41280.252226        0.059989
LBFGS:  303 13:21:46   -41280.253214        0.056364
LBFGS:  304 13:21:46   -41280.254151        0.054377
LBFGS:  305 13:21:46   -41280.255136        0.059069
LBFGS:  306 13:21:46   -41280.256233        0.062734
LBFGS:  307 13:21:46   -41280.257389        0.063120
LBFGS:  308 13:21:46   -41280.258466        0.060861
LBFGS:  309 13:21:46   -41280.259384        0.054755
LBFGS:  310 13:21:46   -41280.260225        0.061633
LBFGS:  311 13:21:46   -41280.261186        0.051904
LBFGS:  312 13:21:46   -41280.262383        0.077060
LBFGS:  313 13:21:46   -41280.263686        0.075588
LBFGS:  314 13:21:46   -41280.264779        0.060512
LBFGS:  315 13:21:46   -41280.265599        0.059258
LBFGS:  316 13:21:46   -41280.266309        0.042514
LBFGS:  317 13:21:46   -41280.267068        0.056875
LBFGS:  318 13:21:46   -41280.267905        0.063988
LBFGS:  319 13:21:46   -41280.268781        0.060441
LBFGS:  320 13:21:46   -41280.269638        0.062564
LBFGS:  321 13:21:46   -41280.270398        0.068712
LBFGS:  322 13:21:46   -41280.271053        0.056071
LBFGS:  323 13:21:46   -41280.271632        0.047560
LBFGS:  324 13:21:47   -41280.272218        0.046413
LBFGS:  325 13:21:47   -41280.272879        0.055231
LBFGS:  326 13:21:47   -41280.273710        0.051252
LBFGS:  327 13:21:47   -41280.274563        0.055676
LBFGS:  328 13:21:47   -41280.275354        0.056840
LBFGS:  329 13:21:47   -41280.276046        0.048280
LBFGS:  330 13:21:47   -41280.276744        0.045231
LBFGS:  331 13:21:47   -41280.277487        0.047031
LBFGS:  332 13:21:47   -41280.278321        0.051307
LBFGS:  333 13:21:47   -41280.279191        0.056500
LBFGS:  334 13:21:47   -41280.280137        0.059944
LBFGS:  335 13:21:47   -41280.281104        0.058021
LBFGS:  336 13:21:47   -41280.282139        0.057216
LBFGS:  337 13:21:47   -41280.283215        0.060901
LBFGS:  338 13:21:47   -41280.284402        0.074492
LBFGS:  339 13:21:47   -41280.285708        0.090267
LBFGS:  340 13:21:47   -41280.287266        0.096212
LBFGS:  341 13:21:47   -41280.288939        0.079322
LBFGS:  342 13:21:47   -41280.290653        0.104100
LBFGS:  343 13:21:47   -41280.292150        0.149118
LBFGS:  344 13:21:47   -41280.293878        0.081150
LBFGS:  345 13:21:47   -41280.295775        0.074511
LBFGS:  346 13:21:47   -41280.297509        0.077268
LBFGS:  347 13:21:47   -41280.299307        0.070884
LBFGS:  348 13:21:47   -41280.300818        0.069910
LBFGS:  349 13:21:47   -41280.302625        0.072453
LBFGS:  350 13:21:47   -41280.304399        0.107962
LBFGS:  351 13:21:47   -41280.306164        0.110778
LBFGS:  352 13:21:47   -41280.308468        0.091457
LBFGS:  353 13:21:48   -41280.311172        0.097118
LBFGS:  354 13:21:48   -41280.313312        0.124800
LBFGS:  355 13:21:48   -41280.316247        0.102900
LBFGS:  356 13:21:48   -41280.318221        0.109922
LBFGS:  357 13:21:48   -41280.319877        0.072933
LBFGS:  358 13:21:48   -41280.321472        0.075278
LBFGS:  359 13:21:48   -41280.322797        0.114805
LBFGS:  360 13:21:48   -41280.324141        0.084212
LBFGS:  361 13:21:48   -41280.325365        0.062951
LBFGS:  362 13:21:48   -41280.326921        0.052096
LBFGS:  363 13:21:48   -41280.328140        0.051115
LBFGS:  364 13:21:48   -41280.329389        0.055695
LBFGS:  365 13:21:48   -41280.330380        0.065422
LBFGS:  366 13:21:48   -41280.331325        0.051270
LBFGS:  367 13:21:48   -41280.332088        0.058553
LBFGS:  368 13:21:48   -41280.332644        0.052308
LBFGS:  369 13:21:48   -41280.333108        0.042822
LBFGS:  370 13:21:48   -41280.333688        0.035624
LBFGS:  371 13:21:48   -41280.334150        0.039177
LBFGS:  372 13:21:48   -41280.334668        0.041411
LBFGS:  373 13:21:48   -41280.335071        0.045986
LBFGS:  374 13:21:48   -41280.335425        0.033559
LBFGS:  375 13:21:48   -41280.335782        0.030754
LBFGS:  376 13:21:48   -41280.336202        0.031114
LBFGS:  377 13:21:48   -41280.336595        0.034311
LBFGS:  378 13:21:48   -41280.336961        0.040427
LBFGS:  379 13:21:48   -41280.337295        0.030294
LBFGS:  380 13:21:48   -41280.337582        0.028292
LBFGS:  381 13:21:49   -41280.337813        0.025015
LBFGS:  382 13:21:49   -41280.338020        0.023057
LBFGS:  383 13:21:49   -41280.338218        0.029504
LBFGS:  384 13:21:49   -41280.338418        0.034324
LBFGS:  385 13:21:49   -41280.338636        0.025402
LBFGS:  386 13:21:49   -41280.338855        0.018539
LBFGS:  387 13:21:49   -41280.339058        0.022081
LBFGS:  388 13:21:49   -41280.339258        0.033420
LBFGS:  389 13:21:49   -41280.339479        0.035000
LBFGS:  390 13:21:49   -41280.339716        0.028198
LBFGS:  391 13:21:49   -41280.339960        0.025114
LBFGS:  392 13:21:49   -41280.340203        0.030016
LBFGS:  393 13:21:49   -41280.340464        0.030337
LBFGS:  394 13:21:49   -41280.340759        0.032580
LBFGS:  395 13:21:49   -41280.341075        0.041588
LBFGS:  396 13:21:49   -41280.341396        0.031295
LBFGS:  397 13:21:49   -41280.341730        0.036510
LBFGS:  398 13:21:49   -41280.342105        0.040748
LBFGS:  399 13:21:49   -41280.342549        0.037976
LBFGS:  400 13:21:49   -41280.343016        0.045476
LBFGS:  401 13:21:49   -41280.343452        0.041824
LBFGS:  402 13:21:49   -41280.343836        0.036762
LBFGS:  403 13:21:49   -41280.344183        0.033912
LBFGS:  404 13:21:49   -41280.344507        0.028508
LBFGS:  405 13:21:49   -41280.344810        0.028111
LBFGS:  406 13:21:49   -41280.345087        0.027997
LBFGS:  407 13:21:49   -41280.345343        0.028341
LBFGS:  408 13:21:49   -41280.345594        0.027828
LBFGS:  409 13:21:50   -41280.345864        0.024188
LBFGS:  410 13:21:50   -41280.346123        0.022589
LBFGS:  411 13:21:50   -41280.346356        0.025280
LBFGS:  412 13:21:50   -41280.346564        0.026051
LBFGS:  413 13:21:50   -41280.346747        0.027459
LBFGS:  414 13:21:50   -41280.346920        0.024237
LBFGS:  415 13:21:50   -41280.347087        0.023337
LBFGS:  416 13:21:50   -41280.347257        0.028404
LBFGS:  417 13:21:50   -41280.347442        0.026392
LBFGS:  418 13:21:50   -41280.347639        0.028146
LBFGS:  419 13:21:50   -41280.347828        0.024388
LBFGS:  420 13:21:50   -41280.347990        0.025351
LBFGS:  421 13:21:50   -41280.348138        0.020724
LBFGS:  422 13:21:50   -41280.348290        0.019722
LBFGS:  423 13:21:50   -41280.348453        0.019873
LBFGS:  424 13:21:50   -41280.348621        0.021196
LBFGS:  425 13:21:50   -41280.348788        0.030016
LBFGS:  426 13:21:50   -41280.348950        0.051981
LBFGS:  427 13:21:50   -41280.349110        0.026623
LBFGS:  428 13:21:50   -41280.349257        0.019251
LBFGS:  429 13:21:50   -41280.349373        0.018275
LBFGS:  430 13:21:50   -41280.349461        0.016386
LBFGS:  431 13:21:50   -41280.349571        0.020117
LBFGS:  432 13:21:50   -41280.349669        0.018477
LBFGS:  433 13:21:50   -41280.349768        0.016776
LBFGS:  434 13:21:50   -41280.349872        0.015934
LBFGS:  435 13:21:50   -41280.349989        0.021493
LBFGS:  436 13:21:50   -41280.350107        0.017647
LBFGS:  437 13:21:51   -41280.350206        0.018199
LBFGS:  438 13:21:51   -41280.350285        0.017251
LBFGS:  439 13:21:51   -41280.350362        0.018705
LBFGS:  440 13:21:51   -41280.350434        0.012902
LBFGS:  441 13:21:51   -41280.350491        0.013263
LBFGS:  442 13:21:51   -41280.350539        0.012692
LBFGS:  443 13:21:51   -41280.350588        0.012448
LBFGS:  444 13:21:51   -41280.350637        0.011633
LBFGS:  445 13:21:51   -41280.350681        0.012314
LBFGS:  446 13:21:51   -41280.350718        0.011953
LBFGS:  447 13:21:51   -41280.350755        0.010997
LBFGS:  448 13:21:51   -41280.350794        0.026384
LBFGS:  449 13:21:51   -41280.350837        0.017235
LBFGS:  450 13:21:51   -41280.350888        0.013799
LBFGS:  451 13:21:51   -41280.350957        0.014670
LBFGS:  452 13:21:51   -41280.351011        0.019168
LBFGS:  453 13:21:51   -41280.351079        0.014814
LBFGS:  454 13:21:51   -41280.351145        0.013239
LBFGS:  455 13:21:51   -41280.351201        0.013228
LBFGS:  456 13:21:51   -41280.351244        0.012457
LBFGS:  457 13:21:51   -41280.351290        0.013159
LBFGS:  458 13:21:51   -41280.351335        0.011911
LBFGS:  459 13:21:51   -41280.351384        0.012735
LBFGS:  460 13:21:51   -41280.351435        0.012694
LBFGS:  461 13:21:51   -41280.351485        0.013357
LBFGS:  462 13:21:51   -41280.351530        0.010070
LBFGS:  463 13:21:51   -41280.351571        0.011178
LBFGS:  464 13:21:51   -41280.351611        0.010231
LBFGS:  465 13:21:52   -41280.351652        0.010467
LBFGS:  466 13:21:52   -41280.351687        0.010361
LBFGS:  467 13:21:52   -41280.351715        0.009266
Saved optimized energies: TABQ-THA/4_TABQ-THA_optimization/TABQ-THA_opt_energies_per_layer.csv
Serrated:
 ILD (Å)  ILS (Å)  Erel (eV)
    3.3      7.4        0.9
    3.3      1.5        0.0
Inclined:
 ILD (Å)  ILS (Å)  Erel (eV)
    3.3      7.4        0.9
    3.3      1.5        0.0
