structure,stacking_mode,energy_eV_per_layer,energy_rel_eV_per_layer
cof-1_z30_L087_incl,incl,-35223.1006356674,0.270003191086289
cof-1_z33_L020_incl,incl,-35223.36554713141,0.005091727070976049
cof-1_z36_L000_incl,incl,-35223.19203247458,0.17860638390266104
cof-1_z30_L087_serr,serr,-35223.06993348625,0.3007053722321871
cof-1_z33_L020_serr,serr,-35223.37063885848,0.0
cof-1_z36_L000_serr,serr,-35223.19203212112,0.17860673736140598
