Stacking,filename,ILD,ILS,energy_eV_per_layer,energy_rel_eV_per_layer
incl,cof-1_z33_L030_incl.cif,3.211663309032959,3.014648785076313,-31217.20187693651,0.00040132170033757575
serr,cof-1_z33_L030_serr.cif,3.3000797962867447,3.0038496398043915,-31217.20227825821,0.0
