Stacking,filename,ILD,ILS,energy_eV_per_layer,energy_rel_eV_per_layer
incl,cof-1_z33_L020_incl.cif,3.310625122801447,1.9984556332392485,-35223.38874674231,0.0
serr,cof-1_z33_L020_serr.cif,3.3511320392481467,2.1179926125447763,-35223.38256673965,0.006180002659675665
