structure,rank,two_theta_deg,relative_intensity
cof-1_z33_L020_incl,1,7.09213,100.0
cof-1_z33_L020_incl,2,7.09178,99.999
cof-1_z33_L020_incl,3,7.9306,78.544
cof-1_z33_L020_incl,4,26.9313,30.434
cof-1_z33_L020_incl,5,14.2109,6.676
cof-1_z33_L020_incl,6,14.21161,6.675000000000001
cof-1_z33_L020_incl,7,23.75538,5.532
cof-1_z33_L020_incl,8,11.77368,4.778
cof-1_z33_L020_incl,9,25.77061,4.722
cof-1_z33_L020_incl,10,25.77025,4.722
