structure,rank,two_theta_deg,relative_intensity
cof-1_z33_L030_serr,1,6.78538,100.0
cof-1_z33_L030_serr,2,6.78573,99.996
cof-1_z33_L030_serr,3,6.786,63.902
cof-1_z33_L030_serr,4,27.01899,31.391
cof-1_z33_L030_serr,5,15.04804,8.382
cof-1_z33_L030_serr,6,15.04807,8.347
cof-1_z33_L030_serr,7,27.88945,6.013
cof-1_z33_L030_serr,8,11.76648,4.969
cof-1_z33_L030_serr,9,15.04777,4.801
cof-1_z33_L030_serr,10,13.59471,4.518
