Stacking,filename,ILD,ILS,energy_eV_per_layer,energy_rel_eV_per_layer
serr,cof-1_z30_L087_serr.cif,3.0000331654648607,8.684292564381046,-35223.06993348625,0.3007053722321871
serr,cof-1_z33_L020_serr.cif,3.300026213597875,2.0005117578714886,-35223.37063885848,0.0
serr,cof-1_z36_L000_serr.cif,3.5999964762035774,6.263346530060426e-11,-35223.19203212112,0.17860673736140598
incl,cof-1_z30_L087_incl.cif,3.0001264803782233,8.684759539885844,-35223.1006356674,0.270003191086289
incl,cof-1_z33_L020_incl.cif,3.300145377892608,2.0000087726000233,-35223.36554713141,0.005091727070976049
incl,cof-1_z36_L000_incl.cif,3.599992952460014,2.0184668061634243e-05,-35223.19203247458,0.17860638390266104
