Stacking,filename,ILD,ILS
incl,cof-1_z30_L087_incl.cif,2.986726512606114,8.703305594596833
incl,cof-1_z34_L020_incl.cif,3.4727528093307947,2.030235654176401
