/home/lauter/venvs/cof-landscaper/lib/python3.12/site-packages/e3nn/o3/_wigner.py:10: UserWarning: Environment variable TORCH_FORCE_NO_WEIGHTS_ONLY_LOAD detected, since the`weights_only` argument was not explicitly passed to `torch.load`, forcing weights_only=False.
  _Jd, _W3j_flat, _W3j_indices = torch.load(os.path.join(os.path.dirname(__file__), 'constants.pt'))
/home/lauter/venvs/cof-landscaper/lib/python3.12/site-packages/scipy/_lib/_util.py:1181: RuntimeWarning: logm result may be inaccurate, approximate err = 7.554023571111799e-13
  return f(*arrays, *other_args, **kwargs)
/home/lauter/venvs/cof-landscaper/lib/python3.12/site-packages/scipy/_lib/_util.py:1181: RuntimeWarning: logm result may be inaccurate, approximate err = 7.595955153580283e-13
  return f(*arrays, *other_args, **kwargs)
/home/lauter/venvs/cof-landscaper/lib/python3.12/site-packages/scipy/_lib/_util.py:1181: RuntimeWarning: logm result may be inaccurate, approximate err = 7.591398207058793e-13
  return f(*arrays, *other_args, **kwargs)
/home/lauter/venvs/cof-landscaper/lib/python3.12/site-packages/scipy/_lib/_util.py:1181: RuntimeWarning: logm result may be inaccurate, approximate err = 7.621885665884099e-13
  return f(*arrays, *other_args, **kwargs)
/home/lauter/venvs/cof-landscaper/lib/python3.12/site-packages/scipy/_lib/_util.py:1181: RuntimeWarning: logm result may be inaccurate, approximate err = 7.713505781129951e-13
  return f(*arrays, *other_args, **kwargs)
/home/lauter/venvs/cof-landscaper/lib/python3.12/site-packages/scipy/_lib/_util.py:1181: RuntimeWarning: logm result may be inaccurate, approximate err = 7.689220529500523e-13
  return f(*arrays, *other_args, **kwargs)
/home/lauter/venvs/cof-landscaper/lib/python3.12/site-packages/scipy/_lib/_util.py:1181: RuntimeWarning: logm result may be inaccurate, approximate err = 7.82875095450353e-13
  return f(*arrays, *other_args, **kwargs)
/home/lauter/venvs/cof-landscaper/lib/python3.12/site-packages/scipy/_lib/_util.py:1181: RuntimeWarning: logm result may be inaccurate, approximate err = 7.774395054087344e-13
  return f(*arrays, *other_args, **kwargs)
/home/lauter/venvs/cof-landscaper/lib/python3.12/site-packages/scipy/_lib/_util.py:1181: RuntimeWarning: logm result may be inaccurate, approximate err = 7.788877035079969e-13
  return f(*arrays, *other_args, **kwargs)
/home/lauter/venvs/cof-landscaper/lib/python3.12/site-packages/scipy/_lib/_util.py:1181: RuntimeWarning: logm result may be inaccurate, approximate err = 7.897775830736839e-13
  return f(*arrays, *other_args, **kwargs)
/home/lauter/venvs/cof-landscaper/lib/python3.12/site-packages/scipy/_lib/_util.py:1181: RuntimeWarning: logm result may be inaccurate, approximate err = 7.972603198608434e-13
  return f(*arrays, *other_args, **kwargs)
/home/lauter/venvs/cof-landscaper/lib/python3.12/site-packages/scipy/_lib/_util.py:1181: RuntimeWarning: logm result may be inaccurate, approximate err = 8.114651761831366e-13
  return f(*arrays, *other_args, **kwargs)
/home/lauter/venvs/cof-landscaper/lib/python3.12/site-packages/scipy/_lib/_util.py:1181: RuntimeWarning: logm result may be inaccurate, approximate err = 8.078181570252953e-13
  return f(*arrays, *other_args, **kwargs)
/home/lauter/venvs/cof-landscaper/lib/python3.12/site-packages/scipy/_lib/_util.py:1181: RuntimeWarning: logm result may be inaccurate, approximate err = 8.051653313587577e-13
  return f(*arrays, *other_args, **kwargs)
/home/lauter/venvs/cof-landscaper/lib/python3.12/site-packages/scipy/_lib/_util.py:1181: RuntimeWarning: logm result may be inaccurate, approximate err = 8.143707543423098e-13
  return f(*arrays, *other_args, **kwargs)
/home/lauter/venvs/cof-landscaper/lib/python3.12/site-packages/scipy/_lib/_util.py:1181: RuntimeWarning: logm result may be inaccurate, approximate err = 8.135254855207878e-13
  return f(*arrays, *other_args, **kwargs)
/home/lauter/venvs/cof-landscaper/lib/python3.12/site-packages/scipy/_lib/_util.py:1181: RuntimeWarning: logm result may be inaccurate, approximate err = 8.174699873319601e-13
  return f(*arrays, *other_args, **kwargs)
/home/lauter/venvs/cof-landscaper/lib/python3.12/site-packages/scipy/_lib/_util.py:1181: RuntimeWarning: logm result may be inaccurate, approximate err = 8.116314438173327e-13
  return f(*arrays, *other_args, **kwargs)
/home/lauter/venvs/cof-landscaper/lib/python3.12/site-packages/scipy/_lib/_util.py:1181: RuntimeWarning: logm result may be inaccurate, approximate err = 8.170731167999619e-13
  return f(*arrays, *other_args, **kwargs)
/home/lauter/venvs/cof-landscaper/lib/python3.12/site-packages/scipy/_lib/_util.py:1181: RuntimeWarning: logm result may be inaccurate, approximate err = 8.196389595042633e-13
  return f(*arrays, *other_args, **kwargs)
/home/lauter/venvs/cof-landscaper/lib/python3.12/site-packages/scipy/_lib/_util.py:1181: RuntimeWarning: logm result may be inaccurate, approximate err = 8.078159138099115e-13
  return f(*arrays, *other_args, **kwargs)
/home/lauter/venvs/cof-landscaper/lib/python3.12/site-packages/scipy/_lib/_util.py:1181: RuntimeWarning: logm result may be inaccurate, approximate err = 8.08772698528414e-13
  return f(*arrays, *other_args, **kwargs)
/home/lauter/venvs/cof-landscaper/lib/python3.12/site-packages/scipy/_lib/_util.py:1181: RuntimeWarning: logm result may be inaccurate, approximate err = 8.191624001376416e-13
  return f(*arrays, *other_args, **kwargs)
/home/lauter/venvs/cof-landscaper/lib/python3.12/site-packages/scipy/_lib/_util.py:1181: RuntimeWarning: logm result may be inaccurate, approximate err = 8.116915813865061e-13
  return f(*arrays, *other_args, **kwargs)
/home/lauter/venvs/cof-landscaper/lib/python3.12/site-packages/scipy/_lib/_util.py:1181: RuntimeWarning: logm result may be inaccurate, approximate err = 8.081519974816238e-13
  return f(*arrays, *other_args, **kwargs)
/home/lauter/venvs/cof-landscaper/lib/python3.12/site-packages/scipy/_lib/_util.py:1181: RuntimeWarning: logm result may be inaccurate, approximate err = 8.275575545432175e-13
  return f(*arrays, *other_args, **kwargs)
/home/lauter/venvs/cof-landscaper/lib/python3.12/site-packages/scipy/_lib/_util.py:1181: RuntimeWarning: logm result may be inaccurate, approximate err = 8.185629742472887e-13
  return f(*arrays, *other_args, **kwargs)
/home/lauter/venvs/cof-landscaper/lib/python3.12/site-packages/scipy/_lib/_util.py:1181: RuntimeWarning: logm result may be inaccurate, approximate err = 8.128486430864676e-13
  return f(*arrays, *other_args, **kwargs)
/home/lauter/venvs/cof-landscaper/lib/python3.12/site-packages/scipy/_lib/_util.py:1181: RuntimeWarning: logm result may be inaccurate, approximate err = 8.213814558425586e-13
  return f(*arrays, *other_args, **kwargs)
/home/lauter/venvs/cof-landscaper/lib/python3.12/site-packages/scipy/_lib/_util.py:1181: RuntimeWarning: logm result may be inaccurate, approximate err = 8.116652221626049e-13
  return f(*arrays, *other_args, **kwargs)
/home/lauter/venvs/cof-landscaper/lib/python3.12/site-packages/scipy/_lib/_util.py:1181: RuntimeWarning: logm result may be inaccurate, approximate err = 8.181186428624568e-13
  return f(*arrays, *other_args, **kwargs)
/home/lauter/venvs/cof-landscaper/lib/python3.12/site-packages/scipy/_lib/_util.py:1181: RuntimeWarning: logm result may be inaccurate, approximate err = 8.20313849802986e-13
  return f(*arrays, *other_args, **kwargs)
/home/lauter/venvs/cof-landscaper/lib/python3.12/site-packages/scipy/_lib/_util.py:1181: RuntimeWarning: logm result may be inaccurate, approximate err = 8.190351481848191e-13
  return f(*arrays, *other_args, **kwargs)
/home/lauter/venvs/cof-landscaper/lib/python3.12/site-packages/scipy/_lib/_util.py:1181: RuntimeWarning: logm result may be inaccurate, approximate err = 8.202196908584261e-13
  return f(*arrays, *other_args, **kwargs)
/home/lauter/venvs/cof-landscaper/lib/python3.12/site-packages/scipy/_lib/_util.py:1181: RuntimeWarning: logm result may be inaccurate, approximate err = 8.240117719791545e-13
  return f(*arrays, *other_args, **kwargs)
/home/lauter/venvs/cof-landscaper/lib/python3.12/site-packages/scipy/_lib/_util.py:1181: RuntimeWarning: logm result may be inaccurate, approximate err = 8.2141747937045e-13
  return f(*arrays, *other_args, **kwargs)
/home/lauter/venvs/cof-landscaper/lib/python3.12/site-packages/scipy/_lib/_util.py:1181: RuntimeWarning: logm result may be inaccurate, approximate err = 8.169350818485788e-13
  return f(*arrays, *other_args, **kwargs)
/home/lauter/venvs/cof-landscaper/lib/python3.12/site-packages/scipy/_lib/_util.py:1181: RuntimeWarning: logm result may be inaccurate, approximate err = 8.149246679451455e-13
  return f(*arrays, *other_args, **kwargs)
/home/lauter/venvs/cof-landscaper/lib/python3.12/site-packages/scipy/_lib/_util.py:1181: RuntimeWarning: logm result may be inaccurate, approximate err = 8.142944863229753e-13
  return f(*arrays, *other_args, **kwargs)
/home/lauter/venvs/cof-landscaper/lib/python3.12/site-packages/scipy/_lib/_util.py:1181: RuntimeWarning: logm result may be inaccurate, approximate err = 8.223302700821887e-13
  return f(*arrays, *other_args, **kwargs)
/home/lauter/venvs/cof-landscaper/lib/python3.12/site-packages/scipy/_lib/_util.py:1181: RuntimeWarning: logm result may be inaccurate, approximate err = 8.237493108382163e-13
  return f(*arrays, *other_args, **kwargs)
/home/lauter/venvs/cof-landscaper/lib/python3.12/site-packages/scipy/_lib/_util.py:1181: RuntimeWarning: logm result may be inaccurate, approximate err = 8.182659967812674e-13
  return f(*arrays, *other_args, **kwargs)
/home/lauter/venvs/cof-landscaper/lib/python3.12/site-packages/scipy/_lib/_util.py:1181: RuntimeWarning: logm result may be inaccurate, approximate err = 8.185618938801031e-13
  return f(*arrays, *other_args, **kwargs)
/home/lauter/venvs/cof-landscaper/lib/python3.12/site-packages/scipy/_lib/_util.py:1181: RuntimeWarning: logm result may be inaccurate, approximate err = 8.181993136429987e-13
  return f(*arrays, *other_args, **kwargs)
/home/lauter/venvs/cof-landscaper/lib/python3.12/site-packages/scipy/_lib/_util.py:1181: RuntimeWarning: logm result may be inaccurate, approximate err = 8.245564747592539e-13
  return f(*arrays, *other_args, **kwargs)
/home/lauter/venvs/cof-landscaper/lib/python3.12/site-packages/scipy/_lib/_util.py:1181: RuntimeWarning: logm result may be inaccurate, approximate err = 8.18588560411594e-13
  return f(*arrays, *other_args, **kwargs)
/home/lauter/venvs/cof-landscaper/lib/python3.12/site-packages/scipy/_lib/_util.py:1181: RuntimeWarning: logm result may be inaccurate, approximate err = 8.220982684919241e-13
  return f(*arrays, *other_args, **kwargs)
/home/lauter/venvs/cof-landscaper/lib/python3.12/site-packages/scipy/_lib/_util.py:1181: RuntimeWarning: logm result may be inaccurate, approximate err = 8.188164886308145e-13
  return f(*arrays, *other_args, **kwargs)
/home/lauter/venvs/cof-landscaper/lib/python3.12/site-packages/scipy/_lib/_util.py:1181: RuntimeWarning: logm result may be inaccurate, approximate err = 8.296068947619409e-13
  return f(*arrays, *other_args, **kwargs)
/home/lauter/venvs/cof-landscaper/lib/python3.12/site-packages/scipy/_lib/_util.py:1181: RuntimeWarning: logm result may be inaccurate, approximate err = 8.211011173182257e-13
  return f(*arrays, *other_args, **kwargs)
/home/lauter/venvs/cof-landscaper/lib/python3.12/site-packages/scipy/_lib/_util.py:1181: RuntimeWarning: logm result may be inaccurate, approximate err = 8.271026519617264e-13
  return f(*arrays, *other_args, **kwargs)
/home/lauter/venvs/cof-landscaper/lib/python3.12/site-packages/scipy/_lib/_util.py:1181: RuntimeWarning: logm result may be inaccurate, approximate err = 8.151701174647227e-13
  return f(*arrays, *other_args, **kwargs)
/home/lauter/venvs/cof-landscaper/lib/python3.12/site-packages/scipy/_lib/_util.py:1181: RuntimeWarning: logm result may be inaccurate, approximate err = 8.173642028010108e-13
  return f(*arrays, *other_args, **kwargs)
/home/lauter/venvs/cof-landscaper/lib/python3.12/site-packages/scipy/_lib/_util.py:1181: RuntimeWarning: logm result may be inaccurate, approximate err = 8.190564915134661e-13
  return f(*arrays, *other_args, **kwargs)
/home/lauter/venvs/cof-landscaper/lib/python3.12/site-packages/scipy/_lib/_util.py:1181: RuntimeWarning: logm result may be inaccurate, approximate err = 8.150454922374639e-13
  return f(*arrays, *other_args, **kwargs)
/home/lauter/venvs/cof-landscaper/lib/python3.12/site-packages/scipy/_lib/_util.py:1181: RuntimeWarning: logm result may be inaccurate, approximate err = 8.158241557878018e-13
  return f(*arrays, *other_args, **kwargs)
/home/lauter/venvs/cof-landscaper/lib/python3.12/site-packages/scipy/_lib/_util.py:1181: RuntimeWarning: logm result may be inaccurate, approximate err = 8.218760512836505e-13
  return f(*arrays, *other_args, **kwargs)
/home/lauter/venvs/cof-landscaper/lib/python3.12/site-packages/scipy/_lib/_util.py:1181: RuntimeWarning: logm result may be inaccurate, approximate err = 8.190231228919895e-13
  return f(*arrays, *other_args, **kwargs)
/home/lauter/venvs/cof-landscaper/lib/python3.12/site-packages/scipy/_lib/_util.py:1181: RuntimeWarning: logm result may be inaccurate, approximate err = 8.126735705196856e-13
  return f(*arrays, *other_args, **kwargs)
/home/lauter/venvs/cof-landscaper/lib/python3.12/site-packages/scipy/_lib/_util.py:1181: RuntimeWarning: logm result may be inaccurate, approximate err = 8.209534825303599e-13
  return f(*arrays, *other_args, **kwargs)
/home/lauter/venvs/cof-landscaper/lib/python3.12/site-packages/scipy/_lib/_util.py:1181: RuntimeWarning: logm result may be inaccurate, approximate err = 8.218099851246069e-13
  return f(*arrays, *other_args, **kwargs)
/home/lauter/venvs/cof-landscaper/lib/python3.12/site-packages/scipy/_lib/_util.py:1181: RuntimeWarning: logm result may be inaccurate, approximate err = 8.202524679362135e-13
  return f(*arrays, *other_args, **kwargs)
/home/lauter/venvs/cof-landscaper/lib/python3.12/site-packages/scipy/_lib/_util.py:1181: RuntimeWarning: logm result may be inaccurate, approximate err = 8.120407308433676e-13
  return f(*arrays, *other_args, **kwargs)
/home/lauter/venvs/cof-landscaper/lib/python3.12/site-packages/scipy/_lib/_util.py:1181: RuntimeWarning: logm result may be inaccurate, approximate err = 8.165795366601996e-13
  return f(*arrays, *other_args, **kwargs)
/home/lauter/venvs/cof-landscaper/lib/python3.12/site-packages/scipy/_lib/_util.py:1181: RuntimeWarning: logm result may be inaccurate, approximate err = 8.254340734449641e-13
  return f(*arrays, *other_args, **kwargs)
/home/lauter/venvs/cof-landscaper/lib/python3.12/site-packages/scipy/_lib/_util.py:1181: RuntimeWarning: logm result may be inaccurate, approximate err = 8.150924476642319e-13
  return f(*arrays, *other_args, **kwargs)
/home/lauter/venvs/cof-landscaper/lib/python3.12/site-packages/scipy/_lib/_util.py:1181: RuntimeWarning: logm result may be inaccurate, approximate err = 8.21426267096553e-13
  return f(*arrays, *other_args, **kwargs)
/home/lauter/venvs/cof-landscaper/lib/python3.12/site-packages/scipy/_lib/_util.py:1181: RuntimeWarning: logm result may be inaccurate, approximate err = 8.148339246050346e-13
  return f(*arrays, *other_args, **kwargs)
/home/lauter/venvs/cof-landscaper/lib/python3.12/site-packages/scipy/_lib/_util.py:1181: RuntimeWarning: logm result may be inaccurate, approximate err = 8.144060517307834e-13
  return f(*arrays, *other_args, **kwargs)
/home/lauter/venvs/cof-landscaper/lib/python3.12/site-packages/scipy/_lib/_util.py:1181: RuntimeWarning: logm result may be inaccurate, approximate err = 8.19099036560876e-13
  return f(*arrays, *other_args, **kwargs)
/home/lauter/venvs/cof-landscaper/lib/python3.12/site-packages/scipy/_lib/_util.py:1181: RuntimeWarning: logm result may be inaccurate, approximate err = 8.156362339706033e-13
  return f(*arrays, *other_args, **kwargs)
/home/lauter/venvs/cof-landscaper/lib/python3.12/site-packages/scipy/_lib/_util.py:1181: RuntimeWarning: logm result may be inaccurate, approximate err = 8.19612779360132e-13
  return f(*arrays, *other_args, **kwargs)
/home/lauter/venvs/cof-landscaper/lib/python3.12/site-packages/scipy/_lib/_util.py:1181: RuntimeWarning: logm result may be inaccurate, approximate err = 8.082691807633481e-13
  return f(*arrays, *other_args, **kwargs)
/home/lauter/venvs/cof-landscaper/lib/python3.12/site-packages/scipy/_lib/_util.py:1181: RuntimeWarning: logm result may be inaccurate, approximate err = 8.201120653132416e-13
  return f(*arrays, *other_args, **kwargs)
/home/lauter/venvs/cof-landscaper/lib/python3.12/site-packages/scipy/_lib/_util.py:1181: RuntimeWarning: logm result may be inaccurate, approximate err = 8.067541397183973e-13
  return f(*arrays, *other_args, **kwargs)
/home/lauter/venvs/cof-landscaper/lib/python3.12/site-packages/scipy/_lib/_util.py:1181: RuntimeWarning: logm result may be inaccurate, approximate err = 8.206812409580259e-13
  return f(*arrays, *other_args, **kwargs)
/home/lauter/venvs/cof-landscaper/lib/python3.12/site-packages/scipy/_lib/_util.py:1181: RuntimeWarning: logm result may be inaccurate, approximate err = 8.222298005364308e-13
  return f(*arrays, *other_args, **kwargs)
/home/lauter/venvs/cof-landscaper/lib/python3.12/site-packages/scipy/_lib/_util.py:1181: RuntimeWarning: logm result may be inaccurate, approximate err = 8.181202824402881e-13
  return f(*arrays, *other_args, **kwargs)
/home/lauter/venvs/cof-landscaper/lib/python3.12/site-packages/scipy/_lib/_util.py:1181: RuntimeWarning: logm result may be inaccurate, approximate err = 8.180021488607786e-13
  return f(*arrays, *other_args, **kwargs)
/home/lauter/venvs/cof-landscaper/lib/python3.12/site-packages/scipy/_lib/_util.py:1181: RuntimeWarning: logm result may be inaccurate, approximate err = 8.146029691281292e-13
  return f(*arrays, *other_args, **kwargs)
/home/lauter/venvs/cof-landscaper/lib/python3.12/site-packages/scipy/_lib/_util.py:1181: RuntimeWarning: logm result may be inaccurate, approximate err = 8.161186592011411e-13
  return f(*arrays, *other_args, **kwargs)
/home/lauter/venvs/cof-landscaper/lib/python3.12/site-packages/scipy/_lib/_util.py:1181: RuntimeWarning: logm result may be inaccurate, approximate err = 8.155503556489436e-13
  return f(*arrays, *other_args, **kwargs)
/home/lauter/venvs/cof-landscaper/lib/python3.12/site-packages/scipy/_lib/_util.py:1181: RuntimeWarning: logm result may be inaccurate, approximate err = 8.159448372964248e-13
  return f(*arrays, *other_args, **kwargs)
/home/lauter/venvs/cof-landscaper/lib/python3.12/site-packages/scipy/_lib/_util.py:1181: RuntimeWarning: logm result may be inaccurate, approximate err = 8.150506025984308e-13
  return f(*arrays, *other_args, **kwargs)
/home/lauter/venvs/cof-landscaper/lib/python3.12/site-packages/scipy/_lib/_util.py:1181: RuntimeWarning: logm result may be inaccurate, approximate err = 8.133640413033645e-13
  return f(*arrays, *other_args, **kwargs)
/home/lauter/venvs/cof-landscaper/lib/python3.12/site-packages/scipy/_lib/_util.py:1181: RuntimeWarning: logm result may be inaccurate, approximate err = 8.199049168852751e-13
  return f(*arrays, *other_args, **kwargs)
/home/lauter/venvs/cof-landscaper/lib/python3.12/site-packages/scipy/_lib/_util.py:1181: RuntimeWarning: logm result may be inaccurate, approximate err = 8.216550860194267e-13
  return f(*arrays, *other_args, **kwargs)
/home/lauter/venvs/cof-landscaper/lib/python3.12/site-packages/scipy/_lib/_util.py:1181: RuntimeWarning: logm result may be inaccurate, approximate err = 8.319819939509351e-13
  return f(*arrays, *other_args, **kwargs)
/home/lauter/venvs/cof-landscaper/lib/python3.12/site-packages/scipy/_lib/_util.py:1181: RuntimeWarning: logm result may be inaccurate, approximate err = 8.138309952786335e-13
  return f(*arrays, *other_args, **kwargs)
/home/lauter/venvs/cof-landscaper/lib/python3.12/site-packages/scipy/_lib/_util.py:1181: RuntimeWarning: logm result may be inaccurate, approximate err = 8.307198634109628e-13
  return f(*arrays, *other_args, **kwargs)
/home/lauter/venvs/cof-landscaper/lib/python3.12/site-packages/scipy/_lib/_util.py:1181: RuntimeWarning: logm result may be inaccurate, approximate err = 8.140207661744902e-13
  return f(*arrays, *other_args, **kwargs)
/home/lauter/venvs/cof-landscaper/lib/python3.12/site-packages/scipy/_lib/_util.py:1181: RuntimeWarning: logm result may be inaccurate, approximate err = 8.168724127055054e-13
  return f(*arrays, *other_args, **kwargs)
/home/lauter/venvs/cof-landscaper/lib/python3.12/site-packages/scipy/_lib/_util.py:1181: RuntimeWarning: logm result may be inaccurate, approximate err = 8.207525949910846e-13
  return f(*arrays, *other_args, **kwargs)
/home/lauter/venvs/cof-landscaper/lib/python3.12/site-packages/scipy/_lib/_util.py:1181: RuntimeWarning: logm result may be inaccurate, approximate err = 8.279975610369695e-13
  return f(*arrays, *other_args, **kwargs)
/home/lauter/venvs/cof-landscaper/lib/python3.12/site-packages/scipy/_lib/_util.py:1181: RuntimeWarning: logm result may be inaccurate, approximate err = 8.162779315654642e-13
  return f(*arrays, *other_args, **kwargs)
/home/lauter/venvs/cof-landscaper/lib/python3.12/site-packages/scipy/_lib/_util.py:1181: RuntimeWarning: logm result may be inaccurate, approximate err = 8.23058808210496e-13
  return f(*arrays, *other_args, **kwargs)
/home/lauter/venvs/cof-landscaper/lib/python3.12/site-packages/scipy/_lib/_util.py:1181: RuntimeWarning: logm result may be inaccurate, approximate err = 8.246493430162669e-13
  return f(*arrays, *other_args, **kwargs)
/home/lauter/venvs/cof-landscaper/lib/python3.12/site-packages/scipy/_lib/_util.py:1181: RuntimeWarning: logm result may be inaccurate, approximate err = 8.23011025367118e-13
  return f(*arrays, *other_args, **kwargs)
/home/lauter/venvs/cof-landscaper/lib/python3.12/site-packages/scipy/_lib/_util.py:1181: RuntimeWarning: logm result may be inaccurate, approximate err = 8.212247656526648e-13
  return f(*arrays, *other_args, **kwargs)
/home/lauter/venvs/cof-landscaper/lib/python3.12/site-packages/scipy/_lib/_util.py:1181: RuntimeWarning: logm result may be inaccurate, approximate err = 8.184016618104867e-13
  return f(*arrays, *other_args, **kwargs)
/home/lauter/venvs/cof-landscaper/lib/python3.12/site-packages/scipy/_lib/_util.py:1181: RuntimeWarning: logm result may be inaccurate, approximate err = 8.245820560438705e-13
  return f(*arrays, *other_args, **kwargs)
/home/lauter/venvs/cof-landscaper/lib/python3.12/site-packages/scipy/_lib/_util.py:1181: RuntimeWarning: logm result may be inaccurate, approximate err = 8.270648113203803e-13
  return f(*arrays, *other_args, **kwargs)
/home/lauter/venvs/cof-landscaper/lib/python3.12/site-packages/scipy/_lib/_util.py:1181: RuntimeWarning: logm result may be inaccurate, approximate err = 8.21841847111266e-13
  return f(*arrays, *other_args, **kwargs)
/home/lauter/venvs/cof-landscaper/lib/python3.12/site-packages/scipy/_lib/_util.py:1181: RuntimeWarning: logm result may be inaccurate, approximate err = 8.195190464374549e-13
  return f(*arrays, *other_args, **kwargs)
/home/lauter/venvs/cof-landscaper/lib/python3.12/site-packages/scipy/_lib/_util.py:1181: RuntimeWarning: logm result may be inaccurate, approximate err = 8.254990043374622e-13
  return f(*arrays, *other_args, **kwargs)
/home/lauter/venvs/cof-landscaper/lib/python3.12/site-packages/scipy/_lib/_util.py:1181: RuntimeWarning: logm result may be inaccurate, approximate err = 8.270856077684904e-13
  return f(*arrays, *other_args, **kwargs)
/home/lauter/venvs/cof-landscaper/lib/python3.12/site-packages/scipy/_lib/_util.py:1181: RuntimeWarning: logm result may be inaccurate, approximate err = 8.250252638848602e-13
  return f(*arrays, *other_args, **kwargs)
/home/lauter/venvs/cof-landscaper/lib/python3.12/site-packages/scipy/_lib/_util.py:1181: RuntimeWarning: logm result may be inaccurate, approximate err = 8.222978934231935e-13
  return f(*arrays, *other_args, **kwargs)
/home/lauter/venvs/cof-landscaper/lib/python3.12/site-packages/scipy/_lib/_util.py:1181: RuntimeWarning: logm result may be inaccurate, approximate err = 8.230341038122816e-13
  return f(*arrays, *other_args, **kwargs)
/home/lauter/venvs/cof-landscaper/lib/python3.12/site-packages/scipy/_lib/_util.py:1181: RuntimeWarning: logm result may be inaccurate, approximate err = 8.266119882835756e-13
  return f(*arrays, *other_args, **kwargs)
/home/lauter/venvs/cof-landscaper/lib/python3.12/site-packages/scipy/_lib/_util.py:1181: RuntimeWarning: logm result may be inaccurate, approximate err = 8.246615142012801e-13
  return f(*arrays, *other_args, **kwargs)
/home/lauter/venvs/cof-landscaper/lib/python3.12/site-packages/scipy/_lib/_util.py:1181: RuntimeWarning: logm result may be inaccurate, approximate err = 8.283241547007465e-13
  return f(*arrays, *other_args, **kwargs)
/home/lauter/venvs/cof-landscaper/lib/python3.12/site-packages/scipy/_lib/_util.py:1181: RuntimeWarning: logm result may be inaccurate, approximate err = 8.347029591922529e-13
  return f(*arrays, *other_args, **kwargs)
/home/lauter/venvs/cof-landscaper/lib/python3.12/site-packages/scipy/_lib/_util.py:1181: RuntimeWarning: logm result may be inaccurate, approximate err = 8.248447070104105e-13
  return f(*arrays, *other_args, **kwargs)
/home/lauter/venvs/cof-landscaper/lib/python3.12/site-packages/scipy/_lib/_util.py:1181: RuntimeWarning: logm result may be inaccurate, approximate err = 8.264747678858693e-13
  return f(*arrays, *other_args, **kwargs)
/home/lauter/venvs/cof-landscaper/lib/python3.12/site-packages/scipy/_lib/_util.py:1181: RuntimeWarning: logm result may be inaccurate, approximate err = 8.32095132455028e-13
  return f(*arrays, *other_args, **kwargs)
/home/lauter/venvs/cof-landscaper/lib/python3.12/site-packages/scipy/_lib/_util.py:1181: RuntimeWarning: logm result may be inaccurate, approximate err = 8.223353271258763e-13
  return f(*arrays, *other_args, **kwargs)
/home/lauter/venvs/cof-landscaper/lib/python3.12/site-packages/scipy/_lib/_util.py:1181: RuntimeWarning: logm result may be inaccurate, approximate err = 8.30384831219624e-13
  return f(*arrays, *other_args, **kwargs)
/home/lauter/venvs/cof-landscaper/lib/python3.12/site-packages/scipy/_lib/_util.py:1181: RuntimeWarning: logm result may be inaccurate, approximate err = 8.250264156966516e-13
  return f(*arrays, *other_args, **kwargs)
/home/lauter/venvs/cof-landscaper/lib/python3.12/site-packages/scipy/_lib/_util.py:1181: RuntimeWarning: logm result may be inaccurate, approximate err = 8.307580373738824e-13
  return f(*arrays, *other_args, **kwargs)
/home/lauter/venvs/cof-landscaper/lib/python3.12/site-packages/scipy/_lib/_util.py:1181: RuntimeWarning: logm result may be inaccurate, approximate err = 8.265531379848821e-13
  return f(*arrays, *other_args, **kwargs)
/home/lauter/venvs/cof-landscaper/lib/python3.12/site-packages/scipy/_lib/_util.py:1181: RuntimeWarning: logm result may be inaccurate, approximate err = 8.249799730033586e-13
  return f(*arrays, *other_args, **kwargs)
/home/lauter/venvs/cof-landscaper/lib/python3.12/site-packages/scipy/_lib/_util.py:1181: RuntimeWarning: logm result may be inaccurate, approximate err = 8.320540140399686e-13
  return f(*arrays, *other_args, **kwargs)
/home/lauter/venvs/cof-landscaper/lib/python3.12/site-packages/scipy/_lib/_util.py:1181: RuntimeWarning: logm result may be inaccurate, approximate err = 8.397189102640671e-13
  return f(*arrays, *other_args, **kwargs)
/home/lauter/venvs/cof-landscaper/lib/python3.12/site-packages/scipy/_lib/_util.py:1181: RuntimeWarning: logm result may be inaccurate, approximate err = 8.288672263253105e-13
  return f(*arrays, *other_args, **kwargs)
/home/lauter/venvs/cof-landscaper/lib/python3.12/site-packages/scipy/_lib/_util.py:1181: RuntimeWarning: logm result may be inaccurate, approximate err = 8.350359210034481e-13
  return f(*arrays, *other_args, **kwargs)
/home/lauter/venvs/cof-landscaper/lib/python3.12/site-packages/scipy/_lib/_util.py:1181: RuntimeWarning: logm result may be inaccurate, approximate err = 8.270720226747699e-13
  return f(*arrays, *other_args, **kwargs)
/home/lauter/venvs/cof-landscaper/lib/python3.12/site-packages/scipy/_lib/_util.py:1181: RuntimeWarning: logm result may be inaccurate, approximate err = 8.324913202751955e-13
  return f(*arrays, *other_args, **kwargs)
/home/lauter/venvs/cof-landscaper/lib/python3.12/site-packages/scipy/_lib/_util.py:1181: RuntimeWarning: logm result may be inaccurate, approximate err = 8.290279608668264e-13
  return f(*arrays, *other_args, **kwargs)
/home/lauter/venvs/cof-landscaper/lib/python3.12/site-packages/scipy/_lib/_util.py:1181: RuntimeWarning: logm result may be inaccurate, approximate err = 8.271935881854203e-13
  return f(*arrays, *other_args, **kwargs)
/home/lauter/venvs/cof-landscaper/lib/python3.12/site-packages/scipy/_lib/_util.py:1181: RuntimeWarning: logm result may be inaccurate, approximate err = 8.267954061044943e-13
  return f(*arrays, *other_args, **kwargs)
/home/lauter/venvs/cof-landscaper/lib/python3.12/site-packages/scipy/_lib/_util.py:1181: RuntimeWarning: logm result may be inaccurate, approximate err = 8.311497566538834e-13
  return f(*arrays, *other_args, **kwargs)
/home/lauter/venvs/cof-landscaper/lib/python3.12/site-packages/scipy/_lib/_util.py:1181: RuntimeWarning: logm result may be inaccurate, approximate err = 8.292275668261953e-13
  return f(*arrays, *other_args, **kwargs)
/home/lauter/venvs/cof-landscaper/lib/python3.12/site-packages/scipy/_lib/_util.py:1181: RuntimeWarning: logm result may be inaccurate, approximate err = 8.286707869448235e-13
  return f(*arrays, *other_args, **kwargs)
/home/lauter/venvs/cof-landscaper/lib/python3.12/site-packages/scipy/_lib/_util.py:1181: RuntimeWarning: logm result may be inaccurate, approximate err = 8.328349839116649e-13
  return f(*arrays, *other_args, **kwargs)
/home/lauter/venvs/cof-landscaper/lib/python3.12/site-packages/scipy/_lib/_util.py:1181: RuntimeWarning: logm result may be inaccurate, approximate err = 8.33938031245515e-13
  return f(*arrays, *other_args, **kwargs)
/home/lauter/venvs/cof-landscaper/lib/python3.12/site-packages/scipy/_lib/_util.py:1181: RuntimeWarning: logm result may be inaccurate, approximate err = 8.298857061398424e-13
  return f(*arrays, *other_args, **kwargs)
/home/lauter/venvs/cof-landscaper/lib/python3.12/site-packages/scipy/_lib/_util.py:1181: RuntimeWarning: logm result may be inaccurate, approximate err = 8.305890770813325e-13
  return f(*arrays, *other_args, **kwargs)
/home/lauter/venvs/cof-landscaper/lib/python3.12/site-packages/scipy/_lib/_util.py:1181: RuntimeWarning: logm result may be inaccurate, approximate err = 8.253268955759118e-13
  return f(*arrays, *other_args, **kwargs)
/home/lauter/venvs/cof-landscaper/lib/python3.12/site-packages/scipy/_lib/_util.py:1181: RuntimeWarning: logm result may be inaccurate, approximate err = 8.389156442929979e-13
  return f(*arrays, *other_args, **kwargs)
/home/lauter/venvs/cof-landscaper/lib/python3.12/site-packages/scipy/_lib/_util.py:1181: RuntimeWarning: logm result may be inaccurate, approximate err = 8.219805287797902e-13
  return f(*arrays, *other_args, **kwargs)
/home/lauter/venvs/cof-landscaper/lib/python3.12/site-packages/scipy/_lib/_util.py:1181: RuntimeWarning: logm result may be inaccurate, approximate err = 8.325453895932517e-13
  return f(*arrays, *other_args, **kwargs)
/home/lauter/venvs/cof-landscaper/lib/python3.12/site-packages/scipy/_lib/_util.py:1181: RuntimeWarning: logm result may be inaccurate, approximate err = 8.319718386918014e-13
  return f(*arrays, *other_args, **kwargs)
/home/lauter/venvs/cof-landscaper/lib/python3.12/site-packages/scipy/_lib/_util.py:1181: RuntimeWarning: logm result may be inaccurate, approximate err = 8.235635924023239e-13
  return f(*arrays, *other_args, **kwargs)
/home/lauter/venvs/cof-landscaper/lib/python3.12/site-packages/scipy/_lib/_util.py:1181: RuntimeWarning: logm result may be inaccurate, approximate err = 8.353522327766026e-13
  return f(*arrays, *other_args, **kwargs)
/home/lauter/venvs/cof-landscaper/lib/python3.12/site-packages/scipy/_lib/_util.py:1181: RuntimeWarning: logm result may be inaccurate, approximate err = 8.284819023164765e-13
  return f(*arrays, *other_args, **kwargs)
/home/lauter/venvs/cof-landscaper/lib/python3.12/site-packages/scipy/_lib/_util.py:1181: RuntimeWarning: logm result may be inaccurate, approximate err = 8.345911630458452e-13
  return f(*arrays, *other_args, **kwargs)
/home/lauter/venvs/cof-landscaper/lib/python3.12/site-packages/scipy/_lib/_util.py:1181: RuntimeWarning: logm result may be inaccurate, approximate err = 8.314541932930326e-13
  return f(*arrays, *other_args, **kwargs)
/home/lauter/venvs/cof-landscaper/lib/python3.12/site-packages/scipy/_lib/_util.py:1181: RuntimeWarning: logm result may be inaccurate, approximate err = 8.316835360102409e-13
  return f(*arrays, *other_args, **kwargs)
/home/lauter/venvs/cof-landscaper/lib/python3.12/site-packages/scipy/_lib/_util.py:1181: RuntimeWarning: logm result may be inaccurate, approximate err = 8.246061669952677e-13
  return f(*arrays, *other_args, **kwargs)
/home/lauter/venvs/cof-landscaper/lib/python3.12/site-packages/scipy/_lib/_util.py:1181: RuntimeWarning: logm result may be inaccurate, approximate err = 8.32299817244865e-13
  return f(*arrays, *other_args, **kwargs)
/home/lauter/venvs/cof-landscaper/lib/python3.12/site-packages/scipy/_lib/_util.py:1181: RuntimeWarning: logm result may be inaccurate, approximate err = 8.338151747859955e-13
  return f(*arrays, *other_args, **kwargs)
/home/lauter/venvs/cof-landscaper/lib/python3.12/site-packages/scipy/_lib/_util.py:1181: RuntimeWarning: logm result may be inaccurate, approximate err = 8.345440340797817e-13
  return f(*arrays, *other_args, **kwargs)
/home/lauter/venvs/cof-landscaper/lib/python3.12/site-packages/scipy/_lib/_util.py:1181: RuntimeWarning: logm result may be inaccurate, approximate err = 8.300015445212076e-13
  return f(*arrays, *other_args, **kwargs)
/home/lauter/venvs/cof-landscaper/lib/python3.12/site-packages/scipy/_lib/_util.py:1181: RuntimeWarning: logm result may be inaccurate, approximate err = 8.305080874481521e-13
  return f(*arrays, *other_args, **kwargs)
/home/lauter/venvs/cof-landscaper/lib/python3.12/site-packages/scipy/_lib/_util.py:1181: RuntimeWarning: logm result may be inaccurate, approximate err = 8.325594074541122e-13
  return f(*arrays, *other_args, **kwargs)
/home/lauter/venvs/cof-landscaper/lib/python3.12/site-packages/scipy/_lib/_util.py:1181: RuntimeWarning: logm result may be inaccurate, approximate err = 8.356928481141726e-13
  return f(*arrays, *other_args, **kwargs)
/home/lauter/venvs/cof-landscaper/lib/python3.12/site-packages/scipy/_lib/_util.py:1181: RuntimeWarning: logm result may be inaccurate, approximate err = 8.33999320449368e-13
  return f(*arrays, *other_args, **kwargs)
/home/lauter/venvs/cof-landscaper/lib/python3.12/site-packages/scipy/_lib/_util.py:1181: RuntimeWarning: logm result may be inaccurate, approximate err = 8.304785651167714e-13
  return f(*arrays, *other_args, **kwargs)
/home/lauter/venvs/cof-landscaper/lib/python3.12/site-packages/scipy/_lib/_util.py:1181: RuntimeWarning: logm result may be inaccurate, approximate err = 8.294212247403861e-13
  return f(*arrays, *other_args, **kwargs)
/home/lauter/venvs/cof-landscaper/lib/python3.12/site-packages/scipy/_lib/_util.py:1181: RuntimeWarning: logm result may be inaccurate, approximate err = 8.269055220845733e-13
  return f(*arrays, *other_args, **kwargs)
/home/lauter/venvs/cof-landscaper/lib/python3.12/site-packages/scipy/_lib/_util.py:1181: RuntimeWarning: logm result may be inaccurate, approximate err = 8.38262354521882e-13
  return f(*arrays, *other_args, **kwargs)
/home/lauter/venvs/cof-landscaper/lib/python3.12/site-packages/scipy/_lib/_util.py:1181: RuntimeWarning: logm result may be inaccurate, approximate err = 8.357257256948564e-13
  return f(*arrays, *other_args, **kwargs)
/home/lauter/venvs/cof-landscaper/lib/python3.12/site-packages/scipy/_lib/_util.py:1181: RuntimeWarning: logm result may be inaccurate, approximate err = 8.306304048589666e-13
  return f(*arrays, *other_args, **kwargs)
/home/lauter/venvs/cof-landscaper/lib/python3.12/site-packages/scipy/_lib/_util.py:1181: RuntimeWarning: logm result may be inaccurate, approximate err = 8.359465537161364e-13
  return f(*arrays, *other_args, **kwargs)
/home/lauter/venvs/cof-landscaper/lib/python3.12/site-packages/scipy/_lib/_util.py:1181: RuntimeWarning: logm result may be inaccurate, approximate err = 8.410445656671293e-13
  return f(*arrays, *other_args, **kwargs)
/home/lauter/venvs/cof-landscaper/lib/python3.12/site-packages/scipy/_lib/_util.py:1181: RuntimeWarning: logm result may be inaccurate, approximate err = 8.376738289533871e-13
  return f(*arrays, *other_args, **kwargs)
/home/lauter/venvs/cof-landscaper/lib/python3.12/site-packages/scipy/_lib/_util.py:1181: RuntimeWarning: logm result may be inaccurate, approximate err = 8.312511872790569e-13
  return f(*arrays, *other_args, **kwargs)
/home/lauter/venvs/cof-landscaper/lib/python3.12/site-packages/scipy/_lib/_util.py:1181: RuntimeWarning: logm result may be inaccurate, approximate err = 8.345175836776707e-13
  return f(*arrays, *other_args, **kwargs)
/home/lauter/venvs/cof-landscaper/lib/python3.12/site-packages/scipy/_lib/_util.py:1181: RuntimeWarning: logm result may be inaccurate, approximate err = 8.281647991257994e-13
  return f(*arrays, *other_args, **kwargs)
/home/lauter/venvs/cof-landscaper/lib/python3.12/site-packages/scipy/_lib/_util.py:1181: RuntimeWarning: logm result may be inaccurate, approximate err = 8.428809271398795e-13
  return f(*arrays, *other_args, **kwargs)
/home/lauter/venvs/cof-landscaper/lib/python3.12/site-packages/scipy/_lib/_util.py:1181: RuntimeWarning: logm result may be inaccurate, approximate err = 8.366857612411781e-13
  return f(*arrays, *other_args, **kwargs)
/home/lauter/venvs/cof-landscaper/lib/python3.12/site-packages/scipy/_lib/_util.py:1181: RuntimeWarning: logm result may be inaccurate, approximate err = 8.397840453305203e-13
  return f(*arrays, *other_args, **kwargs)
/home/lauter/venvs/cof-landscaper/lib/python3.12/site-packages/scipy/_lib/_util.py:1181: RuntimeWarning: logm result may be inaccurate, approximate err = 8.294257143008371e-13
  return f(*arrays, *other_args, **kwargs)
/home/lauter/venvs/cof-landscaper/lib/python3.12/site-packages/scipy/_lib/_util.py:1181: RuntimeWarning: logm result may be inaccurate, approximate err = 8.338780164185605e-13
  return f(*arrays, *other_args, **kwargs)
/home/lauter/venvs/cof-landscaper/lib/python3.12/site-packages/scipy/_lib/_util.py:1181: RuntimeWarning: logm result may be inaccurate, approximate err = 8.348950377063861e-13
  return f(*arrays, *other_args, **kwargs)
/home/lauter/venvs/cof-landscaper/lib/python3.12/site-packages/scipy/_lib/_util.py:1181: RuntimeWarning: logm result may be inaccurate, approximate err = 8.311800049927718e-13
  return f(*arrays, *other_args, **kwargs)
/home/lauter/venvs/cof-landscaper/lib/python3.12/site-packages/scipy/_lib/_util.py:1181: RuntimeWarning: logm result may be inaccurate, approximate err = 8.296283641611882e-13
  return f(*arrays, *other_args, **kwargs)
/home/lauter/venvs/cof-landscaper/lib/python3.12/site-packages/scipy/_lib/_util.py:1181: RuntimeWarning: logm result may be inaccurate, approximate err = 8.314231330430931e-13
  return f(*arrays, *other_args, **kwargs)
/home/lauter/venvs/cof-landscaper/lib/python3.12/site-packages/scipy/_lib/_util.py:1181: RuntimeWarning: logm result may be inaccurate, approximate err = 8.346885596810643e-13
  return f(*arrays, *other_args, **kwargs)
/home/lauter/venvs/cof-landscaper/lib/python3.12/site-packages/scipy/_lib/_util.py:1181: RuntimeWarning: logm result may be inaccurate, approximate err = 8.294953195102292e-13
  return f(*arrays, *other_args, **kwargs)
/home/lauter/venvs/cof-landscaper/lib/python3.12/site-packages/scipy/_lib/_util.py:1181: RuntimeWarning: logm result may be inaccurate, approximate err = 8.445296078612699e-13
  return f(*arrays, *other_args, **kwargs)
/home/lauter/venvs/cof-landscaper/lib/python3.12/site-packages/scipy/_lib/_util.py:1181: RuntimeWarning: logm result may be inaccurate, approximate err = 8.402511048867566e-13
  return f(*arrays, *other_args, **kwargs)
/home/lauter/venvs/cof-landscaper/lib/python3.12/site-packages/scipy/_lib/_util.py:1181: RuntimeWarning: logm result may be inaccurate, approximate err = 8.369203362673835e-13
  return f(*arrays, *other_args, **kwargs)
/home/lauter/venvs/cof-landscaper/lib/python3.12/site-packages/scipy/_lib/_util.py:1181: RuntimeWarning: logm result may be inaccurate, approximate err = 8.374975665707111e-13
  return f(*arrays, *other_args, **kwargs)
/home/lauter/venvs/cof-landscaper/lib/python3.12/site-packages/scipy/_lib/_util.py:1181: RuntimeWarning: logm result may be inaccurate, approximate err = 8.34359114903556e-13
  return f(*arrays, *other_args, **kwargs)
/home/lauter/venvs/cof-landscaper/lib/python3.12/site-packages/scipy/_lib/_util.py:1181: RuntimeWarning: logm result may be inaccurate, approximate err = 8.402498273015499e-13
  return f(*arrays, *other_args, **kwargs)
/home/lauter/venvs/cof-landscaper/lib/python3.12/site-packages/scipy/_lib/_util.py:1181: RuntimeWarning: logm result may be inaccurate, approximate err = 8.373878461437485e-13
  return f(*arrays, *other_args, **kwargs)
/home/lauter/venvs/cof-landscaper/lib/python3.12/site-packages/scipy/_lib/_util.py:1181: RuntimeWarning: logm result may be inaccurate, approximate err = 8.373127059823618e-13
  return f(*arrays, *other_args, **kwargs)
/home/lauter/venvs/cof-landscaper/lib/python3.12/site-packages/scipy/_lib/_util.py:1181: RuntimeWarning: logm result may be inaccurate, approximate err = 8.42728881535276e-13
  return f(*arrays, *other_args, **kwargs)
/home/lauter/venvs/cof-landscaper/lib/python3.12/site-packages/scipy/_lib/_util.py:1181: RuntimeWarning: logm result may be inaccurate, approximate err = 8.386998993515479e-13
  return f(*arrays, *other_args, **kwargs)
/home/lauter/venvs/cof-landscaper/lib/python3.12/site-packages/scipy/_lib/_util.py:1181: RuntimeWarning: logm result may be inaccurate, approximate err = 8.400882141121364e-13
  return f(*arrays, *other_args, **kwargs)
/home/lauter/venvs/cof-landscaper/lib/python3.12/site-packages/scipy/_lib/_util.py:1181: RuntimeWarning: logm result may be inaccurate, approximate err = 8.343900141374087e-13
  return f(*arrays, *other_args, **kwargs)
/home/lauter/venvs/cof-landscaper/lib/python3.12/site-packages/scipy/_lib/_util.py:1181: RuntimeWarning: logm result may be inaccurate, approximate err = 8.416747896884353e-13
  return f(*arrays, *other_args, **kwargs)
/home/lauter/venvs/cof-landscaper/lib/python3.12/site-packages/scipy/_lib/_util.py:1181: RuntimeWarning: logm result may be inaccurate, approximate err = 8.349529499016384e-13
  return f(*arrays, *other_args, **kwargs)
/home/lauter/venvs/cof-landscaper/lib/python3.12/site-packages/scipy/_lib/_util.py:1181: RuntimeWarning: logm result may be inaccurate, approximate err = 8.362279077932277e-13
  return f(*arrays, *other_args, **kwargs)
/home/lauter/venvs/cof-landscaper/lib/python3.12/site-packages/scipy/_lib/_util.py:1181: RuntimeWarning: logm result may be inaccurate, approximate err = 8.393416009154067e-13
  return f(*arrays, *other_args, **kwargs)
/home/lauter/venvs/cof-landscaper/lib/python3.12/site-packages/scipy/_lib/_util.py:1181: RuntimeWarning: logm result may be inaccurate, approximate err = 8.430822843577295e-13
  return f(*arrays, *other_args, **kwargs)
/home/lauter/venvs/cof-landscaper/lib/python3.12/site-packages/scipy/_lib/_util.py:1181: RuntimeWarning: logm result may be inaccurate, approximate err = 8.371245117204126e-13
  return f(*arrays, *other_args, **kwargs)
/home/lauter/venvs/cof-landscaper/lib/python3.12/site-packages/scipy/_lib/_util.py:1181: RuntimeWarning: logm result may be inaccurate, approximate err = 8.485586900070005e-13
  return f(*arrays, *other_args, **kwargs)
/home/lauter/venvs/cof-landscaper/lib/python3.12/site-packages/scipy/_lib/_util.py:1181: RuntimeWarning: logm result may be inaccurate, approximate err = 8.365449422382381e-13
  return f(*arrays, *other_args, **kwargs)
/home/lauter/venvs/cof-landscaper/lib/python3.12/site-packages/scipy/_lib/_util.py:1181: RuntimeWarning: logm result may be inaccurate, approximate err = 8.45666376787258e-13
  return f(*arrays, *other_args, **kwargs)
/home/lauter/venvs/cof-landscaper/lib/python3.12/site-packages/scipy/_lib/_util.py:1181: RuntimeWarning: logm result may be inaccurate, approximate err = 8.355674252418393e-13
  return f(*arrays, *other_args, **kwargs)
/home/lauter/venvs/cof-landscaper/lib/python3.12/site-packages/scipy/_lib/_util.py:1181: RuntimeWarning: logm result may be inaccurate, approximate err = 8.424926245186399e-13
  return f(*arrays, *other_args, **kwargs)
/home/lauter/venvs/cof-landscaper/lib/python3.12/site-packages/scipy/_lib/_util.py:1181: RuntimeWarning: logm result may be inaccurate, approximate err = 8.411427765137373e-13
  return f(*arrays, *other_args, **kwargs)
/home/lauter/venvs/cof-landscaper/lib/python3.12/site-packages/scipy/_lib/_util.py:1181: RuntimeWarning: logm result may be inaccurate, approximate err = 8.477241610066131e-13
  return f(*arrays, *other_args, **kwargs)
/home/lauter/venvs/cof-landscaper/lib/python3.12/site-packages/scipy/_lib/_util.py:1181: RuntimeWarning: logm result may be inaccurate, approximate err = 8.440047355471003e-13
  return f(*arrays, *other_args, **kwargs)
/home/lauter/venvs/cof-landscaper/lib/python3.12/site-packages/scipy/_lib/_util.py:1181: RuntimeWarning: logm result may be inaccurate, approximate err = 8.399733326706687e-13
  return f(*arrays, *other_args, **kwargs)
/home/lauter/venvs/cof-landscaper/lib/python3.12/site-packages/scipy/_lib/_util.py:1181: RuntimeWarning: logm result may be inaccurate, approximate err = 8.376677033394962e-13
  return f(*arrays, *other_args, **kwargs)
/home/lauter/venvs/cof-landscaper/lib/python3.12/site-packages/scipy/_lib/_util.py:1181: RuntimeWarning: logm result may be inaccurate, approximate err = 8.404113150258938e-13
  return f(*arrays, *other_args, **kwargs)
/home/lauter/venvs/cof-landscaper/lib/python3.12/site-packages/scipy/_lib/_util.py:1181: RuntimeWarning: logm result may be inaccurate, approximate err = 8.450826054506216e-13
  return f(*arrays, *other_args, **kwargs)
/home/lauter/venvs/cof-landscaper/lib/python3.12/site-packages/scipy/_lib/_util.py:1181: RuntimeWarning: logm result may be inaccurate, approximate err = 8.462321426069731e-13
  return f(*arrays, *other_args, **kwargs)
/home/lauter/venvs/cof-landscaper/lib/python3.12/site-packages/scipy/_lib/_util.py:1181: RuntimeWarning: logm result may be inaccurate, approximate err = 7.593777177384678e-13
  return f(*arrays, *other_args, **kwargs)
/home/lauter/venvs/cof-landscaper/lib/python3.12/site-packages/scipy/_lib/_util.py:1181: RuntimeWarning: logm result may be inaccurate, approximate err = 7.527273274117373e-13
  return f(*arrays, *other_args, **kwargs)
/home/lauter/venvs/cof-landscaper/lib/python3.12/site-packages/scipy/_lib/_util.py:1181: RuntimeWarning: logm result may be inaccurate, approximate err = 7.59137702716903e-13
  return f(*arrays, *other_args, **kwargs)
/home/lauter/venvs/cof-landscaper/lib/python3.12/site-packages/scipy/_lib/_util.py:1181: RuntimeWarning: logm result may be inaccurate, approximate err = 7.627494563265869e-13
  return f(*arrays, *other_args, **kwargs)
/home/lauter/venvs/cof-landscaper/lib/python3.12/site-packages/scipy/_lib/_util.py:1181: RuntimeWarning: logm result may be inaccurate, approximate err = 7.697931451322147e-13
  return f(*arrays, *other_args, **kwargs)
/home/lauter/venvs/cof-landscaper/lib/python3.12/site-packages/scipy/_lib/_util.py:1181: RuntimeWarning: logm result may be inaccurate, approximate err = 7.742260964714681e-13
  return f(*arrays, *other_args, **kwargs)
/home/lauter/venvs/cof-landscaper/lib/python3.12/site-packages/scipy/_lib/_util.py:1181: RuntimeWarning: logm result may be inaccurate, approximate err = 7.788111523069904e-13
  return f(*arrays, *other_args, **kwargs)
/home/lauter/venvs/cof-landscaper/lib/python3.12/site-packages/scipy/_lib/_util.py:1181: RuntimeWarning: logm result may be inaccurate, approximate err = 7.922651949718869e-13
  return f(*arrays, *other_args, **kwargs)
/home/lauter/venvs/cof-landscaper/lib/python3.12/site-packages/scipy/_lib/_util.py:1181: RuntimeWarning: logm result may be inaccurate, approximate err = 7.879680872680532e-13
  return f(*arrays, *other_args, **kwargs)
/home/lauter/venvs/cof-landscaper/lib/python3.12/site-packages/scipy/_lib/_util.py:1181: RuntimeWarning: logm result may be inaccurate, approximate err = 7.916252606844236e-13
  return f(*arrays, *other_args, **kwargs)
/home/lauter/venvs/cof-landscaper/lib/python3.12/site-packages/scipy/_lib/_util.py:1181: RuntimeWarning: logm result may be inaccurate, approximate err = 7.888817975916981e-13
  return f(*arrays, *other_args, **kwargs)
/home/lauter/venvs/cof-landscaper/lib/python3.12/site-packages/scipy/_lib/_util.py:1181: RuntimeWarning: logm result may be inaccurate, approximate err = 8.003998807237348e-13
  return f(*arrays, *other_args, **kwargs)
/home/lauter/venvs/cof-landscaper/lib/python3.12/site-packages/scipy/_lib/_util.py:1181: RuntimeWarning: logm result may be inaccurate, approximate err = 8.019510906718126e-13
  return f(*arrays, *other_args, **kwargs)
/home/lauter/venvs/cof-landscaper/lib/python3.12/site-packages/scipy/_lib/_util.py:1181: RuntimeWarning: logm result may be inaccurate, approximate err = 8.102055683509128e-13
  return f(*arrays, *other_args, **kwargs)
/home/lauter/venvs/cof-landscaper/lib/python3.12/site-packages/scipy/_lib/_util.py:1181: RuntimeWarning: logm result may be inaccurate, approximate err = 8.200085109379331e-13
  return f(*arrays, *other_args, **kwargs)
/home/lauter/venvs/cof-landscaper/lib/python3.12/site-packages/scipy/_lib/_util.py:1181: RuntimeWarning: logm result may be inaccurate, approximate err = 8.141536323325401e-13
  return f(*arrays, *other_args, **kwargs)
/home/lauter/venvs/cof-landscaper/lib/python3.12/site-packages/scipy/_lib/_util.py:1181: RuntimeWarning: logm result may be inaccurate, approximate err = 8.178356769737177e-13
  return f(*arrays, *other_args, **kwargs)
/home/lauter/venvs/cof-landscaper/lib/python3.12/site-packages/scipy/_lib/_util.py:1181: RuntimeWarning: logm result may be inaccurate, approximate err = 8.257767716039206e-13
  return f(*arrays, *other_args, **kwargs)
/home/lauter/venvs/cof-landscaper/lib/python3.12/site-packages/scipy/_lib/_util.py:1181: RuntimeWarning: logm result may be inaccurate, approximate err = 8.136719343451622e-13
  return f(*arrays, *other_args, **kwargs)
/home/lauter/venvs/cof-landscaper/lib/python3.12/site-packages/scipy/_lib/_util.py:1181: RuntimeWarning: logm result may be inaccurate, approximate err = 8.135698676881758e-13
  return f(*arrays, *other_args, **kwargs)
/home/lauter/venvs/cof-landscaper/lib/python3.12/site-packages/scipy/_lib/_util.py:1181: RuntimeWarning: logm result may be inaccurate, approximate err = 8.104756653635949e-13
  return f(*arrays, *other_args, **kwargs)
/home/lauter/venvs/cof-landscaper/lib/python3.12/site-packages/scipy/_lib/_util.py:1181: RuntimeWarning: logm result may be inaccurate, approximate err = 8.217327346519452e-13
  return f(*arrays, *other_args, **kwargs)
/home/lauter/venvs/cof-landscaper/lib/python3.12/site-packages/scipy/_lib/_util.py:1181: RuntimeWarning: logm result may be inaccurate, approximate err = 8.116612582946326e-13
  return f(*arrays, *other_args, **kwargs)
/home/lauter/venvs/cof-landscaper/lib/python3.12/site-packages/scipy/_lib/_util.py:1181: RuntimeWarning: logm result may be inaccurate, approximate err = 8.277157203503882e-13
  return f(*arrays, *other_args, **kwargs)
/home/lauter/venvs/cof-landscaper/lib/python3.12/site-packages/scipy/_lib/_util.py:1181: RuntimeWarning: logm result may be inaccurate, approximate err = 8.195710655148918e-13
  return f(*arrays, *other_args, **kwargs)
/home/lauter/venvs/cof-landscaper/lib/python3.12/site-packages/scipy/_lib/_util.py:1181: RuntimeWarning: logm result may be inaccurate, approximate err = 8.218822487488592e-13
  return f(*arrays, *other_args, **kwargs)
/home/lauter/venvs/cof-landscaper/lib/python3.12/site-packages/scipy/_lib/_util.py:1181: RuntimeWarning: logm result may be inaccurate, approximate err = 8.154041654518905e-13
  return f(*arrays, *other_args, **kwargs)
/home/lauter/venvs/cof-landscaper/lib/python3.12/site-packages/scipy/_lib/_util.py:1181: RuntimeWarning: logm result may be inaccurate, approximate err = 8.110869856677995e-13
  return f(*arrays, *other_args, **kwargs)
/home/lauter/venvs/cof-landscaper/lib/python3.12/site-packages/scipy/_lib/_util.py:1181: RuntimeWarning: logm result may be inaccurate, approximate err = 8.1935939930645e-13
  return f(*arrays, *other_args, **kwargs)
/home/lauter/venvs/cof-landscaper/lib/python3.12/site-packages/scipy/_lib/_util.py:1181: RuntimeWarning: logm result may be inaccurate, approximate err = 8.287056844829109e-13
  return f(*arrays, *other_args, **kwargs)
/home/lauter/venvs/cof-landscaper/lib/python3.12/site-packages/scipy/_lib/_util.py:1181: RuntimeWarning: logm result may be inaccurate, approximate err = 8.234594093982889e-13
  return f(*arrays, *other_args, **kwargs)
/home/lauter/venvs/cof-landscaper/lib/python3.12/site-packages/scipy/_lib/_util.py:1181: RuntimeWarning: logm result may be inaccurate, approximate err = 8.14280392892497e-13
  return f(*arrays, *other_args, **kwargs)
/home/lauter/venvs/cof-landscaper/lib/python3.12/site-packages/scipy/_lib/_util.py:1181: RuntimeWarning: logm result may be inaccurate, approximate err = 8.244060479010336e-13
  return f(*arrays, *other_args, **kwargs)
/home/lauter/venvs/cof-landscaper/lib/python3.12/site-packages/scipy/_lib/_util.py:1181: RuntimeWarning: logm result may be inaccurate, approximate err = 8.206736890334186e-13
  return f(*arrays, *other_args, **kwargs)
/home/lauter/venvs/cof-landscaper/lib/python3.12/site-packages/scipy/_lib/_util.py:1181: RuntimeWarning: logm result may be inaccurate, approximate err = 8.232646195031496e-13
  return f(*arrays, *other_args, **kwargs)
/home/lauter/venvs/cof-landscaper/lib/python3.12/site-packages/scipy/_lib/_util.py:1181: RuntimeWarning: logm result may be inaccurate, approximate err = 8.290966480112926e-13
  return f(*arrays, *other_args, **kwargs)
/home/lauter/venvs/cof-landscaper/lib/python3.12/site-packages/scipy/_lib/_util.py:1181: RuntimeWarning: logm result may be inaccurate, approximate err = 8.169750345361964e-13
  return f(*arrays, *other_args, **kwargs)
/home/lauter/venvs/cof-landscaper/lib/python3.12/site-packages/scipy/_lib/_util.py:1181: RuntimeWarning: logm result may be inaccurate, approximate err = 8.213021570166493e-13
  return f(*arrays, *other_args, **kwargs)
/home/lauter/venvs/cof-landscaper/lib/python3.12/site-packages/scipy/_lib/_util.py:1181: RuntimeWarning: logm result may be inaccurate, approximate err = 8.210222564681806e-13
  return f(*arrays, *other_args, **kwargs)
/home/lauter/venvs/cof-landscaper/lib/python3.12/site-packages/scipy/_lib/_util.py:1181: RuntimeWarning: logm result may be inaccurate, approximate err = 8.223675809826371e-13
  return f(*arrays, *other_args, **kwargs)
/home/lauter/venvs/cof-landscaper/lib/python3.12/site-packages/scipy/_lib/_util.py:1181: RuntimeWarning: logm result may be inaccurate, approximate err = 8.19982758505892e-13
  return f(*arrays, *other_args, **kwargs)
/home/lauter/venvs/cof-landscaper/lib/python3.12/site-packages/scipy/_lib/_util.py:1181: RuntimeWarning: logm result may be inaccurate, approximate err = 8.207461206394527e-13
  return f(*arrays, *other_args, **kwargs)
/home/lauter/venvs/cof-landscaper/lib/python3.12/site-packages/scipy/_lib/_util.py:1181: RuntimeWarning: logm result may be inaccurate, approximate err = 8.259652547164378e-13
  return f(*arrays, *other_args, **kwargs)
/home/lauter/venvs/cof-landscaper/lib/python3.12/site-packages/scipy/_lib/_util.py:1181: RuntimeWarning: logm result may be inaccurate, approximate err = 8.229966339900259e-13
  return f(*arrays, *other_args, **kwargs)
/home/lauter/venvs/cof-landscaper/lib/python3.12/site-packages/scipy/_lib/_util.py:1181: RuntimeWarning: logm result may be inaccurate, approximate err = 8.200686870931271e-13
  return f(*arrays, *other_args, **kwargs)
/home/lauter/venvs/cof-landscaper/lib/python3.12/site-packages/scipy/_lib/_util.py:1181: RuntimeWarning: logm result may be inaccurate, approximate err = 8.209384495095684e-13
  return f(*arrays, *other_args, **kwargs)
/home/lauter/venvs/cof-landscaper/lib/python3.12/site-packages/scipy/_lib/_util.py:1181: RuntimeWarning: logm result may be inaccurate, approximate err = 8.207913892017574e-13
  return f(*arrays, *other_args, **kwargs)
/home/lauter/venvs/cof-landscaper/lib/python3.12/site-packages/scipy/_lib/_util.py:1181: RuntimeWarning: logm result may be inaccurate, approximate err = 8.191669387983498e-13
  return f(*arrays, *other_args, **kwargs)
/home/lauter/venvs/cof-landscaper/lib/python3.12/site-packages/scipy/_lib/_util.py:1181: RuntimeWarning: logm result may be inaccurate, approximate err = 8.258399346564352e-13
  return f(*arrays, *other_args, **kwargs)
/home/lauter/venvs/cof-landscaper/lib/python3.12/site-packages/scipy/_lib/_util.py:1181: RuntimeWarning: logm result may be inaccurate, approximate err = 8.206052360348039e-13
  return f(*arrays, *other_args, **kwargs)
/home/lauter/venvs/cof-landscaper/lib/python3.12/site-packages/scipy/_lib/_util.py:1181: RuntimeWarning: logm result may be inaccurate, approximate err = 8.132972466638467e-13
  return f(*arrays, *other_args, **kwargs)
/home/lauter/venvs/cof-landscaper/lib/python3.12/site-packages/scipy/_lib/_util.py:1181: RuntimeWarning: logm result may be inaccurate, approximate err = 8.146729156086312e-13
  return f(*arrays, *other_args, **kwargs)
/home/lauter/venvs/cof-landscaper/lib/python3.12/site-packages/scipy/_lib/_util.py:1181: RuntimeWarning: logm result may be inaccurate, approximate err = 8.217784746607256e-13
  return f(*arrays, *other_args, **kwargs)
/home/lauter/venvs/cof-landscaper/lib/python3.12/site-packages/scipy/_lib/_util.py:1181: RuntimeWarning: logm result may be inaccurate, approximate err = 8.175763811457398e-13
  return f(*arrays, *other_args, **kwargs)
/home/lauter/venvs/cof-landscaper/lib/python3.12/site-packages/scipy/_lib/_util.py:1181: RuntimeWarning: logm result may be inaccurate, approximate err = 8.137415376068705e-13
  return f(*arrays, *other_args, **kwargs)
/home/lauter/venvs/cof-landscaper/lib/python3.12/site-packages/scipy/_lib/_util.py:1181: RuntimeWarning: logm result may be inaccurate, approximate err = 8.23361997048222e-13
  return f(*arrays, *other_args, **kwargs)
/home/lauter/venvs/cof-landscaper/lib/python3.12/site-packages/scipy/_lib/_util.py:1181: RuntimeWarning: logm result may be inaccurate, approximate err = 8.185318518000939e-13
  return f(*arrays, *other_args, **kwargs)
/home/lauter/venvs/cof-landscaper/lib/python3.12/site-packages/scipy/_lib/_util.py:1181: RuntimeWarning: logm result may be inaccurate, approximate err = 8.053294684475237e-13
  return f(*arrays, *other_args, **kwargs)
/home/lauter/venvs/cof-landscaper/lib/python3.12/site-packages/scipy/_lib/_util.py:1181: RuntimeWarning: logm result may be inaccurate, approximate err = 8.118357381862926e-13
  return f(*arrays, *other_args, **kwargs)
/home/lauter/venvs/cof-landscaper/lib/python3.12/site-packages/scipy/_lib/_util.py:1181: RuntimeWarning: logm result may be inaccurate, approximate err = 8.174702017546623e-13
  return f(*arrays, *other_args, **kwargs)
/home/lauter/venvs/cof-landscaper/lib/python3.12/site-packages/scipy/_lib/_util.py:1181: RuntimeWarning: logm result may be inaccurate, approximate err = 8.161809509128395e-13
  return f(*arrays, *other_args, **kwargs)
/home/lauter/venvs/cof-landscaper/lib/python3.12/site-packages/scipy/_lib/_util.py:1181: RuntimeWarning: logm result may be inaccurate, approximate err = 8.204682213080791e-13
  return f(*arrays, *other_args, **kwargs)
/home/lauter/venvs/cof-landscaper/lib/python3.12/site-packages/scipy/_lib/_util.py:1181: RuntimeWarning: logm result may be inaccurate, approximate err = 8.136459153332681e-13
  return f(*arrays, *other_args, **kwargs)
/home/lauter/venvs/cof-landscaper/lib/python3.12/site-packages/scipy/_lib/_util.py:1181: RuntimeWarning: logm result may be inaccurate, approximate err = 8.19392155854686e-13
  return f(*arrays, *other_args, **kwargs)
/home/lauter/venvs/cof-landscaper/lib/python3.12/site-packages/scipy/_lib/_util.py:1181: RuntimeWarning: logm result may be inaccurate, approximate err = 8.20447015466269e-13
  return f(*arrays, *other_args, **kwargs)
/home/lauter/venvs/cof-landscaper/lib/python3.12/site-packages/scipy/_lib/_util.py:1181: RuntimeWarning: logm result may be inaccurate, approximate err = 8.201131669531055e-13
  return f(*arrays, *other_args, **kwargs)
/home/lauter/venvs/cof-landscaper/lib/python3.12/site-packages/scipy/_lib/_util.py:1181: RuntimeWarning: logm result may be inaccurate, approximate err = 8.168687657589038e-13
  return f(*arrays, *other_args, **kwargs)
/home/lauter/venvs/cof-landscaper/lib/python3.12/site-packages/scipy/_lib/_util.py:1181: RuntimeWarning: logm result may be inaccurate, approximate err = 8.165226022968089e-13
  return f(*arrays, *other_args, **kwargs)
/home/lauter/venvs/cof-landscaper/lib/python3.12/site-packages/scipy/_lib/_util.py:1181: RuntimeWarning: logm result may be inaccurate, approximate err = 8.208733619663515e-13
  return f(*arrays, *other_args, **kwargs)
/home/lauter/venvs/cof-landscaper/lib/python3.12/site-packages/scipy/_lib/_util.py:1181: RuntimeWarning: logm result may be inaccurate, approximate err = 8.267683023091574e-13
  return f(*arrays, *other_args, **kwargs)
/home/lauter/venvs/cof-landscaper/lib/python3.12/site-packages/scipy/_lib/_util.py:1181: RuntimeWarning: logm result may be inaccurate, approximate err = 8.146305616229903e-13
  return f(*arrays, *other_args, **kwargs)
/home/lauter/venvs/cof-landscaper/lib/python3.12/site-packages/scipy/_lib/_util.py:1181: RuntimeWarning: logm result may be inaccurate, approximate err = 8.18718357328595e-13
  return f(*arrays, *other_args, **kwargs)
/home/lauter/venvs/cof-landscaper/lib/python3.12/site-packages/scipy/_lib/_util.py:1181: RuntimeWarning: logm result may be inaccurate, approximate err = 8.216077773357034e-13
  return f(*arrays, *other_args, **kwargs)
/home/lauter/venvs/cof-landscaper/lib/python3.12/site-packages/scipy/_lib/_util.py:1181: RuntimeWarning: logm result may be inaccurate, approximate err = 8.162839577769357e-13
  return f(*arrays, *other_args, **kwargs)
/home/lauter/venvs/cof-landscaper/lib/python3.12/site-packages/scipy/_lib/_util.py:1181: RuntimeWarning: logm result may be inaccurate, approximate err = 8.178903384992148e-13
  return f(*arrays, *other_args, **kwargs)
/home/lauter/venvs/cof-landscaper/lib/python3.12/site-packages/scipy/_lib/_util.py:1181: RuntimeWarning: logm result may be inaccurate, approximate err = 8.233305787765715e-13
  return f(*arrays, *other_args, **kwargs)
/home/lauter/venvs/cof-landscaper/lib/python3.12/site-packages/scipy/_lib/_util.py:1181: RuntimeWarning: logm result may be inaccurate, approximate err = 8.166240240948131e-13
  return f(*arrays, *other_args, **kwargs)
/home/lauter/venvs/cof-landscaper/lib/python3.12/site-packages/scipy/_lib/_util.py:1181: RuntimeWarning: logm result may be inaccurate, approximate err = 8.177851102696576e-13
  return f(*arrays, *other_args, **kwargs)
/home/lauter/venvs/cof-landscaper/lib/python3.12/site-packages/scipy/_lib/_util.py:1181: RuntimeWarning: logm result may be inaccurate, approximate err = 8.201734150876412e-13
  return f(*arrays, *other_args, **kwargs)
/home/lauter/venvs/cof-landscaper/lib/python3.12/site-packages/scipy/_lib/_util.py:1181: RuntimeWarning: logm result may be inaccurate, approximate err = 8.184550746259573e-13
  return f(*arrays, *other_args, **kwargs)
/home/lauter/venvs/cof-landscaper/lib/python3.12/site-packages/scipy/_lib/_util.py:1181: RuntimeWarning: logm result may be inaccurate, approximate err = 8.23610362737174e-13
  return f(*arrays, *other_args, **kwargs)
/home/lauter/venvs/cof-landscaper/lib/python3.12/site-packages/scipy/_lib/_util.py:1181: RuntimeWarning: logm result may be inaccurate, approximate err = 8.257004770036637e-13
  return f(*arrays, *other_args, **kwargs)
/home/lauter/venvs/cof-landscaper/lib/python3.12/site-packages/scipy/_lib/_util.py:1181: RuntimeWarning: logm result may be inaccurate, approximate err = 8.222953005388258e-13
  return f(*arrays, *other_args, **kwargs)
/home/lauter/venvs/cof-landscaper/lib/python3.12/site-packages/scipy/_lib/_util.py:1181: RuntimeWarning: logm result may be inaccurate, approximate err = 8.179239276060269e-13
  return f(*arrays, *other_args, **kwargs)
/home/lauter/venvs/cof-landscaper/lib/python3.12/site-packages/scipy/_lib/_util.py:1181: RuntimeWarning: logm result may be inaccurate, approximate err = 8.209884895559993e-13
  return f(*arrays, *other_args, **kwargs)
/home/lauter/venvs/cof-landscaper/lib/python3.12/site-packages/scipy/_lib/_util.py:1181: RuntimeWarning: logm result may be inaccurate, approximate err = 8.149282035700627e-13
  return f(*arrays, *other_args, **kwargs)
/home/lauter/venvs/cof-landscaper/lib/python3.12/site-packages/scipy/_lib/_util.py:1181: RuntimeWarning: logm result may be inaccurate, approximate err = 8.250753955031093e-13
  return f(*arrays, *other_args, **kwargs)
/home/lauter/venvs/cof-landscaper/lib/python3.12/site-packages/scipy/_lib/_util.py:1181: RuntimeWarning: logm result may be inaccurate, approximate err = 8.264940127847851e-13
  return f(*arrays, *other_args, **kwargs)
/home/lauter/venvs/cof-landscaper/lib/python3.12/site-packages/scipy/_lib/_util.py:1181: RuntimeWarning: logm result may be inaccurate, approximate err = 8.22001943429946e-13
  return f(*arrays, *other_args, **kwargs)
/home/lauter/venvs/cof-landscaper/lib/python3.12/site-packages/scipy/_lib/_util.py:1181: RuntimeWarning: logm result may be inaccurate, approximate err = 8.219353230628503e-13
  return f(*arrays, *other_args, **kwargs)
/home/lauter/venvs/cof-landscaper/lib/python3.12/site-packages/scipy/_lib/_util.py:1181: RuntimeWarning: logm result may be inaccurate, approximate err = 8.287878304714153e-13
  return f(*arrays, *other_args, **kwargs)
/home/lauter/venvs/cof-landscaper/lib/python3.12/site-packages/scipy/_lib/_util.py:1181: RuntimeWarning: logm result may be inaccurate, approximate err = 8.323992067995004e-13
  return f(*arrays, *other_args, **kwargs)
/home/lauter/venvs/cof-landscaper/lib/python3.12/site-packages/scipy/_lib/_util.py:1181: RuntimeWarning: logm result may be inaccurate, approximate err = 8.255314924725012e-13
  return f(*arrays, *other_args, **kwargs)
/home/lauter/venvs/cof-landscaper/lib/python3.12/site-packages/scipy/_lib/_util.py:1181: RuntimeWarning: logm result may be inaccurate, approximate err = 8.148655309903786e-13
  return f(*arrays, *other_args, **kwargs)
/home/lauter/venvs/cof-landscaper/lib/python3.12/site-packages/scipy/_lib/_util.py:1181: RuntimeWarning: logm result may be inaccurate, approximate err = 8.170080473402876e-13
  return f(*arrays, *other_args, **kwargs)
/home/lauter/venvs/cof-landscaper/lib/python3.12/site-packages/scipy/_lib/_util.py:1181: RuntimeWarning: logm result may be inaccurate, approximate err = 8.205283778912086e-13
  return f(*arrays, *other_args, **kwargs)
/home/lauter/venvs/cof-landscaper/lib/python3.12/site-packages/scipy/_lib/_util.py:1181: RuntimeWarning: logm result may be inaccurate, approximate err = 8.210709077985884e-13
  return f(*arrays, *other_args, **kwargs)
/home/lauter/venvs/cof-landscaper/lib/python3.12/site-packages/scipy/_lib/_util.py:1181: RuntimeWarning: logm result may be inaccurate, approximate err = 8.194863193349024e-13
  return f(*arrays, *other_args, **kwargs)
/home/lauter/venvs/cof-landscaper/lib/python3.12/site-packages/scipy/_lib/_util.py:1181: RuntimeWarning: logm result may be inaccurate, approximate err = 8.136773779208463e-13
  return f(*arrays, *other_args, **kwargs)
/home/lauter/venvs/cof-landscaper/lib/python3.12/site-packages/scipy/_lib/_util.py:1181: RuntimeWarning: logm result may be inaccurate, approximate err = 8.200365454983647e-13
  return f(*arrays, *other_args, **kwargs)
/home/lauter/venvs/cof-landscaper/lib/python3.12/site-packages/scipy/_lib/_util.py:1181: RuntimeWarning: logm result may be inaccurate, approximate err = 8.201336488940792e-13
  return f(*arrays, *other_args, **kwargs)
/home/lauter/venvs/cof-landscaper/lib/python3.12/site-packages/scipy/_lib/_util.py:1181: RuntimeWarning: logm result may be inaccurate, approximate err = 8.274137560909302e-13
  return f(*arrays, *other_args, **kwargs)
/home/lauter/venvs/cof-landscaper/lib/python3.12/site-packages/scipy/_lib/_util.py:1181: RuntimeWarning: logm result may be inaccurate, approximate err = 8.244272496046621e-13
  return f(*arrays, *other_args, **kwargs)
/home/lauter/venvs/cof-landscaper/lib/python3.12/site-packages/scipy/_lib/_util.py:1181: RuntimeWarning: logm result may be inaccurate, approximate err = 8.21538778295742e-13
  return f(*arrays, *other_args, **kwargs)
/home/lauter/venvs/cof-landscaper/lib/python3.12/site-packages/scipy/_lib/_util.py:1181: RuntimeWarning: logm result may be inaccurate, approximate err = 8.228928807873153e-13
  return f(*arrays, *other_args, **kwargs)
/home/lauter/venvs/cof-landscaper/lib/python3.12/site-packages/scipy/_lib/_util.py:1181: RuntimeWarning: logm result may be inaccurate, approximate err = 8.216524178559064e-13
  return f(*arrays, *other_args, **kwargs)
/home/lauter/venvs/cof-landscaper/lib/python3.12/site-packages/scipy/_lib/_util.py:1181: RuntimeWarning: logm result may be inaccurate, approximate err = 8.250277956325513e-13
  return f(*arrays, *other_args, **kwargs)
/home/lauter/venvs/cof-landscaper/lib/python3.12/site-packages/scipy/_lib/_util.py:1181: RuntimeWarning: logm result may be inaccurate, approximate err = 8.309158848020336e-13
  return f(*arrays, *other_args, **kwargs)
/home/lauter/venvs/cof-landscaper/lib/python3.12/site-packages/scipy/_lib/_util.py:1181: RuntimeWarning: logm result may be inaccurate, approximate err = 8.286686758023316e-13
  return f(*arrays, *other_args, **kwargs)
/home/lauter/venvs/cof-landscaper/lib/python3.12/site-packages/scipy/_lib/_util.py:1181: RuntimeWarning: logm result may be inaccurate, approximate err = 8.228825676402524e-13
  return f(*arrays, *other_args, **kwargs)
/home/lauter/venvs/cof-landscaper/lib/python3.12/site-packages/scipy/_lib/_util.py:1181: RuntimeWarning: logm result may be inaccurate, approximate err = 8.277770174281681e-13
  return f(*arrays, *other_args, **kwargs)
/home/lauter/venvs/cof-landscaper/lib/python3.12/site-packages/scipy/_lib/_util.py:1181: RuntimeWarning: logm result may be inaccurate, approximate err = 8.255413041648263e-13
  return f(*arrays, *other_args, **kwargs)
/home/lauter/venvs/cof-landscaper/lib/python3.12/site-packages/scipy/_lib/_util.py:1181: RuntimeWarning: logm result may be inaccurate, approximate err = 8.281548891947694e-13
  return f(*arrays, *other_args, **kwargs)
/home/lauter/venvs/cof-landscaper/lib/python3.12/site-packages/scipy/_lib/_util.py:1181: RuntimeWarning: logm result may be inaccurate, approximate err = 8.247588954364884e-13
  return f(*arrays, *other_args, **kwargs)
/home/lauter/venvs/cof-landscaper/lib/python3.12/site-packages/scipy/_lib/_util.py:1181: RuntimeWarning: logm result may be inaccurate, approximate err = 8.189429562690025e-13
  return f(*arrays, *other_args, **kwargs)
/home/lauter/venvs/cof-landscaper/lib/python3.12/site-packages/scipy/_lib/_util.py:1181: RuntimeWarning: logm result may be inaccurate, approximate err = 8.238960961580317e-13
  return f(*arrays, *other_args, **kwargs)
/home/lauter/venvs/cof-landscaper/lib/python3.12/site-packages/scipy/_lib/_util.py:1181: RuntimeWarning: logm result may be inaccurate, approximate err = 8.221736668732917e-13
  return f(*arrays, *other_args, **kwargs)
/home/lauter/venvs/cof-landscaper/lib/python3.12/site-packages/scipy/_lib/_util.py:1181: RuntimeWarning: logm result may be inaccurate, approximate err = 8.220703681309353e-13
  return f(*arrays, *other_args, **kwargs)
/home/lauter/venvs/cof-landscaper/lib/python3.12/site-packages/scipy/_lib/_util.py:1181: RuntimeWarning: logm result may be inaccurate, approximate err = 8.209093549160827e-13
  return f(*arrays, *other_args, **kwargs)
/home/lauter/venvs/cof-landscaper/lib/python3.12/site-packages/scipy/_lib/_util.py:1181: RuntimeWarning: logm result may be inaccurate, approximate err = 8.244439155579703e-13
  return f(*arrays, *other_args, **kwargs)
/home/lauter/venvs/cof-landscaper/lib/python3.12/site-packages/scipy/_lib/_util.py:1181: RuntimeWarning: logm result may be inaccurate, approximate err = 8.246922896535913e-13
  return f(*arrays, *other_args, **kwargs)
/home/lauter/venvs/cof-landscaper/lib/python3.12/site-packages/scipy/_lib/_util.py:1181: RuntimeWarning: logm result may be inaccurate, approximate err = 8.269380042726688e-13
  return f(*arrays, *other_args, **kwargs)
/home/lauter/venvs/cof-landscaper/lib/python3.12/site-packages/scipy/_lib/_util.py:1181: RuntimeWarning: logm result may be inaccurate, approximate err = 8.260896566787085e-13
  return f(*arrays, *other_args, **kwargs)
/home/lauter/venvs/cof-landscaper/lib/python3.12/site-packages/scipy/_lib/_util.py:1181: RuntimeWarning: logm result may be inaccurate, approximate err = 8.290581382370491e-13
  return f(*arrays, *other_args, **kwargs)
/home/lauter/venvs/cof-landscaper/lib/python3.12/site-packages/scipy/_lib/_util.py:1181: RuntimeWarning: logm result may be inaccurate, approximate err = 8.29452359617897e-13
  return f(*arrays, *other_args, **kwargs)
/home/lauter/venvs/cof-landscaper/lib/python3.12/site-packages/scipy/_lib/_util.py:1181: RuntimeWarning: logm result may be inaccurate, approximate err = 8.247555623151772e-13
  return f(*arrays, *other_args, **kwargs)
/home/lauter/venvs/cof-landscaper/lib/python3.12/site-packages/scipy/_lib/_util.py:1181: RuntimeWarning: logm result may be inaccurate, approximate err = 8.227773284570193e-13
  return f(*arrays, *other_args, **kwargs)
/home/lauter/venvs/cof-landscaper/lib/python3.12/site-packages/scipy/_lib/_util.py:1181: RuntimeWarning: logm result may be inaccurate, approximate err = 8.263214003190212e-13
  return f(*arrays, *other_args, **kwargs)
/home/lauter/venvs/cof-landscaper/lib/python3.12/site-packages/scipy/_lib/_util.py:1181: RuntimeWarning: logm result may be inaccurate, approximate err = 8.234335054194969e-13
  return f(*arrays, *other_args, **kwargs)
/home/lauter/venvs/cof-landscaper/lib/python3.12/site-packages/scipy/_lib/_util.py:1181: RuntimeWarning: logm result may be inaccurate, approximate err = 8.284863706426496e-13
  return f(*arrays, *other_args, **kwargs)
/home/lauter/venvs/cof-landscaper/lib/python3.12/site-packages/scipy/_lib/_util.py:1181: RuntimeWarning: logm result may be inaccurate, approximate err = 8.342804072265528e-13
  return f(*arrays, *other_args, **kwargs)
/home/lauter/venvs/cof-landscaper/lib/python3.12/site-packages/scipy/_lib/_util.py:1181: RuntimeWarning: logm result may be inaccurate, approximate err = 8.279265809193888e-13
  return f(*arrays, *other_args, **kwargs)
/home/lauter/venvs/cof-landscaper/lib/python3.12/site-packages/scipy/_lib/_util.py:1181: RuntimeWarning: logm result may be inaccurate, approximate err = 8.186244495827577e-13
  return f(*arrays, *other_args, **kwargs)
/home/lauter/venvs/cof-landscaper/lib/python3.12/site-packages/scipy/_lib/_util.py:1181: RuntimeWarning: logm result may be inaccurate, approximate err = 8.278244130105145e-13
  return f(*arrays, *other_args, **kwargs)
/home/lauter/venvs/cof-landscaper/lib/python3.12/site-packages/scipy/_lib/_util.py:1181: RuntimeWarning: logm result may be inaccurate, approximate err = 8.203859701292159e-13
  return f(*arrays, *other_args, **kwargs)
/home/lauter/venvs/cof-landscaper/lib/python3.12/site-packages/scipy/_lib/_util.py:1181: RuntimeWarning: logm result may be inaccurate, approximate err = 8.265279172249876e-13
  return f(*arrays, *other_args, **kwargs)
/home/lauter/venvs/cof-landscaper/lib/python3.12/site-packages/scipy/_lib/_util.py:1181: RuntimeWarning: logm result may be inaccurate, approximate err = 8.274049248327783e-13
  return f(*arrays, *other_args, **kwargs)
/home/lauter/venvs/cof-landscaper/lib/python3.12/site-packages/scipy/_lib/_util.py:1181: RuntimeWarning: logm result may be inaccurate, approximate err = 8.254980922505832e-13
  return f(*arrays, *other_args, **kwargs)
/home/lauter/venvs/cof-landscaper/lib/python3.12/site-packages/scipy/_lib/_util.py:1181: RuntimeWarning: logm result may be inaccurate, approximate err = 8.252375974858445e-13
  return f(*arrays, *other_args, **kwargs)
/home/lauter/venvs/cof-landscaper/lib/python3.12/site-packages/scipy/_lib/_util.py:1181: RuntimeWarning: logm result may be inaccurate, approximate err = 8.319792604631044e-13
  return f(*arrays, *other_args, **kwargs)
/home/lauter/venvs/cof-landscaper/lib/python3.12/site-packages/scipy/_lib/_util.py:1181: RuntimeWarning: logm result may be inaccurate, approximate err = 8.200158247463679e-13
  return f(*arrays, *other_args, **kwargs)
/home/lauter/venvs/cof-landscaper/lib/python3.12/site-packages/scipy/_lib/_util.py:1181: RuntimeWarning: logm result may be inaccurate, approximate err = 8.290326740053387e-13
  return f(*arrays, *other_args, **kwargs)
/home/lauter/venvs/cof-landscaper/lib/python3.12/site-packages/scipy/_lib/_util.py:1181: RuntimeWarning: logm result may be inaccurate, approximate err = 8.262031151744068e-13
  return f(*arrays, *other_args, **kwargs)
/home/lauter/venvs/cof-landscaper/lib/python3.12/site-packages/scipy/_lib/_util.py:1181: RuntimeWarning: logm result may be inaccurate, approximate err = 8.275927134569255e-13
  return f(*arrays, *other_args, **kwargs)
/home/lauter/venvs/cof-landscaper/lib/python3.12/site-packages/scipy/_lib/_util.py:1181: RuntimeWarning: logm result may be inaccurate, approximate err = 8.268862106810824e-13
  return f(*arrays, *other_args, **kwargs)
/home/lauter/venvs/cof-landscaper/lib/python3.12/site-packages/scipy/_lib/_util.py:1181: RuntimeWarning: logm result may be inaccurate, approximate err = 8.282100178151166e-13
  return f(*arrays, *other_args, **kwargs)
/home/lauter/venvs/cof-landscaper/lib/python3.12/site-packages/scipy/_lib/_util.py:1181: RuntimeWarning: logm result may be inaccurate, approximate err = 8.313499430806536e-13
  return f(*arrays, *other_args, **kwargs)
/home/lauter/venvs/cof-landscaper/lib/python3.12/site-packages/scipy/_lib/_util.py:1181: RuntimeWarning: logm result may be inaccurate, approximate err = 8.333425884327125e-13
  return f(*arrays, *other_args, **kwargs)
/home/lauter/venvs/cof-landscaper/lib/python3.12/site-packages/scipy/_lib/_util.py:1181: RuntimeWarning: logm result may be inaccurate, approximate err = 8.313484672211561e-13
  return f(*arrays, *other_args, **kwargs)
/home/lauter/venvs/cof-landscaper/lib/python3.12/site-packages/scipy/_lib/_util.py:1181: RuntimeWarning: logm result may be inaccurate, approximate err = 8.314672166490427e-13
  return f(*arrays, *other_args, **kwargs)
/home/lauter/venvs/cof-landscaper/lib/python3.12/site-packages/scipy/_lib/_util.py:1181: RuntimeWarning: logm result may be inaccurate, approximate err = 8.43146051238876e-13
  return f(*arrays, *other_args, **kwargs)
/home/lauter/venvs/cof-landscaper/lib/python3.12/site-packages/scipy/_lib/_util.py:1181: RuntimeWarning: logm result may be inaccurate, approximate err = 8.273836001180002e-13
  return f(*arrays, *other_args, **kwargs)
/home/lauter/venvs/cof-landscaper/lib/python3.12/site-packages/scipy/_lib/_util.py:1181: RuntimeWarning: logm result may be inaccurate, approximate err = 8.358325878532552e-13
  return f(*arrays, *other_args, **kwargs)
/home/lauter/venvs/cof-landscaper/lib/python3.12/site-packages/scipy/_lib/_util.py:1181: RuntimeWarning: logm result may be inaccurate, approximate err = 8.347775351623182e-13
  return f(*arrays, *other_args, **kwargs)
/home/lauter/venvs/cof-landscaper/lib/python3.12/site-packages/scipy/_lib/_util.py:1181: RuntimeWarning: logm result may be inaccurate, approximate err = 8.301066450193415e-13
  return f(*arrays, *other_args, **kwargs)
/home/lauter/venvs/cof-landscaper/lib/python3.12/site-packages/scipy/_lib/_util.py:1181: RuntimeWarning: logm result may be inaccurate, approximate err = 8.290196219173136e-13
  return f(*arrays, *other_args, **kwargs)
/home/lauter/venvs/cof-landscaper/lib/python3.12/site-packages/scipy/_lib/_util.py:1181: RuntimeWarning: logm result may be inaccurate, approximate err = 8.339409676414607e-13
  return f(*arrays, *other_args, **kwargs)
/home/lauter/venvs/cof-landscaper/lib/python3.12/site-packages/scipy/_lib/_util.py:1181: RuntimeWarning: logm result may be inaccurate, approximate err = 8.283307205316141e-13
  return f(*arrays, *other_args, **kwargs)
/home/lauter/venvs/cof-landscaper/lib/python3.12/site-packages/scipy/_lib/_util.py:1181: RuntimeWarning: logm result may be inaccurate, approximate err = 8.250541893326008e-13
  return f(*arrays, *other_args, **kwargs)
/home/lauter/venvs/cof-landscaper/lib/python3.12/site-packages/scipy/_lib/_util.py:1181: RuntimeWarning: logm result may be inaccurate, approximate err = 8.235194107661448e-13
  return f(*arrays, *other_args, **kwargs)
/home/lauter/venvs/cof-landscaper/lib/python3.12/site-packages/scipy/_lib/_util.py:1181: RuntimeWarning: logm result may be inaccurate, approximate err = 8.371062271397783e-13
  return f(*arrays, *other_args, **kwargs)
/home/lauter/venvs/cof-landscaper/lib/python3.12/site-packages/scipy/_lib/_util.py:1181: RuntimeWarning: logm result may be inaccurate, approximate err = 8.301945289626621e-13
  return f(*arrays, *other_args, **kwargs)
/home/lauter/venvs/cof-landscaper/lib/python3.12/site-packages/scipy/_lib/_util.py:1181: RuntimeWarning: logm result may be inaccurate, approximate err = 8.34907169609978e-13
  return f(*arrays, *other_args, **kwargs)
/home/lauter/venvs/cof-landscaper/lib/python3.12/site-packages/scipy/_lib/_util.py:1181: RuntimeWarning: logm result may be inaccurate, approximate err = 8.294076342486923e-13
  return f(*arrays, *other_args, **kwargs)
/home/lauter/venvs/cof-landscaper/lib/python3.12/site-packages/scipy/_lib/_util.py:1181: RuntimeWarning: logm result may be inaccurate, approximate err = 8.320753976507111e-13
  return f(*arrays, *other_args, **kwargs)
/home/lauter/venvs/cof-landscaper/lib/python3.12/site-packages/scipy/_lib/_util.py:1181: RuntimeWarning: logm result may be inaccurate, approximate err = 8.331808773483938e-13
  return f(*arrays, *other_args, **kwargs)
/home/lauter/venvs/cof-landscaper/lib/python3.12/site-packages/scipy/_lib/_util.py:1181: RuntimeWarning: logm result may be inaccurate, approximate err = 8.361649922347985e-13
  return f(*arrays, *other_args, **kwargs)
/home/lauter/venvs/cof-landscaper/lib/python3.12/site-packages/scipy/_lib/_util.py:1181: RuntimeWarning: logm result may be inaccurate, approximate err = 8.347436388593195e-13
  return f(*arrays, *other_args, **kwargs)
/home/lauter/venvs/cof-landscaper/lib/python3.12/site-packages/scipy/_lib/_util.py:1181: RuntimeWarning: logm result may be inaccurate, approximate err = 8.316392736648559e-13
  return f(*arrays, *other_args, **kwargs)
/home/lauter/venvs/cof-landscaper/lib/python3.12/site-packages/scipy/_lib/_util.py:1181: RuntimeWarning: logm result may be inaccurate, approximate err = 8.334437791251889e-13
  return f(*arrays, *other_args, **kwargs)
/home/lauter/venvs/cof-landscaper/lib/python3.12/site-packages/scipy/_lib/_util.py:1181: RuntimeWarning: logm result may be inaccurate, approximate err = 8.355539314630859e-13
  return f(*arrays, *other_args, **kwargs)
/home/lauter/venvs/cof-landscaper/lib/python3.12/site-packages/scipy/_lib/_util.py:1181: RuntimeWarning: logm result may be inaccurate, approximate err = 8.406907366104339e-13
  return f(*arrays, *other_args, **kwargs)
/home/lauter/venvs/cof-landscaper/lib/python3.12/site-packages/scipy/_lib/_util.py:1181: RuntimeWarning: logm result may be inaccurate, approximate err = 8.305144272593518e-13
  return f(*arrays, *other_args, **kwargs)
/home/lauter/venvs/cof-landscaper/lib/python3.12/site-packages/scipy/_lib/_util.py:1181: RuntimeWarning: logm result may be inaccurate, approximate err = 8.382116987500941e-13
  return f(*arrays, *other_args, **kwargs)
/home/lauter/venvs/cof-landscaper/lib/python3.12/site-packages/scipy/_lib/_util.py:1181: RuntimeWarning: logm result may be inaccurate, approximate err = 8.377540099297232e-13
  return f(*arrays, *other_args, **kwargs)
/home/lauter/venvs/cof-landscaper/lib/python3.12/site-packages/scipy/_lib/_util.py:1181: RuntimeWarning: logm result may be inaccurate, approximate err = 8.377212081381761e-13
  return f(*arrays, *other_args, **kwargs)
/home/lauter/venvs/cof-landscaper/lib/python3.12/site-packages/scipy/_lib/_util.py:1181: RuntimeWarning: logm result may be inaccurate, approximate err = 8.292944358852511e-13
  return f(*arrays, *other_args, **kwargs)
/home/lauter/venvs/cof-landscaper/lib/python3.12/site-packages/scipy/_lib/_util.py:1181: RuntimeWarning: logm result may be inaccurate, approximate err = 8.334262318622445e-13
  return f(*arrays, *other_args, **kwargs)
/home/lauter/venvs/cof-landscaper/lib/python3.12/site-packages/scipy/_lib/_util.py:1181: RuntimeWarning: logm result may be inaccurate, approximate err = 8.387853590162693e-13
  return f(*arrays, *other_args, **kwargs)
/home/lauter/venvs/cof-landscaper/lib/python3.12/site-packages/scipy/_lib/_util.py:1181: RuntimeWarning: logm result may be inaccurate, approximate err = 8.391197410149174e-13
  return f(*arrays, *other_args, **kwargs)
/home/lauter/venvs/cof-landscaper/lib/python3.12/site-packages/scipy/_lib/_util.py:1181: RuntimeWarning: logm result may be inaccurate, approximate err = 8.408071737185235e-13
  return f(*arrays, *other_args, **kwargs)
/home/lauter/venvs/cof-landscaper/lib/python3.12/site-packages/scipy/_lib/_util.py:1181: RuntimeWarning: logm result may be inaccurate, approximate err = 8.471890453128396e-13
  return f(*arrays, *other_args, **kwargs)
/home/lauter/venvs/cof-landscaper/lib/python3.12/site-packages/scipy/_lib/_util.py:1181: RuntimeWarning: logm result may be inaccurate, approximate err = 8.444232255390819e-13
  return f(*arrays, *other_args, **kwargs)
/home/lauter/venvs/cof-landscaper/lib/python3.12/site-packages/scipy/_lib/_util.py:1181: RuntimeWarning: logm result may be inaccurate, approximate err = 8.39968819241222e-13
  return f(*arrays, *other_args, **kwargs)
/home/lauter/venvs/cof-landscaper/lib/python3.12/site-packages/scipy/_lib/_util.py:1181: RuntimeWarning: logm result may be inaccurate, approximate err = 8.396174791138341e-13
  return f(*arrays, *other_args, **kwargs)
/home/lauter/venvs/cof-landscaper/lib/python3.12/site-packages/scipy/_lib/_util.py:1181: RuntimeWarning: logm result may be inaccurate, approximate err = 8.387132064063246e-13
  return f(*arrays, *other_args, **kwargs)
/home/lauter/venvs/cof-landscaper/lib/python3.12/site-packages/scipy/_lib/_util.py:1181: RuntimeWarning: logm result may be inaccurate, approximate err = 8.363683267380893e-13
  return f(*arrays, *other_args, **kwargs)
/home/lauter/venvs/cof-landscaper/lib/python3.12/site-packages/scipy/_lib/_util.py:1181: RuntimeWarning: logm result may be inaccurate, approximate err = 8.417060580368757e-13
  return f(*arrays, *other_args, **kwargs)
/home/lauter/venvs/cof-landscaper/lib/python3.12/site-packages/scipy/_lib/_util.py:1181: RuntimeWarning: logm result may be inaccurate, approximate err = 8.384274248554927e-13
  return f(*arrays, *other_args, **kwargs)
/home/lauter/venvs/cof-landscaper/lib/python3.12/site-packages/scipy/_lib/_util.py:1181: RuntimeWarning: logm result may be inaccurate, approximate err = 8.450613177843849e-13
  return f(*arrays, *other_args, **kwargs)
/home/lauter/venvs/cof-landscaper/lib/python3.12/site-packages/scipy/_lib/_util.py:1181: RuntimeWarning: logm result may be inaccurate, approximate err = 8.419506191525313e-13
  return f(*arrays, *other_args, **kwargs)
/home/lauter/venvs/cof-landscaper/lib/python3.12/site-packages/scipy/_lib/_util.py:1181: RuntimeWarning: logm result may be inaccurate, approximate err = 8.412550912821712e-13
  return f(*arrays, *other_args, **kwargs)
/home/lauter/venvs/cof-landscaper/lib/python3.12/site-packages/scipy/_lib/_util.py:1181: RuntimeWarning: logm result may be inaccurate, approximate err = 8.43982423731682e-13
  return f(*arrays, *other_args, **kwargs)
cuequivariance or cuequivariance_torch is not available. Cuequivariance acceleration will be disabled.
[single-point] 25/143 done | ok=25 | failed=0
[single-point] 50/143 done | ok=50 | failed=0
[single-point] 75/143 done | ok=75 | failed=0
[single-point] 100/143 done | ok=100 | failed=0
[single-point] 125/143 done | ok=125 | failed=0
[single-point] 143/143 done | ok=143 | failed=0
Saved: PBI-COF/3_PBI-COF_landscape/pes_PBI-COF_incl.png

Selected ILD/ILS pairs (Inclined):
 ILD (Å)  ILS (Å)
     3.3      2.0
     3.3     11.6
       Step     Time          Energy          fmax
LBFGS:    0 11:16:59   -55545.277408        1.016750
LBFGS:    1 11:16:59   -55545.310248        1.004579
LBFGS:    2 11:16:59   -55545.430970        0.949809
LBFGS:    3 11:16:59   -55545.679454        1.110676
LBFGS:    4 11:16:59   -55545.900769        1.336249
LBFGS:    5 11:16:59   -55546.123792        1.247489
LBFGS:    6 11:16:59   -55546.353270        1.185874
LBFGS:    7 11:16:59   -55546.582084        1.046745
LBFGS:    8 11:16:59   -55546.803572        0.884840
LBFGS:    9 11:16:59   -55547.010428        0.715404
LBFGS:   10 11:16:59   -55547.197085        0.673628
LBFGS:   11 11:16:59   -55547.359524        0.620387
LBFGS:   12 11:16:59   -55547.495387        0.535959
LBFGS:   13 11:16:59   -55547.604167        0.428092
LBFGS:   14 11:16:59   -55547.686927        0.337611
LBFGS:   15 11:17:00   -55547.748059        0.360977
LBFGS:   16 11:17:00   -55547.786790        0.347243
LBFGS:   17 11:17:00   -55547.834637        0.251158
LBFGS:   18 11:17:00   -55547.861212        0.188932
LBFGS:   19 11:17:00   -55547.871709        0.179856
LBFGS:   20 11:17:00   -55547.880913        0.130846
LBFGS:   21 11:17:00   -55547.890253        0.113632
LBFGS:   22 11:17:00   -55547.895921        0.086852
LBFGS:   23 11:17:00   -55547.898122        0.069722
LBFGS:   24 11:17:00   -55547.899830        0.067959
LBFGS:   25 11:17:00   -55547.902197        0.068244
LBFGS:   26 11:17:00   -55547.904824        0.082866
LBFGS:   27 11:17:00   -55547.907143        0.096043
LBFGS:   28 11:17:00   -55547.909883        0.076648
LBFGS:   29 11:17:00   -55547.912855        0.080349
LBFGS:   30 11:17:00   -55547.915824        0.089728
LBFGS:   31 11:17:00   -55547.918918        0.092013
LBFGS:   32 11:17:00   -55547.922988        0.088235
LBFGS:   33 11:17:00   -55547.927929        0.082281
LBFGS:   34 11:17:00   -55547.932170        0.102275
LBFGS:   35 11:17:00   -55547.935075        0.085179
LBFGS:   36 11:17:00   -55547.937491        0.083220
LBFGS:   37 11:17:00   -55547.940389        0.080553
LBFGS:   38 11:17:00   -55547.943789        0.092732
LBFGS:   39 11:17:00   -55547.947448        0.100324
LBFGS:   40 11:17:00   -55547.951638        0.106726
LBFGS:   41 11:17:00   -55547.956500        0.094888
LBFGS:   42 11:17:00   -55547.961399        0.107003
LBFGS:   43 11:17:00   -55547.965480        0.105224
LBFGS:   44 11:17:01   -55547.968711        0.090202
LBFGS:   45 11:17:01   -55547.971568        0.064372
LBFGS:   46 11:17:01   -55547.973909        0.078247
LBFGS:   47 11:17:01   -55547.975504        0.054383
LBFGS:   48 11:17:01   -55547.976705        0.052404
LBFGS:   49 11:17:01   -55547.978024        0.049854
LBFGS:   50 11:17:01   -55547.979613        0.053050
LBFGS:   51 11:17:01   -55547.981253        0.058609
LBFGS:   52 11:17:01   -55547.982629        0.054835
LBFGS:   53 11:17:01   -55547.983844        0.055037
LBFGS:   54 11:17:01   -55547.985084        0.048984
LBFGS:   55 11:17:01   -55547.986192        0.040302
LBFGS:   56 11:17:01   -55547.986985        0.044302
LBFGS:   57 11:17:01   -55547.987546        0.041485
LBFGS:   58 11:17:01   -55547.988038        0.029924
LBFGS:   59 11:17:01   -55547.988526        0.033602
LBFGS:   60 11:17:01   -55547.988989        0.030751
LBFGS:   61 11:17:01   -55547.989404        0.034095
LBFGS:   62 11:17:01   -55547.989774        0.035153
LBFGS:   63 11:17:01   -55547.990059        0.023655
LBFGS:   64 11:17:01   -55547.990251        0.023252
LBFGS:   65 11:17:01   -55547.990377        0.013190
LBFGS:   66 11:17:01   -55547.990468        0.015015
LBFGS:   67 11:17:01   -55547.990545        0.013060
LBFGS:   68 11:17:01   -55547.990626        0.012758
LBFGS:   69 11:17:01   -55547.990717        0.012661
LBFGS:   70 11:17:01   -55547.990812        0.012546
LBFGS:   71 11:17:01   -55547.990902        0.015020
LBFGS:   72 11:17:02   -55547.990992        0.015831
LBFGS:   73 11:17:02   -55547.991094        0.014877
LBFGS:   74 11:17:02   -55547.991206        0.016231
LBFGS:   75 11:17:02   -55547.991311        0.016018
LBFGS:   76 11:17:02   -55547.991405        0.015527
LBFGS:   77 11:17:02   -55547.991498        0.014786
LBFGS:   78 11:17:02   -55547.991591        0.013939
LBFGS:   79 11:17:02   -55547.991685        0.012068
LBFGS:   80 11:17:02   -55547.991779        0.015136
LBFGS:   81 11:17:02   -55547.991882        0.016377
LBFGS:   82 11:17:02   -55547.991997        0.014597
LBFGS:   83 11:17:02   -55547.992115        0.014124
LBFGS:   84 11:17:02   -55547.992227        0.015381
LBFGS:   85 11:17:02   -55547.992332        0.017286
LBFGS:   86 11:17:02   -55547.992452        0.020860
LBFGS:   87 11:17:02   -55547.992591        0.025625
LBFGS:   88 11:17:02   -55547.992760        0.026628
LBFGS:   89 11:17:02   -55547.992979        0.025697
LBFGS:   90 11:17:02   -55547.993285        0.025607
LBFGS:   91 11:17:02   -55547.993698        0.034080
LBFGS:   92 11:17:02   -55547.994205        0.043933
LBFGS:   93 11:17:02   -55547.994722        0.040366
LBFGS:   94 11:17:02   -55547.995154        0.026725
LBFGS:   95 11:17:02   -55547.995480        0.027142
LBFGS:   96 11:17:02   -55547.995801        0.028301
LBFGS:   97 11:17:02   -55547.996160        0.034087
LBFGS:   98 11:17:02   -55547.996571        0.041229
LBFGS:   99 11:17:02   -55547.996977        0.032509
LBFGS:  100 11:17:02   -55547.997396        0.034895
LBFGS:  101 11:17:02   -55547.997786        0.035849
LBFGS:  102 11:17:03   -55547.998329        0.045370
LBFGS:  103 11:17:03   -55547.998948        0.046682
LBFGS:  104 11:17:03   -55547.999680        0.050030
LBFGS:  105 11:17:03   -55548.000428        0.084628
LBFGS:  106 11:17:03   -55548.001114        0.087723
LBFGS:  107 11:17:03   -55548.001784        0.046604
LBFGS:  108 11:17:03   -55548.002675        0.065735
LBFGS:  109 11:17:03   -55548.003767        0.058884
LBFGS:  110 11:17:03   -55548.005091        0.082803
LBFGS:  111 11:17:03   -55548.006634        0.060290
LBFGS:  112 11:17:03   -55548.007699        0.058030
LBFGS:  113 11:17:03   -55548.008548        0.038015
LBFGS:  114 11:17:03   -55548.009067        0.081475
LBFGS:  115 11:17:03   -55548.009631        0.048642
LBFGS:  116 11:17:03   -55548.010100        0.034540
LBFGS:  117 11:17:03   -55548.010525        0.032369
LBFGS:  118 11:17:03   -55548.010853        0.033484
LBFGS:  119 11:17:03   -55548.011419        0.038219
LBFGS:  120 11:17:03   -55548.012015        0.040985
LBFGS:  121 11:17:03   -55548.012601        0.045501
LBFGS:  122 11:17:03   -55548.013218        0.034864
LBFGS:  123 11:17:03   -55548.013794        0.045065
LBFGS:  124 11:17:03   -55548.014294        0.038066
LBFGS:  125 11:17:03   -55548.014685        0.043484
LBFGS:  126 11:17:03   -55548.015001        0.024153
LBFGS:  127 11:17:03   -55548.015260        0.019556
LBFGS:  128 11:17:03   -55548.015474        0.019710
LBFGS:  129 11:17:03   -55548.015641        0.018413
LBFGS:  130 11:17:03   -55548.015772        0.014594
LBFGS:  131 11:17:04   -55548.015875        0.012363
LBFGS:  132 11:17:04   -55548.015977        0.015989
LBFGS:  133 11:17:04   -55548.016091        0.015146
LBFGS:  134 11:17:04   -55548.016207        0.017436
LBFGS:  135 11:17:04   -55548.016310        0.015734
LBFGS:  136 11:17:04   -55548.016410        0.017083
LBFGS:  137 11:17:04   -55548.016536        0.017768
LBFGS:  138 11:17:04   -55548.016705        0.018446
LBFGS:  139 11:17:04   -55548.016892        0.022238
LBFGS:  140 11:17:04   -55548.017072        0.018332
LBFGS:  141 11:17:04   -55548.017259        0.024330
LBFGS:  142 11:17:04   -55548.017474        0.022317
LBFGS:  143 11:17:04   -55548.017726        0.029837
LBFGS:  144 11:17:04   -55548.017988        0.025436
LBFGS:  145 11:17:04   -55548.018217        0.020364
LBFGS:  146 11:17:04   -55548.018403        0.021318
LBFGS:  147 11:17:04   -55548.018553        0.020237
LBFGS:  148 11:17:04   -55548.018690        0.020001
LBFGS:  149 11:17:04   -55548.018839        0.020212
LBFGS:  150 11:17:04   -55548.019024        0.018247
LBFGS:  151 11:17:04   -55548.019217        0.024881
LBFGS:  152 11:17:04   -55548.019401        0.024674
LBFGS:  153 11:17:04   -55548.019580        0.022511
LBFGS:  154 11:17:04   -55548.019768        0.022174
LBFGS:  155 11:17:04   -55548.019965        0.020492
LBFGS:  156 11:17:04   -55548.020152        0.019145
LBFGS:  157 11:17:04   -55548.020313        0.015355
LBFGS:  158 11:17:04   -55548.020461        0.020003
LBFGS:  159 11:17:04   -55548.020601        0.017164
LBFGS:  160 11:17:05   -55548.020740        0.020453
LBFGS:  161 11:17:05   -55548.020886        0.020266
LBFGS:  162 11:17:05   -55548.021051        0.018348
LBFGS:  163 11:17:05   -55548.021223        0.016885
LBFGS:  164 11:17:05   -55548.021370        0.020404
LBFGS:  165 11:17:05   -55548.021489        0.023070
LBFGS:  166 11:17:05   -55548.021592        0.013534
LBFGS:  167 11:17:05   -55548.021690        0.014394
LBFGS:  168 11:17:05   -55548.021777        0.013196
LBFGS:  169 11:17:05   -55548.021851        0.016272
LBFGS:  170 11:17:05   -55548.021924        0.013334
LBFGS:  171 11:17:05   -55548.022009        0.013240
LBFGS:  172 11:17:05   -55548.022110        0.015407
LBFGS:  173 11:17:05   -55548.022215        0.015808
LBFGS:  174 11:17:05   -55548.022316        0.014705
LBFGS:  175 11:17:05   -55548.022413        0.016479
LBFGS:  176 11:17:05   -55548.022515        0.017557
LBFGS:  177 11:17:05   -55548.022626        0.019041
LBFGS:  178 11:17:05   -55548.022745        0.016868
LBFGS:  179 11:17:05   -55548.022874        0.015448
LBFGS:  180 11:17:05   -55548.023021        0.015164
LBFGS:  181 11:17:05   -55548.023187        0.016504
LBFGS:  182 11:17:05   -55548.023351        0.017428
LBFGS:  183 11:17:05   -55548.023501        0.021071
LBFGS:  184 11:17:05   -55548.023639        0.020405
LBFGS:  185 11:17:05   -55548.023772        0.014156
LBFGS:  186 11:17:05   -55548.023904        0.016082
LBFGS:  187 11:17:05   -55548.024037        0.015542
LBFGS:  188 11:17:05   -55548.024186        0.017698
LBFGS:  189 11:17:05   -55548.024351        0.017887
LBFGS:  190 11:17:06   -55548.024520        0.016889
LBFGS:  191 11:17:06   -55548.024670        0.017019
LBFGS:  192 11:17:06   -55548.024795        0.014414
LBFGS:  193 11:17:06   -55548.024907        0.014956
LBFGS:  194 11:17:06   -55548.025015        0.014594
LBFGS:  195 11:17:06   -55548.025128        0.017000
LBFGS:  196 11:17:06   -55548.025249        0.016461
LBFGS:  197 11:17:06   -55548.025388        0.020315
LBFGS:  198 11:17:06   -55548.025544        0.025344
LBFGS:  199 11:17:06   -55548.025699        0.019821
LBFGS:  200 11:17:06   -55548.025830        0.016234
LBFGS:  201 11:17:06   -55548.025941        0.017300
LBFGS:  202 11:17:06   -55548.026051        0.024308
LBFGS:  203 11:17:06   -55548.026168        0.019277
LBFGS:  204 11:17:06   -55548.026286        0.022633
LBFGS:  205 11:17:06   -55548.026400        0.014635
LBFGS:  206 11:17:06   -55548.026524        0.016260
LBFGS:  207 11:17:06   -55548.026679        0.022750
LBFGS:  208 11:17:06   -55548.026868        0.025595
LBFGS:  209 11:17:06   -55548.027063        0.024665
LBFGS:  210 11:17:06   -55548.027239        0.018008
LBFGS:  211 11:17:06   -55548.027402        0.019346
LBFGS:  212 11:17:06   -55548.027565        0.022976
LBFGS:  213 11:17:06   -55548.027720        0.017817
LBFGS:  214 11:17:06   -55548.027853        0.026661
LBFGS:  215 11:17:06   -55548.027971        0.020921
LBFGS:  216 11:17:06   -55548.028095        0.015601
LBFGS:  217 11:17:06   -55548.028222        0.019269
LBFGS:  218 11:17:06   -55548.028328        0.017087
LBFGS:  219 11:17:07   -55548.028415        0.015514
LBFGS:  220 11:17:07   -55548.028500        0.015474
LBFGS:  221 11:17:07   -55548.028603        0.017233
LBFGS:  222 11:17:07   -55548.028729        0.020751
LBFGS:  223 11:17:07   -55548.028869        0.019323
LBFGS:  224 11:17:07   -55548.029026        0.021568
LBFGS:  225 11:17:07   -55548.029207        0.028396
LBFGS:  226 11:17:07   -55548.029428        0.024295
LBFGS:  227 11:17:07   -55548.029696        0.026328
LBFGS:  228 11:17:07   -55548.029983        0.025206
LBFGS:  229 11:17:07   -55548.030244        0.027349
LBFGS:  230 11:17:07   -55548.030483        0.028144
LBFGS:  231 11:17:07   -55548.030699        0.022778
LBFGS:  232 11:17:07   -55548.030919        0.024537
LBFGS:  233 11:17:07   -55548.031130        0.028043
LBFGS:  234 11:17:07   -55548.031350        0.026998
LBFGS:  235 11:17:07   -55548.031553        0.023974
LBFGS:  236 11:17:07   -55548.031720        0.030442
LBFGS:  237 11:17:07   -55548.031884        0.023224
LBFGS:  238 11:17:07   -55548.032085        0.028705
LBFGS:  239 11:17:07   -55548.032308        0.031666
LBFGS:  240 11:17:07   -55548.032576        0.029727
LBFGS:  241 11:17:07   -55548.032926        0.038667
LBFGS:  242 11:17:07   -55548.033381        0.041676
LBFGS:  243 11:17:07   -55548.033924        0.040038
LBFGS:  244 11:17:07   -55548.034560        0.039662
LBFGS:  245 11:17:07   -55548.035293        0.040569
LBFGS:  246 11:17:07   -55548.036120        0.047983
LBFGS:  247 11:17:07   -55548.036920        0.094344
LBFGS:  248 11:17:07   -55548.037549        0.080537
LBFGS:  249 11:17:08   -55548.038543        0.049305
LBFGS:  250 11:17:08   -55548.039851        0.044319
LBFGS:  251 11:17:08   -55548.040932        0.054178
LBFGS:  252 11:17:08   -55548.042065        0.066737
LBFGS:  253 11:17:08   -55548.043240        0.070101
LBFGS:  254 11:17:08   -55548.044733        0.070970
LBFGS:  255 11:17:08   -55548.045514        0.078725
LBFGS:  256 11:17:08   -55548.047026        0.089946
LBFGS:  257 11:17:08   -55548.048470        0.090867
LBFGS:  258 11:17:08   -55548.050270        0.102414
LBFGS:  259 11:17:08   -55548.051525        0.085911
LBFGS:  260 11:17:08   -55548.053416        0.078354
LBFGS:  261 11:17:08   -55548.055160        0.116356
LBFGS:  262 11:17:08   -55548.058119        0.111123
LBFGS:  263 11:17:08   -55548.059334        0.117256
LBFGS:  264 11:17:08   -55548.061426        0.124775
LBFGS:  265 11:17:08   -55548.064119        0.120683
LBFGS:  266 11:17:08   -55548.067032        0.130801
LBFGS:  267 11:17:08   -55548.069509        0.113530
LBFGS:  268 11:17:08   -55548.072157        0.128385
LBFGS:  269 11:17:08   -55548.073866        0.118495
LBFGS:  270 11:17:08   -55548.075918        0.122658
LBFGS:  271 11:17:08   -55548.077300        0.100393
LBFGS:  272 11:17:08   -55548.078904        0.099940
LBFGS:  273 11:17:08   -55548.080186        0.088931
LBFGS:  274 11:17:08   -55548.081443        0.055648
LBFGS:  275 11:17:08   -55548.082475        0.150438
LBFGS:  276 11:17:08   -55548.083975        0.059203
LBFGS:  277 11:17:08   -55548.085705        0.116397
LBFGS:  278 11:17:09   -55548.088812        0.145562
LBFGS:  279 11:17:09   -55548.091385        0.154443
LBFGS:  280 11:17:09   -55548.094282        0.132228
LBFGS:  281 11:17:09   -55548.097128        0.102132
LBFGS:  282 11:17:09   -55548.098732        0.108716
LBFGS:  283 11:17:09   -55548.101954        0.138757
LBFGS:  284 11:17:09   -55548.104655        0.145069
LBFGS:  285 11:17:09   -55548.108611        0.115007
LBFGS:  286 11:17:09   -55548.111268        0.126089
LBFGS:  287 11:17:09   -55548.115775        0.140562
LBFGS:  288 11:17:09   -55548.119934        0.146334
LBFGS:  289 11:17:09   -55548.123922        0.187316
LBFGS:  290 11:17:09   -55548.128130        0.114419
LBFGS:  291 11:17:09   -55548.130063        0.143812
LBFGS:  292 11:17:09   -55548.132482        0.239547
LBFGS:  293 11:17:09   -55548.136244        0.099678
LBFGS:  294 11:17:09   -55548.138424        0.100926
LBFGS:  295 11:17:09   -55548.141306        0.100216
LBFGS:  296 11:17:09   -55548.144684        0.115267
LBFGS:  297 11:17:09   -55548.147031        0.117189
LBFGS:  298 11:17:09   -55548.149264        0.067911
LBFGS:  299 11:17:09   -55548.151722        0.087704
LBFGS:  300 11:17:09   -55548.154519        0.081119
LBFGS:  301 11:17:09   -55548.157986        0.096125
LBFGS:  302 11:17:09   -55548.161025        0.088567
LBFGS:  303 11:17:09   -55548.163371        0.080226
LBFGS:  304 11:17:09   -55548.165067        0.058169
LBFGS:  305 11:17:09   -55548.166489        0.056108
LBFGS:  306 11:17:09   -55548.168020        0.091291
LBFGS:  307 11:17:10   -55548.169666        0.055687
LBFGS:  308 11:17:10   -55548.171089        0.096119
LBFGS:  309 11:17:10   -55548.172386        0.074335
LBFGS:  310 11:17:10   -55548.173604        0.077887
LBFGS:  311 11:17:10   -55548.174723        0.107736
LBFGS:  312 11:17:10   -55548.175763        0.066953
LBFGS:  313 11:17:10   -55548.177079        0.072764
LBFGS:  314 11:17:10   -55548.178512        0.068463
LBFGS:  315 11:17:10   -55548.179698        0.067179
LBFGS:  316 11:17:10   -55548.180654        0.046450
LBFGS:  317 11:17:10   -55548.181446        0.045692
LBFGS:  318 11:17:10   -55548.182186        0.087414
LBFGS:  319 11:17:10   -55548.182832        0.040978
LBFGS:  320 11:17:10   -55548.183535        0.049156
LBFGS:  321 11:17:10   -55548.184095        0.037058
LBFGS:  322 11:17:10   -55548.184562        0.044624
LBFGS:  323 11:17:10   -55548.184963        0.026392
LBFGS:  324 11:17:10   -55548.185314        0.029912
LBFGS:  325 11:17:10   -55548.185624        0.029455
LBFGS:  326 11:17:10   -55548.185925        0.025054
LBFGS:  327 11:17:10   -55548.186176        0.024612
LBFGS:  328 11:17:10   -55548.186403        0.023170
LBFGS:  329 11:17:10   -55548.186646        0.023579
LBFGS:  330 11:17:10   -55548.186901        0.033733
LBFGS:  331 11:17:10   -55548.187146        0.025285
LBFGS:  332 11:17:10   -55548.187387        0.023503
LBFGS:  333 11:17:10   -55548.187630        0.024478
LBFGS:  334 11:17:10   -55548.187864        0.028572
LBFGS:  335 11:17:11   -55548.188087        0.021620
LBFGS:  336 11:17:11   -55548.188307        0.023161
LBFGS:  337 11:17:11   -55548.188527        0.022091
LBFGS:  338 11:17:11   -55548.188737        0.022129
LBFGS:  339 11:17:11   -55548.188926        0.020529
LBFGS:  340 11:17:11   -55548.189119        0.021907
LBFGS:  341 11:17:11   -55548.189338        0.025224
LBFGS:  342 11:17:11   -55548.189588        0.024243
LBFGS:  343 11:17:11   -55548.189845        0.027066
LBFGS:  344 11:17:11   -55548.190081        0.028798
LBFGS:  345 11:17:11   -55548.190316        0.027518
LBFGS:  346 11:17:11   -55548.190598        0.029455
LBFGS:  347 11:17:11   -55548.190954        0.029232
LBFGS:  348 11:17:11   -55548.191350        0.032072
LBFGS:  349 11:17:11   -55548.191727        0.030254
LBFGS:  350 11:17:11   -55548.192080        0.029842
LBFGS:  351 11:17:11   -55548.192438        0.027187
LBFGS:  352 11:17:11   -55548.192818        0.027781
LBFGS:  353 11:17:11   -55548.193210        0.036416
LBFGS:  354 11:17:11   -55548.193586        0.029491
LBFGS:  355 11:17:11   -55548.193922        0.028251
LBFGS:  356 11:17:11   -55548.194240        0.027653
LBFGS:  357 11:17:11   -55548.194601        0.036959
LBFGS:  358 11:17:11   -55548.195062        0.040951
LBFGS:  359 11:17:11   -55548.195642        0.040728
LBFGS:  360 11:17:11   -55548.196332        0.039444
LBFGS:  361 11:17:11   -55548.197097        0.050936
LBFGS:  362 11:17:11   -55548.197898        0.053322
LBFGS:  363 11:17:11   -55548.198749        0.057022
LBFGS:  364 11:17:12   -55548.199693        0.063408
LBFGS:  365 11:17:12   -55548.200702        0.055788
LBFGS:  366 11:17:12   -55548.201681        0.050177
LBFGS:  367 11:17:12   -55548.202568        0.049714
LBFGS:  368 11:17:12   -55548.203324        0.047657
LBFGS:  369 11:17:12   -55548.203977        0.034121
LBFGS:  370 11:17:12   -55548.204571        0.035678
LBFGS:  371 11:17:12   -55548.205126        0.040012
LBFGS:  372 11:17:12   -55548.205652        0.036470
LBFGS:  373 11:17:12   -55548.206150        0.033022
LBFGS:  374 11:17:12   -55548.206619        0.045467
LBFGS:  375 11:17:12   -55548.207077        0.034676
LBFGS:  376 11:17:12   -55548.207545        0.047377
LBFGS:  377 11:17:12   -55548.208050        0.032139
LBFGS:  378 11:17:12   -55548.208616        0.037457
LBFGS:  379 11:17:12   -55548.209193        0.034693
LBFGS:  380 11:17:12   -55548.209729        0.029955
LBFGS:  381 11:17:12   -55548.210248        0.028841
LBFGS:  382 11:17:12   -55548.210755        0.027293
LBFGS:  383 11:17:12   -55548.211239        0.033020
LBFGS:  384 11:17:12   -55548.211663        0.026302
LBFGS:  385 11:17:12   -55548.212017        0.027225
LBFGS:  386 11:17:12   -55548.212322        0.027147
LBFGS:  387 11:17:12   -55548.212580        0.025185
LBFGS:  388 11:17:12   -55548.212797        0.022371
LBFGS:  389 11:17:12   -55548.212987        0.022040
LBFGS:  390 11:17:12   -55548.213173        0.020468
LBFGS:  391 11:17:12   -55548.213359        0.024229
LBFGS:  392 11:17:12   -55548.213558        0.025658
LBFGS:  393 11:17:13   -55548.213765        0.023364
LBFGS:  394 11:17:13   -55548.213975        0.023225
LBFGS:  395 11:17:13   -55548.214176        0.029420
LBFGS:  396 11:17:13   -55548.214347        0.018186
LBFGS:  397 11:17:13   -55548.214474        0.015463
LBFGS:  398 11:17:13   -55548.214591        0.018766
LBFGS:  399 11:17:13   -55548.214726        0.022227
LBFGS:  400 11:17:13   -55548.214854        0.030072
LBFGS:  401 11:17:13   -55548.214965        0.027689
LBFGS:  402 11:17:13   -55548.215065        0.019330
LBFGS:  403 11:17:13   -55548.215164        0.016849
LBFGS:  404 11:17:13   -55548.215259        0.015947
LBFGS:  405 11:17:13   -55548.215352        0.017710
LBFGS:  406 11:17:13   -55548.215448        0.015456
LBFGS:  407 11:17:13   -55548.215542        0.014187
LBFGS:  408 11:17:13   -55548.215620        0.012407
LBFGS:  409 11:17:13   -55548.215683        0.014598
LBFGS:  410 11:17:13   -55548.215752        0.013468
LBFGS:  411 11:17:13   -55548.215847        0.014408
LBFGS:  412 11:17:13   -55548.215957        0.017257
LBFGS:  413 11:17:13   -55548.216062        0.014677
LBFGS:  414 11:17:13   -55548.216161        0.017124
LBFGS:  415 11:17:13   -55548.216258        0.014938
LBFGS:  416 11:17:13   -55548.216346        0.025546
LBFGS:  417 11:17:13   -55548.216431        0.016620
LBFGS:  418 11:17:13   -55548.216522        0.016576
LBFGS:  419 11:17:13   -55548.216625        0.015479
LBFGS:  420 11:17:13   -55548.216721        0.016672
LBFGS:  421 11:17:13   -55548.216818        0.014376
LBFGS:  422 11:17:14   -55548.216897        0.012497
LBFGS:  423 11:17:14   -55548.216970        0.012662
LBFGS:  424 11:17:14   -55548.217045        0.014645
LBFGS:  425 11:17:14   -55548.217114        0.014528
LBFGS:  426 11:17:14   -55548.217172        0.018296
LBFGS:  427 11:17:14   -55548.217226        0.012421
LBFGS:  428 11:17:14   -55548.217287        0.013933
LBFGS:  429 11:17:14   -55548.217354        0.012887
LBFGS:  430 11:17:14   -55548.217424        0.012704
LBFGS:  431 11:17:14   -55548.217491        0.014082
LBFGS:  432 11:17:14   -55548.217556        0.013812
LBFGS:  433 11:17:14   -55548.217623        0.011208
LBFGS:  434 11:17:14   -55548.217698        0.012754
LBFGS:  435 11:17:14   -55548.217777        0.017045
LBFGS:  436 11:17:14   -55548.217870        0.020211
LBFGS:  437 11:17:14   -55548.217978        0.016806
LBFGS:  438 11:17:14   -55548.218086        0.017469
LBFGS:  439 11:17:14   -55548.218164        0.016126
LBFGS:  440 11:17:14   -55548.218242        0.013875
LBFGS:  441 11:17:14   -55548.218333        0.014115
LBFGS:  442 11:17:14   -55548.218419        0.014174
LBFGS:  443 11:17:14   -55548.218507        0.015450
LBFGS:  444 11:17:14   -55548.218603        0.018660
LBFGS:  445 11:17:14   -55548.218706        0.019572
LBFGS:  446 11:17:14   -55548.218818        0.018513
LBFGS:  447 11:17:14   -55548.218942        0.019003
LBFGS:  448 11:17:14   -55548.219064        0.021314
LBFGS:  449 11:17:14   -55548.219186        0.023612
LBFGS:  450 11:17:14   -55548.219318        0.022046
LBFGS:  451 11:17:15   -55548.219460        0.022780
LBFGS:  452 11:17:15   -55548.219591        0.017391
LBFGS:  453 11:17:15   -55548.219699        0.016731
LBFGS:  454 11:17:15   -55548.219794        0.017649
LBFGS:  455 11:17:15   -55548.219903        0.017128
LBFGS:  456 11:17:15   -55548.220043        0.022424
LBFGS:  457 11:17:15   -55548.220195        0.020424
LBFGS:  458 11:17:15   -55548.220335        0.016965
LBFGS:  459 11:17:15   -55548.220460        0.017203
LBFGS:  460 11:17:15   -55548.220580        0.018056
LBFGS:  461 11:17:15   -55548.220703        0.018115
LBFGS:  462 11:17:15   -55548.220835        0.016943
LBFGS:  463 11:17:15   -55548.220967        0.019043
LBFGS:  464 11:17:15   -55548.221095        0.019063
LBFGS:  465 11:17:15   -55548.221226        0.016504
LBFGS:  466 11:17:15   -55548.221348        0.018936
LBFGS:  467 11:17:15   -55548.221464        0.023136
LBFGS:  468 11:17:15   -55548.221581        0.019136
LBFGS:  469 11:17:15   -55548.221698        0.016993
LBFGS:  470 11:17:15   -55548.221813        0.019900
LBFGS:  471 11:17:15   -55548.221928        0.018319
LBFGS:  472 11:17:15   -55548.222038        0.016043
LBFGS:  473 11:17:15   -55548.222127        0.013947
LBFGS:  474 11:17:15   -55548.222194        0.012503
LBFGS:  475 11:17:15   -55548.222259        0.013451
LBFGS:  476 11:17:15   -55548.222341        0.013827
LBFGS:  477 11:17:15   -55548.222428        0.015826
LBFGS:  478 11:17:15   -55548.222518        0.017727
LBFGS:  479 11:17:15   -55548.222613        0.014878
LBFGS:  480 11:17:16   -55548.222714        0.013522
LBFGS:  481 11:17:16   -55548.222802        0.013045
LBFGS:  482 11:17:16   -55548.222872        0.011633
LBFGS:  483 11:17:16   -55548.222935        0.010250
LBFGS:  484 11:17:16   -55548.222993        0.010949
LBFGS:  485 11:17:16   -55548.223039        0.012792
LBFGS:  486 11:17:16   -55548.223073        0.009004
       Step     Time          Energy          fmax
LBFGS:    0 11:17:16   -55544.614081        1.015175
LBFGS:    1 11:17:16   -55544.647137        1.001658
LBFGS:    2 11:17:16   -55544.734121        0.956618
LBFGS:    3 11:17:16   -55544.998690        1.291317
LBFGS:    4 11:17:16   -55545.230345        1.426394
LBFGS:    5 11:17:16   -55545.458749        1.469311
LBFGS:    6 11:17:16   -55545.689836        1.353046
LBFGS:    7 11:17:16   -55545.919222        1.233154
LBFGS:    8 11:17:16   -55546.142510        1.032226
LBFGS:    9 11:17:16   -55546.353870        0.854747
LBFGS:   10 11:17:16   -55546.547965        0.641567
LBFGS:   11 11:17:16   -55546.719687        0.572027
LBFGS:   12 11:17:16   -55546.864652        0.531776
LBFGS:   13 11:17:16   -55546.979308        0.439516
LBFGS:   14 11:17:16   -55547.061435        0.373483
LBFGS:   15 11:17:16   -55547.110894        0.283851
LBFGS:   16 11:17:16   -55547.133535        0.262551
LBFGS:   17 11:17:16   -55547.173530        0.229941
LBFGS:   18 11:17:16   -55547.196001        0.199271
LBFGS:   19 11:17:17   -55547.206553        0.166083
LBFGS:   20 11:17:17   -55547.216533        0.162777
LBFGS:   21 11:17:17   -55547.227742        0.139517
LBFGS:   22 11:17:17   -55547.234806        0.130337
LBFGS:   23 11:17:17   -55547.238920        0.114539
LBFGS:   24 11:17:17   -55547.242707        0.088379
LBFGS:   25 11:17:17   -55547.246476        0.085215
LBFGS:   26 11:17:17   -55547.249553        0.092346
LBFGS:   27 11:17:17   -55547.253096        0.082809
LBFGS:   28 11:17:17   -55547.258288        0.090775
LBFGS:   29 11:17:17   -55547.264443        0.116431
LBFGS:   30 11:17:17   -55547.270110        0.116607
LBFGS:   31 11:17:17   -55547.275287        0.107287
LBFGS:   32 11:17:17   -55547.280719        0.105420
LBFGS:   33 11:17:17   -55547.286440        0.102431
LBFGS:   34 11:17:17   -55547.291357        0.102859
LBFGS:   35 11:17:17   -55547.295374        0.092786
LBFGS:   36 11:17:17   -55547.299549        0.101550
LBFGS:   37 11:17:17   -55547.305090        0.109145
LBFGS:   38 11:17:17   -55547.312721        0.133861
LBFGS:   39 11:17:17   -55547.322884        0.198419
LBFGS:   40 11:17:17   -55547.335925        0.227367
LBFGS:   41 11:17:17   -55547.351860        0.211002
LBFGS:   42 11:17:17   -55547.370583        0.196395
LBFGS:   43 11:17:17   -55547.389222        0.263736
LBFGS:   44 11:17:17   -55547.405061        0.189240
LBFGS:   45 11:17:17   -55547.418896        0.193230
LBFGS:   46 11:17:18   -55547.433163        0.185307
LBFGS:   47 11:17:18   -55547.448187        0.224195
LBFGS:   48 11:17:18   -55547.460123        0.329880
LBFGS:   49 11:17:18   -55547.473149        0.239294
LBFGS:   50 11:17:18   -55547.482720        0.234310
LBFGS:   51 11:17:18   -55547.491955        0.188391
LBFGS:   52 11:17:18   -55547.497819        0.158337
LBFGS:   53 11:17:18   -55547.503639        0.095200
LBFGS:   54 11:17:18   -55547.507932        0.130225
LBFGS:   55 11:17:18   -55547.511795        0.158597
LBFGS:   56 11:17:18   -55547.516291        0.124319
LBFGS:   57 11:17:18   -55547.521535        0.131952
LBFGS:   58 11:17:18   -55547.526831        0.106052
LBFGS:   59 11:17:18   -55547.531823        0.123800
LBFGS:   60 11:17:18   -55547.536338        0.145760
LBFGS:   61 11:17:18   -55547.541203        0.117246
LBFGS:   62 11:17:18   -55547.546900        0.152881
LBFGS:   63 11:17:18   -55547.553669        0.138031
LBFGS:   64 11:17:18   -55547.559892        0.133428
LBFGS:   65 11:17:18   -55547.565864        0.131779
LBFGS:   66 11:17:18   -55547.573210        0.187282
LBFGS:   67 11:17:18   -55547.582275        0.170585
LBFGS:   68 11:17:18   -55547.591439        0.153747
LBFGS:   69 11:17:18   -55547.600756        0.163911
LBFGS:   70 11:17:18   -55547.609809        0.156189
LBFGS:   71 11:17:18   -55547.618402        0.129786
LBFGS:   72 11:17:19   -55547.625808        0.179542
LBFGS:   73 11:17:19   -55547.633103        0.224897
LBFGS:   74 11:17:19   -55547.641107        0.185340
LBFGS:   75 11:17:19   -55547.650572        0.223927
LBFGS:   76 11:17:19   -55547.659803        0.267707
LBFGS:   77 11:17:19   -55547.670007        0.167080
LBFGS:   78 11:17:19   -55547.680886        0.168857
LBFGS:   79 11:17:19   -55547.691480        0.152012
LBFGS:   80 11:17:19   -55547.700719        0.168091
LBFGS:   81 11:17:19   -55547.708335        0.216357
LBFGS:   82 11:17:19   -55547.714958        0.212342
LBFGS:   83 11:17:19   -55547.722794        0.133345
LBFGS:   84 11:17:19   -55547.730055        0.120559
LBFGS:   85 11:17:19   -55547.734784        0.112001
LBFGS:   86 11:17:19   -55547.739892        0.101807
LBFGS:   87 11:17:19   -55547.744545        0.116104
LBFGS:   88 11:17:19   -55547.748321        0.092361
LBFGS:   89 11:17:19   -55547.752479        0.101630
LBFGS:   90 11:17:19   -55547.756170        0.184397
LBFGS:   91 11:17:19   -55547.760220        0.097951
LBFGS:   92 11:17:19   -55547.763798        0.084195
LBFGS:   93 11:17:19   -55547.766317        0.074347
LBFGS:   94 11:17:19   -55547.768348        0.067805
LBFGS:   95 11:17:19   -55547.770348        0.073202
LBFGS:   96 11:17:19   -55547.772401        0.073819
LBFGS:   97 11:17:19   -55547.774404        0.090892
LBFGS:   98 11:17:20   -55547.776313        0.063607
LBFGS:   99 11:17:20   -55547.778251        0.059940
LBFGS:  100 11:17:20   -55547.780441        0.085917
LBFGS:  101 11:17:20   -55547.783110        0.103408
LBFGS:  102 11:17:20   -55547.785949        0.074998
LBFGS:  103 11:17:20   -55547.788611        0.082439
LBFGS:  104 11:17:20   -55547.791049        0.083612
LBFGS:  105 11:17:20   -55547.793274        0.080241
LBFGS:  106 11:17:20   -55547.795416        0.089730
LBFGS:  107 11:17:20   -55547.797454        0.078062
LBFGS:  108 11:17:20   -55547.799260        0.085936
LBFGS:  109 11:17:20   -55547.800797        0.058469
LBFGS:  110 11:17:20   -55547.802142        0.054433
LBFGS:  111 11:17:20   -55547.803404        0.067556
LBFGS:  112 11:17:20   -55547.804585        0.067471
LBFGS:  113 11:17:20   -55547.805708        0.057682
LBFGS:  114 11:17:20   -55547.806773        0.048070
LBFGS:  115 11:17:20   -55547.807846        0.051142
LBFGS:  116 11:17:20   -55547.808949        0.074203
LBFGS:  117 11:17:20   -55547.810077        0.056826
LBFGS:  118 11:17:20   -55547.811155        0.046754
LBFGS:  119 11:17:20   -55547.812029        0.043623
LBFGS:  120 11:17:20   -55547.812914        0.041683
LBFGS:  121 11:17:20   -55547.813962        0.053396
LBFGS:  122 11:17:20   -55547.815120        0.050916
LBFGS:  123 11:17:20   -55547.816207        0.063135
LBFGS:  124 11:17:20   -55547.817152        0.057466
LBFGS:  125 11:17:21   -55547.818041        0.044224
LBFGS:  126 11:17:21   -55547.819028        0.060960
LBFGS:  127 11:17:21   -55547.820212        0.074301
LBFGS:  128 11:17:21   -55547.821564        0.060235
LBFGS:  129 11:17:21   -55547.822893        0.069057
LBFGS:  130 11:17:21   -55547.824086        0.057156
LBFGS:  131 11:17:21   -55547.825281        0.058393
LBFGS:  132 11:17:21   -55547.826615        0.068053
LBFGS:  133 11:17:21   -55547.828181        0.080969
LBFGS:  134 11:17:21   -55547.829788        0.093429
LBFGS:  135 11:17:21   -55547.831350        0.061435
LBFGS:  136 11:17:21   -55547.832741        0.058280
LBFGS:  137 11:17:21   -55547.834042        0.087839
LBFGS:  138 11:17:21   -55547.835442        0.082481
LBFGS:  139 11:17:21   -55547.836899        0.079727
LBFGS:  140 11:17:21   -55547.838307        0.071453
LBFGS:  141 11:17:21   -55547.839592        0.063887
LBFGS:  142 11:17:21   -55547.840847        0.065650
LBFGS:  143 11:17:21   -55547.841952        0.059167
LBFGS:  144 11:17:21   -55547.843078        0.051141
LBFGS:  145 11:17:21   -55547.844122        0.051228
LBFGS:  146 11:17:21   -55547.845173        0.054808
LBFGS:  147 11:17:21   -55547.846200        0.050072
LBFGS:  148 11:17:21   -55547.847134        0.045534
LBFGS:  149 11:17:21   -55547.847911        0.044125
LBFGS:  150 11:17:21   -55547.848584        0.043527
LBFGS:  151 11:17:22   -55547.849145        0.042586
LBFGS:  152 11:17:22   -55547.849640        0.035706
LBFGS:  153 11:17:22   -55547.850070        0.036908
LBFGS:  154 11:17:22   -55547.850435        0.025825
LBFGS:  155 11:17:22   -55547.850775        0.024203
LBFGS:  156 11:17:22   -55547.851099        0.030920
LBFGS:  157 11:17:22   -55547.851424        0.028332
LBFGS:  158 11:17:22   -55547.851755        0.029766
LBFGS:  159 11:17:22   -55547.852073        0.033199
LBFGS:  160 11:17:22   -55547.852397        0.030883
LBFGS:  161 11:17:22   -55547.852754        0.037578
LBFGS:  162 11:17:22   -55547.853178        0.046533
LBFGS:  163 11:17:22   -55547.853623        0.039338
LBFGS:  164 11:17:22   -55547.854055        0.032008
LBFGS:  165 11:17:22   -55547.854469        0.033137
LBFGS:  166 11:17:22   -55547.854872        0.031101
LBFGS:  167 11:17:22   -55547.855251        0.029023
LBFGS:  168 11:17:22   -55547.855594        0.027339
LBFGS:  169 11:17:22   -55547.855914        0.032254
LBFGS:  170 11:17:22   -55547.856250        0.031241
LBFGS:  171 11:17:22   -55547.856633        0.031846
LBFGS:  172 11:17:22   -55547.857065        0.035676
LBFGS:  173 11:17:22   -55547.857558        0.034196
LBFGS:  174 11:17:22   -55547.858125        0.034779
LBFGS:  175 11:17:22   -55547.858734        0.036081
LBFGS:  176 11:17:22   -55547.859328        0.036559
LBFGS:  177 11:17:23   -55547.859900        0.039544
LBFGS:  178 11:17:23   -55547.860513        0.038523
LBFGS:  179 11:17:23   -55547.861215        0.040841
LBFGS:  180 11:17:23   -55547.861983        0.042807
LBFGS:  181 11:17:23   -55547.862753        0.047468
LBFGS:  182 11:17:23   -55547.863506        0.039523
LBFGS:  183 11:17:23   -55547.864141        0.038275
LBFGS:  184 11:17:23   -55547.864655        0.034017
LBFGS:  185 11:17:23   -55547.865160        0.035147
LBFGS:  186 11:17:23   -55547.865692        0.032804
LBFGS:  187 11:17:23   -55547.866137        0.030707
LBFGS:  188 11:17:23   -55547.866540        0.033939
LBFGS:  189 11:17:23   -55547.866963        0.027727
LBFGS:  190 11:17:23   -55547.867405        0.030530
LBFGS:  191 11:17:23   -55547.867850        0.029616
LBFGS:  192 11:17:23   -55547.868301        0.034283
LBFGS:  193 11:17:23   -55547.868758        0.037455
LBFGS:  194 11:17:23   -55547.869240        0.034673
LBFGS:  195 11:17:23   -55547.869720        0.036417
LBFGS:  196 11:17:23   -55547.870213        0.037580
LBFGS:  197 11:17:23   -55547.870786        0.039984
LBFGS:  198 11:17:23   -55547.871503        0.044818
LBFGS:  199 11:17:23   -55547.872259        0.047564
LBFGS:  200 11:17:23   -55547.873006        0.045557
LBFGS:  201 11:17:23   -55547.873765        0.043601
LBFGS:  202 11:17:23   -55547.874566        0.049053
LBFGS:  203 11:17:23   -55547.875432        0.047187
LBFGS:  204 11:17:24   -55547.876272        0.050732
LBFGS:  205 11:17:24   -55547.877192        0.050516
LBFGS:  206 11:17:24   -55547.878277        0.058575
LBFGS:  207 11:17:24   -55547.879388        0.066458
LBFGS:  208 11:17:24   -55547.880263        0.054572
LBFGS:  209 11:17:24   -55547.881098        0.050779
LBFGS:  210 11:17:24   -55547.881845        0.046962
LBFGS:  211 11:17:24   -55547.882628        0.057359
LBFGS:  212 11:17:24   -55547.883473        0.046119
LBFGS:  213 11:17:24   -55547.884382        0.053102
LBFGS:  214 11:17:24   -55547.885384        0.045648
LBFGS:  215 11:17:24   -55547.886462        0.051140
LBFGS:  216 11:17:24   -55547.887540        0.055028
LBFGS:  217 11:17:24   -55547.888630        0.056735
LBFGS:  218 11:17:24   -55547.889823        0.071829
LBFGS:  219 11:17:24   -55547.891024        0.051152
LBFGS:  220 11:17:24   -55547.892023        0.055851
LBFGS:  221 11:17:24   -55547.892751        0.035909
LBFGS:  222 11:17:24   -55547.893306        0.032019
LBFGS:  223 11:17:24   -55547.893798        0.031640
LBFGS:  224 11:17:24   -55547.894242        0.035949
LBFGS:  225 11:17:24   -55547.894647        0.029289
LBFGS:  226 11:17:24   -55547.895007        0.023917
LBFGS:  227 11:17:24   -55547.895355        0.030098
LBFGS:  228 11:17:24   -55547.895685        0.025922
LBFGS:  229 11:17:24   -55547.895977        0.022900
LBFGS:  230 11:17:25   -55547.896239        0.025516
LBFGS:  231 11:17:25   -55547.896507        0.021626
LBFGS:  232 11:17:25   -55547.896765        0.024085
LBFGS:  233 11:17:25   -55547.897002        0.028720
LBFGS:  234 11:17:25   -55547.897228        0.027315
LBFGS:  235 11:17:25   -55547.897456        0.020348
LBFGS:  236 11:17:25   -55547.897670        0.019534
LBFGS:  237 11:17:25   -55547.897859        0.019658
LBFGS:  238 11:17:25   -55547.898029        0.021260
LBFGS:  239 11:17:25   -55547.898190        0.019074
LBFGS:  240 11:17:25   -55547.898338        0.020008
LBFGS:  241 11:17:25   -55547.898476        0.017522
LBFGS:  242 11:17:25   -55547.898620        0.015472
LBFGS:  243 11:17:25   -55547.898774        0.019677
LBFGS:  244 11:17:25   -55547.898931        0.019634
LBFGS:  245 11:17:25   -55547.899094        0.019007
LBFGS:  246 11:17:25   -55547.899267        0.017563
LBFGS:  247 11:17:25   -55547.899450        0.017983
LBFGS:  248 11:17:25   -55547.899631        0.018715
LBFGS:  249 11:17:25   -55547.899808        0.018404
LBFGS:  250 11:17:25   -55547.899991        0.020345
LBFGS:  251 11:17:25   -55547.900187        0.020942
LBFGS:  252 11:17:25   -55547.900388        0.020571
LBFGS:  253 11:17:25   -55547.900573        0.018926
LBFGS:  254 11:17:25   -55547.900743        0.021212
LBFGS:  255 11:17:25   -55547.900922        0.020091
LBFGS:  256 11:17:26   -55547.901132        0.025144
LBFGS:  257 11:17:26   -55547.901381        0.022927
LBFGS:  258 11:17:26   -55547.901675        0.034838
LBFGS:  259 11:17:26   -55547.902024        0.032917
LBFGS:  260 11:17:26   -55547.902443        0.033012
LBFGS:  261 11:17:26   -55547.902922        0.033022
LBFGS:  262 11:17:26   -55547.903401        0.034934
LBFGS:  263 11:17:26   -55547.903836        0.045732
LBFGS:  264 11:17:26   -55547.904226        0.049870
LBFGS:  265 11:17:26   -55547.904606        0.039145
LBFGS:  266 11:17:26   -55547.904995        0.032991
LBFGS:  267 11:17:26   -55547.905354        0.036090
LBFGS:  268 11:17:26   -55547.905657        0.029616
LBFGS:  269 11:17:26   -55547.905902        0.026403
LBFGS:  270 11:17:26   -55547.906129        0.023432
LBFGS:  271 11:17:26   -55547.906360        0.024479
LBFGS:  272 11:17:26   -55547.906571        0.022152
LBFGS:  273 11:17:26   -55547.906747        0.023407
LBFGS:  274 11:17:26   -55547.906927        0.027463
LBFGS:  275 11:17:26   -55547.907146        0.028180
LBFGS:  276 11:17:26   -55547.907396        0.024575
LBFGS:  277 11:17:26   -55547.907644        0.023296
LBFGS:  278 11:17:26   -55547.907890        0.028855
LBFGS:  279 11:17:26   -55547.908171        0.028048
LBFGS:  280 11:17:26   -55547.908529        0.032415
LBFGS:  281 11:17:26   -55547.908949        0.032353
LBFGS:  282 11:17:27   -55547.909364        0.026679
LBFGS:  283 11:17:27   -55547.909752        0.025642
LBFGS:  284 11:17:27   -55547.910116        0.026247
LBFGS:  285 11:17:27   -55547.910462        0.028374
LBFGS:  286 11:17:27   -55547.910786        0.024700
LBFGS:  287 11:17:27   -55547.911096        0.028027
LBFGS:  288 11:17:27   -55547.911405        0.026333
LBFGS:  289 11:17:27   -55547.911717        0.024670
LBFGS:  290 11:17:27   -55547.912034        0.030588
LBFGS:  291 11:17:27   -55547.912373        0.030296
LBFGS:  292 11:17:27   -55547.912767        0.032924
LBFGS:  293 11:17:27   -55547.913254        0.031817
LBFGS:  294 11:17:27   -55547.913862        0.035347
LBFGS:  295 11:17:27   -55547.914580        0.036379
LBFGS:  296 11:17:27   -55547.915314        0.037981
LBFGS:  297 11:17:27   -55547.915945        0.038204
LBFGS:  298 11:17:27   -55547.916456        0.032452
LBFGS:  299 11:17:27   -55547.916925        0.035499
LBFGS:  300 11:17:27   -55547.917411        0.033499
LBFGS:  301 11:17:27   -55547.917886        0.032623
LBFGS:  302 11:17:27   -55547.918312        0.032980
LBFGS:  303 11:17:27   -55547.918711        0.029218
LBFGS:  304 11:17:27   -55547.919135        0.035691
LBFGS:  305 11:17:27   -55547.919572        0.032868
LBFGS:  306 11:17:27   -55547.919974        0.033481
LBFGS:  307 11:17:27   -55547.920333        0.028063
LBFGS:  308 11:17:27   -55547.920691        0.032475
LBFGS:  309 11:17:28   -55547.921074        0.032247
LBFGS:  310 11:17:28   -55547.921464        0.029243
LBFGS:  311 11:17:28   -55547.921869        0.032112
LBFGS:  312 11:17:28   -55547.922332        0.027915
LBFGS:  313 11:17:28   -55547.922860        0.030509
LBFGS:  314 11:17:28   -55547.923403        0.036189
LBFGS:  315 11:17:28   -55547.923934        0.039220
LBFGS:  316 11:17:28   -55547.924515        0.042184
LBFGS:  317 11:17:28   -55547.925175        0.043990
LBFGS:  318 11:17:28   -55547.925851        0.040355
LBFGS:  319 11:17:28   -55547.926420        0.033048
LBFGS:  320 11:17:28   -55547.926923        0.039760
LBFGS:  321 11:17:28   -55547.927463        0.039693
LBFGS:  322 11:17:28   -55547.928117        0.041924
LBFGS:  323 11:17:28   -55547.928848        0.041701
LBFGS:  324 11:17:28   -55547.929522        0.040999
LBFGS:  325 11:17:28   -55547.930330        0.049069
LBFGS:  326 11:17:28   -55547.931525        0.052984
LBFGS:  327 11:17:28   -55547.932724        0.048585
LBFGS:  328 11:17:28   -55547.933976        0.063669
LBFGS:  329 11:17:28   -55547.935218        0.065708
LBFGS:  330 11:17:28   -55547.936629        0.061213
LBFGS:  331 11:17:28   -55547.937996        0.065476
LBFGS:  332 11:17:28   -55547.939619        0.058140
LBFGS:  333 11:17:28   -55547.941026        0.055772
LBFGS:  334 11:17:28   -55547.942742        0.058128
LBFGS:  335 11:17:29   -55547.943877        0.068312
LBFGS:  336 11:17:29   -55547.945278        0.075315
LBFGS:  337 11:17:29   -55547.946493        0.077276
LBFGS:  338 11:17:29   -55547.947799        0.074228
LBFGS:  339 11:17:29   -55547.948980        0.072070
LBFGS:  340 11:17:29   -55547.950223        0.066840
LBFGS:  341 11:17:29   -55547.951372        0.063297
LBFGS:  342 11:17:29   -55547.952581        0.058225
LBFGS:  343 11:17:29   -55547.953721        0.059840
LBFGS:  344 11:17:29   -55547.954932        0.062525
LBFGS:  345 11:17:29   -55547.956092        0.064891
LBFGS:  346 11:17:29   -55547.957339        0.067224
LBFGS:  347 11:17:29   -55547.958537        0.069374
LBFGS:  348 11:17:29   -55547.959848        0.071441
LBFGS:  349 11:17:29   -55547.961095        0.073450
LBFGS:  350 11:17:29   -55547.962492        0.075283
LBFGS:  351 11:17:29   -55547.963808        0.077194
LBFGS:  352 11:17:29   -55547.965285        0.078857
LBFGS:  353 11:17:29   -55547.966712        0.080658
LBFGS:  354 11:17:29   -55547.968261        0.082215
LBFGS:  355 11:17:29   -55547.969826        0.083905
LBFGS:  356 11:17:29   -55547.971456        0.085404
LBFGS:  357 11:17:29   -55547.973181        0.087688
LBFGS:  358 11:17:29   -55547.974878        0.092065
LBFGS:  359 11:17:30   -55547.976801        0.096261
LBFGS:  360 11:17:30   -55547.978553        0.100420
LBFGS:  361 11:17:30   -55547.980642        0.104537
LBFGS:  362 11:17:30   -55547.982507        0.108366
LBFGS:  363 11:17:30   -55547.984707        0.112245
LBFGS:  364 11:17:30   -55547.986716        0.115673
LBFGS:  365 11:17:30   -55547.989041        0.119181
LBFGS:  366 11:17:30   -55547.991195        0.122114
LBFGS:  367 11:17:30   -55547.993659        0.125148
LBFGS:  368 11:17:30   -55547.995961        0.127498
LBFGS:  369 11:17:30   -55547.998559        0.129946
LBFGS:  370 11:17:30   -55548.001021        0.131614
LBFGS:  371 11:17:30   -55548.003746        0.133396
LBFGS:  372 11:17:30   -55548.006401        0.134241
LBFGS:  373 11:17:30   -55548.009218        0.135350
LBFGS:  374 11:17:30   -55548.012137        0.135268
LBFGS:  375 11:17:30   -55548.014990        0.135579
LBFGS:  376 11:17:30   -55548.018235        0.134631
LBFGS:  377 11:17:30   -55548.021150        0.133908
LBFGS:  378 11:17:30   -55548.024692        0.136375
LBFGS:  379 11:17:30   -55548.027716        0.137938
LBFGS:  380 11:17:30   -55548.031449        0.141036
LBFGS:  381 11:17:30   -55548.034694        0.142987
LBFGS:  382 11:17:30   -55548.038453        0.144743
LBFGS:  383 11:17:30   -55548.042034        0.146803
LBFGS:  384 11:17:31   -55548.045845        0.147618
LBFGS:  385 11:17:31   -55548.049705        0.149008
LBFGS:  386 11:17:31   -55548.053653        0.149332
LBFGS:  387 11:17:31   -55548.057710        0.149569
LBFGS:  388 11:17:31   -55548.061818        0.149473
LBFGS:  389 11:17:31   -55548.066003        0.148438
LBFGS:  390 11:17:31   -55548.070275        0.147926
LBFGS:  391 11:17:31   -55548.074476        0.145531
LBFGS:  392 11:17:31   -55548.078916        0.144300
LBFGS:  393 11:17:31   -55548.083095        0.141021
LBFGS:  394 11:17:31   -55548.087653        0.138436
LBFGS:  395 11:17:31   -55548.091811        0.134413
LBFGS:  396 11:17:31   -55548.096486        0.130382
LBFGS:  397 11:17:31   -55548.100538        0.125571
LBFGS:  398 11:17:31   -55548.105303        0.120089
LBFGS:  399 11:17:31   -55548.109256        0.114573
LBFGS:  400 11:17:31   -55548.113897        0.111816
LBFGS:  401 11:17:31   -55548.117878        0.112492
LBFGS:  402 11:17:31   -55548.122331        0.112708
LBFGS:  403 11:17:31   -55548.126344        0.112460
LBFGS:  404 11:17:31   -55548.130695        0.111556
LBFGS:  405 11:17:31   -55548.134722        0.109950
LBFGS:  406 11:17:31   -55548.139029        0.107917
LBFGS:  407 11:17:31   -55548.143088        0.104881
LBFGS:  408 11:17:32   -55548.147404        0.101594
LBFGS:  409 11:17:32   -55548.151529        0.101393
LBFGS:  410 11:17:32   -55548.155906        0.107276
LBFGS:  411 11:17:32   -55548.160127        0.112268
LBFGS:  412 11:17:32   -55548.164622        0.116603
LBFGS:  413 11:17:32   -55548.168974        0.119983
LBFGS:  414 11:17:32   -55548.173647        0.122939
LBFGS:  415 11:17:32   -55548.178145        0.124336
LBFGS:  416 11:17:32   -55548.183049        0.125917
LBFGS:  417 11:17:32   -55548.187695        0.125319
LBFGS:  418 11:17:32   -55548.192869        0.128117
LBFGS:  419 11:17:32   -55548.197663        0.132497
LBFGS:  420 11:17:32   -55548.203161        0.136313
LBFGS:  421 11:17:32   -55548.208083        0.139954
LBFGS:  422 11:17:32   -55548.213889        0.142616
LBFGS:  423 11:17:32   -55548.218977        0.145302
LBFGS:  424 11:17:32   -55548.224909        0.146847
LBFGS:  425 11:17:32   -55548.230313        0.148336
LBFGS:  426 11:17:32   -55548.236278        0.148849
LBFGS:  427 11:17:32   -55548.242041        0.148970
LBFGS:  428 11:17:32   -55548.248087        0.148433
LBFGS:  429 11:17:32   -55548.254178        0.147167
LBFGS:  430 11:17:32   -55548.260345        0.145537
LBFGS:  431 11:17:32   -55548.266721        0.142867
LBFGS:  432 11:17:32   -55548.273037        0.140149
LBFGS:  433 11:17:33   -55548.279644        0.138841
LBFGS:  434 11:17:33   -55548.286151        0.137541
LBFGS:  435 11:17:33   -55548.292903        0.135369
LBFGS:  436 11:17:33   -55548.299651        0.132678
LBFGS:  437 11:17:33   -55548.306470        0.129108
LBFGS:  438 11:17:33   -55548.313500        0.124875
LBFGS:  439 11:17:33   -55548.320291        0.122182
LBFGS:  440 11:17:33   -55548.327637        0.128111
LBFGS:  441 11:17:33   -55548.334324        0.131150
LBFGS:  442 11:17:33   -55548.341924        0.135756
LBFGS:  443 11:17:33   -55548.348578        0.138221
LBFGS:  444 11:17:33   -55548.356246        0.141236
LBFGS:  445 11:17:33   -55548.362983        0.142736
LBFGS:  446 11:17:33   -55548.370651        0.144176
LBFGS:  447 11:17:33   -55548.377514        0.144228
LBFGS:  448 11:17:33   -55548.385257        0.143924
LBFGS:  449 11:17:33   -55548.392295        0.142200
LBFGS:  450 11:17:33   -55548.400214        0.139630
LBFGS:  451 11:17:33   -55548.407541        0.135817
LBFGS:  452 11:17:33   -55548.415914        0.130249
LBFGS:  453 11:17:33   -55548.423726        0.129141
LBFGS:  454 11:17:33   -55548.433191        0.132598
LBFGS:  455 11:17:33   -55548.441695        0.132486
LBFGS:  456 11:17:34   -55548.453637        0.136338
LBFGS:  457 11:17:34   -55548.463076        0.136559
LBFGS:  458 11:17:34   -55548.480444        0.169077
LBFGS:  459 11:17:34   -55548.490848        0.166201
LBFGS:  460 11:17:34   -55548.506961        0.152695
LBFGS:  461 11:17:34   -55548.520494        0.160705
LBFGS:  462 11:17:34   -55548.528735        0.185197
LBFGS:  463 11:17:34   -55548.535749        0.180864
LBFGS:  464 11:17:34   -55548.542402        0.162241
LBFGS:  465 11:17:34   -55548.547377        0.147623
LBFGS:  466 11:17:34   -55548.553152        0.135681
LBFGS:  467 11:17:34   -55548.559107        0.135031
LBFGS:  468 11:17:34   -55548.565280        0.140627
LBFGS:  469 11:17:34   -55548.571134        0.117176
LBFGS:  470 11:17:34   -55548.575921        0.104675
LBFGS:  471 11:17:34   -55548.580139        0.122714
LBFGS:  472 11:17:34   -55548.583587        0.115773
LBFGS:  473 11:17:34   -55548.587968        0.122364
LBFGS:  474 11:17:34   -55548.595108        0.138805
LBFGS:  475 11:17:34   -55548.600478        0.143587
LBFGS:  476 11:17:34   -55548.606778        0.136064
LBFGS:  477 11:17:34   -55548.611913        0.119215
LBFGS:  478 11:17:35   -55548.618128        0.165263
LBFGS:  479 11:17:35   -55548.623604        0.142763
LBFGS:  480 11:17:35   -55548.628195        0.228711
LBFGS:  481 11:17:35   -55548.632666        0.152247
LBFGS:  482 11:17:35   -55548.637604        0.145787
LBFGS:  483 11:17:35   -55548.642779        0.116030
LBFGS:  484 11:17:35   -55548.646953        0.097954
LBFGS:  485 11:17:35   -55548.651321        0.131256
LBFGS:  486 11:17:35   -55548.655801        0.136400
LBFGS:  487 11:17:35   -55548.659976        0.153294
LBFGS:  488 11:17:35   -55548.664302        0.108141
LBFGS:  489 11:17:35   -55548.667938        0.090440
LBFGS:  490 11:17:35   -55548.670786        0.164246
LBFGS:  491 11:17:35   -55548.673285        0.101503
LBFGS:  492 11:17:35   -55548.676109        0.107718
LBFGS:  493 11:17:35   -55548.678819        0.086281
LBFGS:  494 11:17:35   -55548.681116        0.079358
LBFGS:  495 11:17:35   -55548.683127        0.065448
LBFGS:  496 11:17:35   -55548.684953        0.084924
LBFGS:  497 11:17:35   -55548.686695        0.078102
LBFGS:  498 11:17:35   -55548.688335        0.070119
LBFGS:  499 11:17:35   -55548.689826        0.053283
LBFGS:  500 11:17:36   -55548.691293        0.074999
LBFGS:  501 11:17:36   -55548.693003        0.071942
LBFGS:  502 11:17:36   -55548.694966        0.075207
LBFGS:  503 11:17:36   -55548.697205        0.084044
LBFGS:  504 11:17:36   -55548.699711        0.084889
LBFGS:  505 11:17:36   -55548.702216        0.093663
LBFGS:  506 11:17:36   -55548.704569        0.080466
LBFGS:  507 11:17:36   -55548.706620        0.071075
LBFGS:  508 11:17:36   -55548.708352        0.064089
LBFGS:  509 11:17:36   -55548.709957        0.072773
LBFGS:  510 11:17:36   -55548.711683        0.071748
LBFGS:  511 11:17:36   -55548.713655        0.067057
LBFGS:  512 11:17:36   -55548.715436        0.071909
LBFGS:  513 11:17:36   -55548.716788        0.075467
LBFGS:  514 11:17:36   -55548.717931        0.074404
LBFGS:  515 11:17:36   -55548.719094        0.069176
LBFGS:  516 11:17:36   -55548.720399        0.067406
LBFGS:  517 11:17:36   -55548.721804        0.062862
LBFGS:  518 11:17:36   -55548.723094        0.072487
LBFGS:  519 11:17:36   -55548.724137        0.069950
LBFGS:  520 11:17:36   -55548.724992        0.060351
LBFGS:  521 11:17:37   -55548.725716        0.042915
LBFGS:  522 11:17:37   -55548.726318        0.051152
LBFGS:  523 11:17:37   -55548.726841        0.038942
LBFGS:  524 11:17:37   -55548.727397        0.043492
LBFGS:  525 11:17:37   -55548.728011        0.045580
LBFGS:  526 11:17:37   -55548.728618        0.043939
LBFGS:  527 11:17:37   -55548.729123        0.045205
LBFGS:  528 11:17:37   -55548.729538        0.037955
LBFGS:  529 11:17:37   -55548.729956        0.034321
LBFGS:  530 11:17:37   -55548.730425        0.037828
LBFGS:  531 11:17:37   -55548.730886        0.040172
LBFGS:  532 11:17:37   -55548.731272        0.026577
LBFGS:  533 11:17:37   -55548.731594        0.027865
LBFGS:  534 11:17:37   -55548.731893        0.033719
LBFGS:  535 11:17:37   -55548.732205        0.040130
LBFGS:  536 11:17:37   -55548.732547        0.032782
LBFGS:  537 11:17:37   -55548.732874        0.029573
LBFGS:  538 11:17:37   -55548.733116        0.024831
LBFGS:  539 11:17:37   -55548.733313        0.027881
LBFGS:  540 11:17:37   -55548.733493        0.027080
LBFGS:  541 11:17:37   -55548.733699        0.023472
LBFGS:  542 11:17:37   -55548.733931        0.026184
LBFGS:  543 11:17:38   -55548.734160        0.027847
LBFGS:  544 11:17:38   -55548.734331        0.020340
LBFGS:  545 11:17:38   -55548.734461        0.024586
LBFGS:  546 11:17:38   -55548.734584        0.015794
LBFGS:  547 11:17:38   -55548.734723        0.021214
LBFGS:  548 11:17:38   -55548.734860        0.019751
LBFGS:  549 11:17:38   -55548.734997        0.019972
LBFGS:  550 11:17:38   -55548.735126        0.017308
LBFGS:  551 11:17:38   -55548.735246        0.015604
LBFGS:  552 11:17:38   -55548.735375        0.015801
LBFGS:  553 11:17:38   -55548.735521        0.014817
LBFGS:  554 11:17:38   -55548.735661        0.022423
LBFGS:  555 11:17:38   -55548.735787        0.020451
LBFGS:  556 11:17:38   -55548.735925        0.017485
LBFGS:  557 11:17:38   -55548.736108        0.018394
LBFGS:  558 11:17:38   -55548.736326        0.021758
LBFGS:  559 11:17:38   -55548.736532        0.022189
LBFGS:  560 11:17:38   -55548.736717        0.022691
LBFGS:  561 11:17:38   -55548.736916        0.031079
LBFGS:  562 11:17:38   -55548.737151        0.027646
LBFGS:  563 11:17:38   -55548.737379        0.025278
LBFGS:  564 11:17:38   -55548.737553        0.026492
LBFGS:  565 11:17:39   -55548.737686        0.020381
LBFGS:  566 11:17:39   -55548.737822        0.017247
LBFGS:  567 11:17:39   -55548.737986        0.020550
LBFGS:  568 11:17:39   -55548.738151        0.021654
LBFGS:  569 11:17:39   -55548.738304        0.020885
LBFGS:  570 11:17:39   -55548.738445        0.016181
LBFGS:  571 11:17:39   -55548.738579        0.019622
LBFGS:  572 11:17:39   -55548.738701        0.015804
LBFGS:  573 11:17:39   -55548.738803        0.015267
LBFGS:  574 11:17:39   -55548.738899        0.013864
LBFGS:  575 11:17:39   -55548.738979        0.016881
LBFGS:  576 11:17:39   -55548.739046        0.014652
LBFGS:  577 11:17:39   -55548.739115        0.014069
LBFGS:  578 11:17:39   -55548.739211        0.014434
LBFGS:  579 11:17:39   -55548.739297        0.019223
LBFGS:  580 11:17:39   -55548.739384        0.016912
LBFGS:  581 11:17:39   -55548.739458        0.015314
LBFGS:  582 11:17:39   -55548.739522        0.012314
LBFGS:  583 11:17:39   -55548.739587        0.016005
LBFGS:  584 11:17:39   -55548.739667        0.015434
LBFGS:  585 11:17:39   -55548.739764        0.014212
LBFGS:  586 11:17:39   -55548.739860        0.015108
LBFGS:  587 11:17:40   -55548.739975        0.018866
LBFGS:  588 11:17:40   -55548.740092        0.021216
LBFGS:  589 11:17:40   -55548.740203        0.021918
LBFGS:  590 11:17:40   -55548.740316        0.024442
LBFGS:  591 11:17:40   -55548.740443        0.022176
LBFGS:  592 11:17:40   -55548.740580        0.021395
LBFGS:  593 11:17:40   -55548.740688        0.016499
LBFGS:  594 11:17:40   -55548.740777        0.015309
LBFGS:  595 11:17:40   -55548.740861        0.017404
LBFGS:  596 11:17:40   -55548.740946        0.018631
LBFGS:  597 11:17:40   -55548.741035        0.015951
LBFGS:  598 11:17:40   -55548.741137        0.015595
LBFGS:  599 11:17:40   -55548.741248        0.015862
LBFGS:  600 11:17:40   -55548.741357        0.016277
LBFGS:  601 11:17:40   -55548.741459        0.014357
LBFGS:  602 11:17:40   -55548.741550        0.012211
LBFGS:  603 11:17:40   -55548.741637        0.015353
LBFGS:  604 11:17:40   -55548.741739        0.019025
LBFGS:  605 11:17:40   -55548.741869        0.020472
LBFGS:  606 11:17:40   -55548.742015        0.015925
LBFGS:  607 11:17:40   -55548.742123        0.014553
LBFGS:  608 11:17:40   -55548.742225        0.015832
LBFGS:  609 11:17:41   -55548.742335        0.017813
LBFGS:  610 11:17:41   -55548.742464        0.019965
LBFGS:  611 11:17:41   -55548.742614        0.021556
LBFGS:  612 11:17:41   -55548.742784        0.019651
LBFGS:  613 11:17:41   -55548.742965        0.019565
LBFGS:  614 11:17:41   -55548.743129        0.018785
LBFGS:  615 11:17:41   -55548.743269        0.021104
LBFGS:  616 11:17:41   -55548.743399        0.020910
LBFGS:  617 11:17:41   -55548.743537        0.017717
LBFGS:  618 11:17:41   -55548.743686        0.016597
LBFGS:  619 11:17:41   -55548.743827        0.019575
LBFGS:  620 11:17:41   -55548.743947        0.019466
LBFGS:  621 11:17:41   -55548.744049        0.014772
LBFGS:  622 11:17:41   -55548.744142        0.015603
LBFGS:  623 11:17:41   -55548.744236        0.014758
LBFGS:  624 11:17:41   -55548.744349        0.021554
LBFGS:  625 11:17:41   -55548.744487        0.021467
LBFGS:  626 11:17:41   -55548.744617        0.022421
LBFGS:  627 11:17:41   -55548.744737        0.019729
LBFGS:  628 11:17:41   -55548.744855        0.017923
LBFGS:  629 11:17:41   -55548.744985        0.019643
LBFGS:  630 11:17:41   -55548.745122        0.018335
LBFGS:  631 11:17:41   -55548.745257        0.021405
LBFGS:  632 11:17:42   -55548.745403        0.020097
LBFGS:  633 11:17:42   -55548.745553        0.020583
LBFGS:  634 11:17:42   -55548.745697        0.018652
LBFGS:  635 11:17:42   -55548.745848        0.022504
LBFGS:  636 11:17:42   -55548.746019        0.022576
LBFGS:  637 11:17:42   -55548.746237        0.025365
LBFGS:  638 11:17:42   -55548.746503        0.027571
LBFGS:  639 11:17:42   -55548.746751        0.023597
LBFGS:  640 11:17:42   -55548.746950        0.021335
LBFGS:  641 11:17:42   -55548.747123        0.027163
LBFGS:  642 11:17:42   -55548.747305        0.027733
LBFGS:  643 11:17:42   -55548.747501        0.022830
LBFGS:  644 11:17:42   -55548.747687        0.022778
LBFGS:  645 11:17:42   -55548.747858        0.037482
LBFGS:  646 11:17:42   -55548.748070        0.031187
LBFGS:  647 11:17:42   -55548.748336        0.022356
LBFGS:  648 11:17:42   -55548.748581        0.029099
LBFGS:  649 11:17:42   -55548.748791        0.038514
LBFGS:  650 11:17:42   -55548.748996        0.025012
LBFGS:  651 11:17:42   -55548.749205        0.019068
LBFGS:  652 11:17:42   -55548.749382        0.027411
LBFGS:  653 11:17:42   -55548.749528        0.029425
LBFGS:  654 11:17:43   -55548.749694        0.021014
LBFGS:  655 11:17:43   -55548.749847        0.017946
LBFGS:  656 11:17:43   -55548.749981        0.026071
LBFGS:  657 11:17:43   -55548.750130        0.030727
LBFGS:  658 11:17:43   -55548.750327        0.045508
LBFGS:  659 11:17:43   -55548.750564        0.024702
LBFGS:  660 11:17:43   -55548.750770        0.023925
LBFGS:  661 11:17:43   -55548.750925        0.020929
LBFGS:  662 11:17:43   -55548.751078        0.031049
LBFGS:  663 11:17:43   -55548.751280        0.035014
LBFGS:  664 11:17:43   -55548.751509        0.025101
LBFGS:  665 11:17:43   -55548.751713        0.028220
LBFGS:  666 11:17:43   -55548.751895        0.025435
LBFGS:  667 11:17:43   -55548.752094        0.028567
LBFGS:  668 11:17:43   -55548.752338        0.029020
LBFGS:  669 11:17:43   -55548.752615        0.026675
LBFGS:  670 11:17:43   -55548.752880        0.026121
LBFGS:  671 11:17:43   -55548.753117        0.024026
LBFGS:  672 11:17:43   -55548.753344        0.020866
LBFGS:  673 11:17:43   -55548.753569        0.021875
LBFGS:  674 11:17:43   -55548.753797        0.022114
LBFGS:  675 11:17:43   -55548.754032        0.022761
LBFGS:  676 11:17:44   -55548.754268        0.022627
LBFGS:  677 11:17:44   -55548.754500        0.022144
LBFGS:  678 11:17:44   -55548.754707        0.022751
LBFGS:  679 11:17:44   -55548.754932        0.023823
LBFGS:  680 11:17:44   -55548.755148        0.027875
LBFGS:  681 11:17:44   -55548.755326        0.023156
LBFGS:  682 11:17:44   -55548.755476        0.019546
LBFGS:  683 11:17:44   -55548.755634        0.017757
LBFGS:  684 11:17:44   -55548.755785        0.020870
LBFGS:  685 11:17:44   -55548.755935        0.022542
LBFGS:  686 11:17:44   -55548.756045        0.019668
LBFGS:  687 11:17:44   -55548.756131        0.015821
LBFGS:  688 11:17:44   -55548.756216        0.014395
LBFGS:  689 11:17:44   -55548.756306        0.016890
LBFGS:  690 11:17:44   -55548.756391        0.016227
LBFGS:  691 11:17:44   -55548.756476        0.013537
LBFGS:  692 11:17:44   -55548.756564        0.013969
LBFGS:  693 11:17:44   -55548.756646        0.013832
LBFGS:  694 11:17:44   -55548.756723        0.012921
LBFGS:  695 11:17:44   -55548.756792        0.015154
LBFGS:  696 11:17:44   -55548.756851        0.013505
LBFGS:  697 11:17:44   -55548.756912        0.012107
LBFGS:  698 11:17:45   -55548.756981        0.014017
LBFGS:  699 11:17:45   -55548.757063        0.016438
LBFGS:  700 11:17:45   -55548.757139        0.015231
LBFGS:  701 11:17:45   -55548.757203        0.009991
Saved optimized energies: PBI-COF/4_PBI-COF_optimization/PBI-COF_opt_energies_per_layer.csv
Inclined:
 ILD (Å)  ILS (Å)  Erel (eV)
    3.4      1.4        0.5
    2.0     12.7        0.0
